:0200000480007A
:20000000CC310080C6360080DC2100806C240080600000600000000000000000000000009A
:20002400602A00800000000000001180684011802C00008000000000B0000060000000002C
:2000440054240080000000006C000080000000003427008000000000A8260080000000008F
:200064007C24008000000000401000704014007000000070FC030070100400700C080070F1
:20008400200800701C0C0070300C00702C100070401000703C140070501400704C180070AC
:2000A400601800705C1C0070701C00706C200070802000707C240070902400708C2800700C
:2000C400680004F805ECF00000A003F001000100306003F0186003F0B46203F00200FCFF4E
:2000E4009C6203F0506003F0CFFFCFFF30003000688024F0986103F05C6003F0306103F051
:200104000C6203F000FD19F0000310F055555500646003F0040310F02C0310F0340310F04E
:200124003C0310F0080010F0B00010F0000110F000201EF0008010F000801EF0586003F0DC
:2001440060FD19F040FD19F0005002F0336003F01B6003F01C6003F0146003F02C6003F064
:20016400E86003F0286003F0246003F0003A0040106003F0116003F0206003F0804F1200B9
:200184007C5002F0805002F0806003F0B48024F0846003F0346003F0376003F08F0F0F0F1C
:2001A400406003F0436003F00F0F00074F6003F04C6003F03C6003F0C88024F000FF00FFC3
:1701C400FF00FF00788024F0008003F0AAAAAAAA00202000000000BF
:2001DC00000000000000000000000000000000000000000000000000000000000000000003
:2001FC000000000000000000000000000000000000000000000000000000000000000000E3
:20021C000000000000000000000000000000000000000000000000000000000000000000C2
:20023C000000000000000000000000000000000000000000000000000000000000000000A2
:20025C00000000000000000000000000000000000000000000000000000000000000000082
:20027C00000000000000000000000000000000000000000000000000000000000000000062
:20029C00000000000000000000000000000000000000000000000000000000000000000042
:2002BC00000000000000000000000000000000000000000000000000000000000000000022
:2002DC00000000000000000000000000000000000000000000000000000000000000000002
:2002FC000000000000000000000000000000000000000000000000000000000000000000E2
:20031C000000000000000000000000000000000000000000000000000000000000000000C1
:20033C000000000000000000000000000000000000000000000000000000000000000000A1
:20035C00000000000000000000000000000000000000000000000000000000000000000081
:20037C00000000000000000000000000000000000000000000000000000000000000000061
:20039C00000000000000000000000000000000000000000000000000000000000000000041
:2003BC00000000000000000000000000000000000000000000000000000000000000000021
:2003DC00000000000000000000000000000000000000000000000000000000000000000001
:2003FC000000000000000000000000000000000000000000000000000000000000000000E1
:20041C000000000000000000000000000000000000000000000000000000000000000000C0
:20043C000000000000000000000000000000000000000000000000000000000000000000A0
:20045C00000000000000000000000000000000000000000000000000000000000000000080
:20047C00000000000000000000000000000000000000000000000000000000000000000060
:20049C00000000000000000000000000000000000000000000000000000000000000000040
:2004BC00000000000000000000000000000000000000000000000000000000000000000020
:2004DC00000000000000000000000000000000000000000000000000000000000000000000
:2004FC000000000000000000000000000000000000000000000000000000000000000000E0
:20051C000000000000000000000000000000000000000000000000000000000000000000BF
:20053C0000000000000000000000000000000000000000000000000000000000000000009F
:20055C0000000000000000000000000000000000000000000000000000000000000000007F
:20057C0000000000000000000000000000000000000000000000000000000000000000005F
:20059C0000000000000000000000000000000000000000000000000000000000000000003F
:2005BC0000000000000000000000000000000000000000000000000000000000000000001F
:2005DC000000000000000000000000000000000000000000000000000000000000000000FF
:2005FC000000000000000000000000000000000000000000000000000000000000000000DF
:20061C000000000000000000000000000000000000000000000000000000000000000000BE
:20063C0000000000000000000000000000000000000000000000000000000000000000009E
:20065C0000000000000000000000000000000000000000000000000000000000000000007E
:20067C0000000000000000000000000000000000000000000000000000000000000000005E
:20069C0000000000000000000000000000000000000000000000000000000000000000003E
:2006BC0000000000000000000000000000000000000000000000000000000000000000001E
:2006DC000000000000000000000000000000000000000000000000000000000000000000FE
:2006FC000000000000000000000000000000000000000000000000000000000000000000DE
:20071C000000000000000000000000000000000000000000000000000000000000000000BD
:20073C0000000000000000000000000000000000000000000000000000000000000000009D
:20075C0000000000000000000000000000000000000000000000000000000000000000007D
:20077C0000000000000000000000000000000000000000000000000000000000000000005D
:20079C0000000000000000000000000000000000000000000000000000000000000000003D
:2007BC0000000000000000000000000000000000000000000000000000000000000000001D
:2007DC000000000000000000000000000000000000000000000000000000000000000000FD
:2007FC000000000000000000000000000000000000000000000000000000000000000000DD
:20081C000000000000000000000000000000000000000000000000000000000000000000BC
:20083C0000000000000000000000000000000000000000000000000000000000000000009C
:20085C0000000000000000000000000000000000000000000000000000000000000000007C
:20087C0000000000000000000000000000000000000000000000000000000000000000005C
:20089C0000000000000000000000000000000000000000000000000000000000000000003C
:2008BC0000000000000000000000000000000000000000000000000000000000000000001C
:2008DC000000000000000000000000000000000000000000000000000000000000000000FC
:2008FC000000000000000000000000000000000000000000000000000000000000000000DC
:20091C000000000000000000000000000000000000000000000000000000000000000000BB
:20093C0000000000000000000000000000000000000000000000000000000000000000009B
:20095C0000000000000000000000000000000000000000000000000000000000000000007B
:20097C0000000000000000000000000000000000000000000000000000000000000000005B
:20099C0000000000000000000000000000000000000000000000000000000000000000003B
:2009BC0000000000000000000000000000000000000000000000000000000000000000001B
:2009DC000000000000000000000000000000000000000000000000000000000000000000FB
:2009FC000000000000000000000000000000000000000000000000000000000000000000DB
:200A1C000000000000000000000000000000000000000000000000000000000000000000BA
:200A3C0000000000000000000000000000000000000000000000000000000000000000009A
:200A5C0000000000000000000000000000000000000000000000000000000000000000007A
:200A7C0000000000000000000000000000000000000000000000000000000000000000005A
:200A9C0000000000000000000000000000000000000000000000000000000000000000003A
:200ABC0000000000000000000000000000000000000000000000000000000000000000001A
:200ADC000000000000000000000000000000000000000000000000000000000000000000FA
:200AFC000000000000000000000000000000000000000000000000000000000000000000DA
:200B1C000000000000000000000000000000000000000000000000000000000000000000B9
:200B3C00000000000000000000000000000000000000000000000000000000000000000099
:200B5C00000000000000000000000000000000000000000000000000000000000000000079
:200B7C00000000000000000000000000000000000000000000000000000000000000000059
:200B9C00000000000000000000000000000000000000000000000000000000000000000039
:200BBC00000000000000000000000000000000000000000000000000000000000000000019
:200BDC000000000000000000000000000000000000000000000000000000000000000000F9
:200BFC000000000000000000000000000000000000000000000000000000000000000000D9
:200C1C000000000000000000000000000000000000000000000000000000000000000000B8
:200C3C00000000000000000000000000000000000000000000000000000000000000000098
:200C5C00000000000000000000000000000000000000000000000000000000000000000078
:200C7C00000000000000000000000000000000000000000000000000000000000000000058
:200C9C00000000000000000000000000000000000000000000000000000000000000000038
:200CBC00000000000000000000000000000000000000000000000000000000000000000018
:200CDC000000000000000000000000000000000000000000000000000000000000000000F8
:200CFC000000000000000000000000000000000000000000000000000000000000000000D8
:200D1C000000000000000000000000000000000000000000000000000000000000000000B7
:200D3C00000000000000000000000000000000000000000000000000000000000000000097
:200D5C00000000000000000000000000000000000000000000000000000000000000000077
:200D7C00000000000000000000000000000000000000000000000000000000000000000057
:200D9C00000000000000000000000000000000000000000000000000000000000000000037
:200DBC00000000000000000000000000000000000000000000000000000000000000000017
:200DDC000000000000000000000000000000000000000000000000000000000000000000F7
:200DFC000000000000000000000000000000000000000000000000000000000000000000D7
:200E1C000000000000000000000000000000000000000000000000000000000000000000B6
:200E3C00000000000000000000000000000000000000000000000000000000000000000096
:200E5C00000000000000000000000000000000000000000000000000000000000000000076
:200E7C00000000000000000000000000000000000000000000000000000000000000000056
:200E9C00000000000000000000000000000000000000000000000000000000000000000036
:200EBC00000000000000000000000000000000000000000000000000000000000000000016
:200EDC000000000000000000000000000000000000000000000000000000000000000000F6
:200EFC000000000000000000000000000000000000000000000000000000000000000000D6
:200F1C000000000000000000000000000000000000000000000000000000000000000000B5
:200F3C00000000000000000000000000000000000000000000000000000000000000000095
:200F5C00000000000000000000000000000000000000000000000000000000000000000075
:200F7C00000000000000000000000000000000000000000000000000000000000000000055
:200F9C00000000000000000000000000000000000000000000000000000000000000000035
:200FBC00000000000000000000000000000000000000000000000000000000000000000015
:200FDC000000000000000000000000000000000000000000000000000000000000000000F5
:200FFC000000000000000000000000000000000000000000000000000000000000000000D5
:20101C000000000000000000000000000000000000000000000000000000000000000000B4
:20103C00000000000000000000000000000000000000000000000000000000000000000094
:20105C00000000000000000000000000000000000000000000000000000000000000000074
:20107C00000000000000000000000000000000000000000000000000000000000000000054
:20109C00000000000000000000000000000000000000000000000000000000000000000034
:2010BC00000000000000000000000000000000000000000000000000000000000000000014
:2010DC000000000000000000000000000000000000000000000000000000000000000000F4
:2010FC000000000000000000000000000000000000000000000000000000000000000000D4
:20111C000000000000000000000000000000000000000000000000000000000000000000B3
:20113C00000000000000000000000000000000000000000000000000000000000000000093
:20115C00000000000000000000000000000000000000000000000000000000000000000073
:20117C00000000000000000000000000000000000000000000000000000000000000000053
:20119C00000000000000000000000000000000000000000000000000000000000000000033
:2011BC00000000000000000000000000000000000000000000000000000000000000000013
:2011DC000000000000000000000000000000000000000000000000000000000000000000F3
:2011FC000000000000000000000000000000000000000000000000000000000000000000D3
:20121C000000000000000000000000000000000000000000000000000000000000000000B2
:20123C00000000000000000000000000000000000000000000000000000000000000000092
:20125C00000000000000000000000000000000000000000000000000000000000000000072
:20127C00000000000000000000000000000000000000000000000000000000000000000052
:20129C00000000000000000000000000000000000000000000000000000000000000000032
:2012BC00000000000000000000000000000000000000000000000000000000000000000012
:2012DC000000000000000000000000000000000000000000000000000000000000000000F2
:2012FC000000000000000000000000000000000000000000000000000000000000000000D2
:20131C000000000000000000000000000000000000000000000000000000000000000000B1
:20133C00000000000000000000000000000000000000000000000000000000000000000091
:20135C00000000000000000000000000000000000000000000000000000000000000000071
:20137C00000000000000000000000000000000000000000000000000000000000000000051
:20139C00000000000000000000000000000000000000000000000000000000000000000031
:2013BC00000000000000000000000000000000000000000000000000000000000000000011
:2013DC000000000000000000000000000000000000000000000000000000000000000000F1
:2013FC000000000000000000000000000000000000000000000000000000000000000000D1
:20141C000000000000000000000000000000000000000000000000000000000000000000B0
:20143C00000000000000000000000000000000000000000000000000000000000000000090
:20145C00000000000000000000000000000000000000000000000000000000000000000070
:20147C00000000000000000000000000000000000000000000000000000000000000000050
:20149C00000000000000000000000000000000000000000000000000000000000000000030
:2014BC00000000000000000000000000000000000000000000000000000000000000000010
:2014DC000000000000000000000000000000000000000000000000000000000000000000F0
:2014FC000000000000000000000000000000000000000000000000000000000000000000D0
:20151C000000000000000000000000000000000000000000000000000000000000000000AF
:20153C0000000000000000000000000000000000000000000000000000000000000000008F
:20155C0000000000000000000000000000000000000000000000000000000000000000006F
:20157C0000000000000000000000000000000000000000000000000000000000000000004F
:20159C0000000000000000000000000000000000000000000000000000000000000000002F
:2015BC0000000000000000000000000000000000000000000000000000000000000000000F
:2015DC000000000000000000000000000000000000000000000000000000000000000000EF
:2015FC000000000000000000000000000000000000000000000000000000000000000000CF
:20161C000000000000000000000000000000000000000000000000000000000000000000AE
:20163C0000000000000000000000000000000000000000000000000000000000000000008E
:20165C0000000000000000000000000000000000000000000000000000000000000000006E
:20167C0000000000000000000000000000000000000000000000000000000000000000004E
:20169C0000000000000000000000000000000000000000000000000000000000000000002E
:2016BC0000000000000000000000000000000000000000000000000000000000000000000E
:2016DC000000000000000000000000000000000000000000000000000000000000000000EE
:2016FC000000000000000000000000000000000000000000000000000000000000000000CE
:20171C000000000000000000000000000000000000000000000000000000000000000000AD
:20173C0000000000000000000000000000000000000000000000000000000000000000008D
:20175C0000000000000000000000000000000000000000000000000000000000000000006D
:20177C0000000000000000000000000000000000000000000000000000000000000000004D
:20179C0000000000000000000000000000000000000000000000000000000000000000002D
:2017BC0000000000000000000000000000000000000000000000000000000000000000000D
:2017DC000000000000000000000000000000000000000000000000000000000000000000ED
:2017FC000000000000000000000000000000000000000000000000000000000000000000CD
:20181C000000000000000000000000000000000000000000000000000000000000000000AC
:20183C0000000000000000000000000000000000000000000000000000000000000000008C
:20185C0000000000000000000000000000000000000000000000000000000000000000006C
:20187C0000000000000000000000000000000000000000000000000000000000000000004C
:20189C0000000000000000000000000000000000000000000000000000000000000000002C
:2018BC0000000000000000000000000000000000000000000000000000000000000000000C
:2018DC000000000000000000000000000000000000000000000000000000000000000000EC
:2018FC000000000000000000000000000000000000000000000000000000000000000000CC
:20191C000000000000000000000000000000000000000000000000000000000000000000AB
:20193C0000000000000000000000000000000000000000000000000000000000000000008B
:20195C0000000000000000000000000000000000000000000000000000000000000000006B
:20197C0000000000000000000000000000000000000000000000000000000000000000004B
:20199C0000000000000000000000000000000000000000000000000000000000000000002B
:2019BC0000000000000000000000000000000000000000000000000000000000000000000B
:2019DC000000000000000000000000000000000000000000000000000000000000000000EB
:2019FC000000000000000000000000000000000000000000000000000000000000000000CB
:201A1C000000000000000000000000000000000000000000000000000000000000000000AA
:201A3C0000000000000000000000000000000000000000000000000000000000000000008A
:201A5C0000000000000000000000000000000000000000000000000000000000000000006A
:201A7C0000000000000000000000000000000000000000000000000000000000000000004A
:201A9C0000000000000000000000000000000000000000000000000000000000000000002A
:201ABC0000000000000000000000000000000000000000000000000000000000000000000A
:201ADC000000000000000000000000000000000000000000000000000000000000000000EA
:201AFC000000000000000000000000000000000000000000000000000000000000000000CA
:201B1C000000000000000000000000000000000000000000000000000000000000000000A9
:201B3C00000000000000000000000000000000000000000000000000000000000000000089
:201B5C00000000000000000000000000000000000000000000000000000000000000000069
:201B7C00000000000000000000000000000000000000000000000000000000000000000049
:201B9C00000000000000000000000000000000000000000000000000000000000000000029
:201BBC00000000000000000000000000000000000000000000000000000000000000000009
:201BDC000000000000000000000000000000000000000000000000000000000000000000E9
:201BFC000000000000000000000000000000000000000000000000000000000000000000C9
:201C1C000000000000000000000000000000000000000000000000000000000000000000A8
:201C3C00000000000000000000000000000000000000000000000000000000000000000088
:201C5C00000000000000000000000000000000000000000000000000000000000000000068
:201C7C00000000000000000000000000000000000000000000000000000000000000000048
:201C9C00000000000000000000000000000000000000000000000000000000000000000028
:201CBC00000000000000000000000000000000000000000000000000000000000000000008
:201CDC000000000000000000000000000000000000000000000000000000000000000000E8
:201CFC000000000000000000000000000000000000000000000000000000000000000000C8
:201D1C000000000000000000000000000000000000000000000000000000000000000000A7
:201D3C00000000000000000000000000000000000000000000000000000000000000000087
:201D5C00000000000000000000000000000000000000000000000000000000000000000067
:201D7C00000000000000000000000000000000000000000000000000000000000000000047
:201D9C00000000000000000000000000000000000000000000000000000000000000000027
:201DBC00000000000000000000000000000000000000000000000000000000000000000007
:201DDC000000000000000000000000000000000000000000000000000000000000000000E7
:201DFC000000000000000000000000000000000000000000000000000000000000000000C7
:201E1C000000000000000000000000000000000000000000000000000000000000000000A6
:201E3C00000000000000000000000000000000000000000000000000000000000000000086
:201E5C00000000000000000000000000000000000000000000000000000000000000000066
:201E7C00000000000000000000000000000000000000000000000000000000000000000046
:201E9C00000000000000000000000000000000000000000000000000000000000000000026
:201EBC00000000000000000000000000000000000000000000000000000000000000000006
:201EDC000000000000000000000000000000000000000000000000000000000000000000E6
:201EFC000000000000000000000000000000000000000000000000000000000000000000C6
:201F1C000000000000000000000000000000000000000000000000000000000000000000A5
:201F3C00000000000000000000000000000000000000000000000000000000000000000085
:201F5C00000000000000000000000000000000000000000000000000000000000000000065
:201F7C00000000000000000000000000000000000000000000000000000000000000000045
:201F9C00000000000000000000000000000000000000000000000000000000000000000025
:201FBC00000000000000000000000000000000000000000000000000000000000000000005
:201FDC000000000000000000000000000000000000000000000000000000000000000000E5
:201FFC000000000000000000000000000000000000000000000000000000000000000000C5
:20201C000000000000000000000000000000000000000000000000000000000000000000A4
:20203C00000000000000000000000000000000000000000000000000000000000000000084
:20205C00000000000000000000000000000000000000000000000000000000000000000064
:20207C00000000000000000000000000000000000000000000000000000000000000000044
:20209C00000000000000000000000000000000000000000000000000000000000000000024
:2020BC00000000000000000000000000000000000000000000000000000000000000000004
:2020DC000000000000000000000000000000000000000000000000000000000000000000E4
:2020FC000000000000000000000000000000000000000000000000000000000000000000C4
:20211C000000000000000000000000000000000000000000000000000000000000000000A3
:20213C00000000000000000000000000000000000000000000000000000000000000000083
:20215C00000000000000000000000000000000000000000000000000000000000000000063
:20217C00000000000000000000000000000000000000000000000000000000000000000043
:20219C00000000000000000000000000000000000000000000000000000000000000000023
:2021BC00000000000000000000000000000000000000000000000000000000000000000003
:2021DC0000903C0000A03CFFA86203F0B06203F0AC6203F04C6203F0546203F0506203F04A
:2021FC00A42D008000000000000000003022008000000000D822008008240080000000007A
:20221C0000000000FFFFFFFF000000000100000000000000A11300001F2400000A000000A4
:20223C000A0000000A0000000A0000000A0000000A00000024240080000000002503000060
:20225C00AAAA8000010000000100000000000000000000000000000000000000000000008C
:20227C0000000000000000000000000000000000AA00000001000000010000000100000095
:20229C0001000000010000000100000000000000000000000000000000000000000000001F
:2022BC00000000000000000000000000000000000000000000000000000000005C22008004
:2022DC00A82200805555555501000000555555550100000055555555010000005555555545
:2022FC0001000000555555550100000055555555010000005555555501000000555555556E
:20231C000100000000000000000000000000000000000000000000000000000000000000A0
:20233C00000000000000000000000000000000000000000000000000000000000000000081
:20235C00000000000000000000000000000000000000000000000000000000000000000061
:20237C00000000000000000000000000000000000000000000000000000000000000000041
:20239C00000000000000000000000000000000000000000000000000000000000000000021
:2023BC00000000000000000000000000000000000000000000000000000000000000000001
:2023DC000000000000000000000000000000000000000000000000000000000000000000E1
:2023FC000000000000000000000000000100000000000000000000000000000000000000C0
:20241C00000000000000000013012317000300000100000532000000000000000000000017
:20243C001C2800806C28008000000000000000000080118000601180602400801C00008006
:20245C00000000000100000000030000000000009A0000600C0000800100000000000000D5
:20247C00080000600100000000000000602A008000000300000000000000000000000000CA
:20249C000000000000000000000000007C0000608000006001000700E8040060EC2600807E
:2024BC00060000007C270080CC270080BC2800800C2900805C290080AC29008000000000F1
:2024DC0070200070701C0070804A000000000000DC4A00802000118000002000000400702F
:2024FC0000000070804A000000000000E44A0080200011800000200050180070501400705B
:20251C00804A000000000000344B008020001180000020009028007090240070804A0000EF
:20253C00000000000C49008020001180000020008024007080200070804A000000000000EB
:20255C00144900802000118000002000601C007060180070804A0000000000000000118082
:20257C002000118000002000200C007020080070804A000000000000880611803000118090
:20259C00000060001008007010040070804A000000000000580611803000118000006000D9
:2025BC0030100070300C0070804A000000000000881111801800118000006000F80400604A
:2025DC00A8260080900F118000000000000000000000000001000000FC290080BC28008057
:2025FC00101000F0301000F0381000F00000FFFF1F000000008303F03C1000F07000000008
:20261C00010000000000000004050060A8260080A0101180000000000000000000000000A5
:20263C0001000000FC290080CC2700800100000000000000740000807C0000808400008070
:20265C008C000080940000809C000080A4000080AC000080B4000080BC0000800000000062
:20267C0010050060A8260080A010118000000000000000000000000001000000FC29008094
:20269C00CC2700800200000000000000FFFFFF7FFFFFFFFFFFFFFF7F01000000A08601008D
:2026BC00D80400609C0000600300000014000000602A0080FC290080010000001C0500607E
:2026DC00A0860100FFFFFF7FFFFFFFFFFC2500801000006028050060030000001800006026
:2026FC002000006002000000280000603000006002000000380000603405006003000000EE
:20271C00400000604800006002000000500000605800006002000000BC250080D80300604D
:20273C008C000080B8040060FC290080602A00805001006000000000000000001400008061
:20275C0000000000000000000200000000000000000000005424008000000000A826008015
:20277C00DC240080F8030060AC00008048020060FC290080602A008050010060000000002C
:20279C000000000014000080000000000000000001000000DC210080010000000200000008
:2027BC0000000100010000000000000000000000F82400801804006074000080800200600D
:2027DC00FC290080602A0080500100600000000000000000140000800000000000000000E9
:2027FC0001000000DC21008001000000040001000000010001000000000000000001000036
:20281C00842500809803006084000080C8010060FC290080602A00805001006000000000EB
:20283C000000000014000080000000000000000000100000000000000100000020000000B7
:20285C00000000000000000002000000A8281180A0250080B80300607C0000800802006033
:20287C00FC290080602A008050010060000000000000000014000080000000000000000048
:20289C000400000000000000000000000100000014000000010000000100000068401180C8
:2028BC0014250080380400609C000080B8020060FC290080602A0080500100600000000011
:2028DC000000000014000080000000000000000001000000DC2100800100000003000200C4
:2028FC00000001000100000000000000000000003025008058040060BC000080F00200609B
:20291C00FC290080602A0080500100600000000000000000140000800000000000000000A7
:20293C0001000000DC210080010000000000030000000101010000000000000000000000F6
:20295C004C25008078040060B400008028030060FC290080602A008050010060000000006F
:20297C000000000014000080000000000000000001000000DC210080010000000100040023
:20299C00000001010100000000000000000000006825008098040060A40000806003006028
:2029BC00FC290080602A008050010060000000000000000014000080000000000000000007
:2029DC0001000000DC2100800100000005000500050001FF0100000000000000000000004C
:2029FC00A7000060602A008001000000C02400800600000054000080010000001C000080CE
:202A1C00000000005C0000800100000080401180030000001C000080000000001C00008031
:202A3C00000000000000000000000000000000001C000080000000000000000000000000DE
:202A5C000101000000000060902400801C0000800000000000000000010101015001006073
:202A7C00A8240080AC290080FC2900809400008000000000000000000000000000000000E0
:202A9C006C280080000000001C2800803C240080020000001C0000800000000064000080E0
:202ABC0001000000482400800000000000000000502600800A000000000000001C00008071
:202ADC00000000006C2400801C00008000000000780000605400008001000000082B0080CE
:202AFC0014000080C82C00802E2E00801010101010101010101010101010101000000000D6
:202B1C00000000000000000000000000101010101010101010101010101010100000000099
:202B3C00000000000000000000000000101010101010101010101010101010100000000079
:202B5C00000000000000000000000000101010101010101010101010101010100000000059
:202B7C00000000000000000000000000101010101010101010101010101010100000000039
:202B9C00000000000000000000000000101010101010101010101010101010100000000019
:202BBC000000000000000000000000001010101010101010101010101010101000000000F9
:202BDC000000000000000000000000001010101010101010101010101010101000000000D9
:202BFC000000000000000000000000001010101010101010101010101010101000000000B9
:202C1C00000000000000000000000000101010101010101010101010101010100000000098
:202C3C00000000000000000000000000101010101010101010101010101010100000000078
:202C5C00000000000000000000000000101010101010101010101010101010100000000058
:202C7C00000000000000000000000000808010101010101010101010101010100000000058
:202C9C00000000000000000000000000101010101010101010101010101010100000000018
:202CBC0000000000000000000000000000540000005400000000FFFF0000FFFF0000FFFF56
:202CDC000000FFFF0000FFFF0000FFFF04000000005400000000FFFF0000FFFF0000FFFF8C
:202CFC000000FFFF020000000000006000000000AC00000001000000AC000060D801008046
:202D1C000300000002000000B000006000000000900400000200000000000070000000007C
:202D3C00A028000000000000000000000000000000000000FF130000FF010000000000009D
:202D5C0000000000000000006E004C1F00000F007F00FF010000000000000000CD7FFC00A8
:202D7C000F000200000000000000000000000000000000000300FF1F000000000000000005
:202D9C0000000000FF03000000000000000000000000000000000000000000000000000015
:202DBC000000000000000000000000000000000000000000000000000100030000000000F3
:202DDC00FF130000FF0100000000000000000000000000006E004C1F00000F007F00FF015E
:202DFC000000000000000000CD7FFC000F000200000000000000000000000000000000005E
:202E1C000300FF1F000000000000000000000000FF0300000000000000000000000054FF20
:202E3C00B70F87F096F174FFB72F04F0007054FFB70F87F096F174FFB73F04F00070544F6E
:202E5C00B70F87F096F1744FB72F04F00070544FB70F87F096F1744FB73F04F00070913040
:202E7C0000FFD9FF28A6007061000500C81F54FF0070910000F8D9FF247210FF00704DC08E
:202E9C00E1FF1607EE0682046D004B006D00A20092146D0046001D005B0053C420F061FF80
:202EBC00E5FF8F0F1F2076694252BBC0FFFFA2F2BBF0FFFF0BF290210090024F02546D00BA
:202EDC002A0053CF20F061FFD1FF6F7F13008F1200008FF21FF08F521F10C61F8F421F1023
:202EFC00C61F8F321F10C61F1601A6F0B7001227009053C420F061FFB9FF2E8954FF82F014
:202F1C008F0F1FF0C60FB70F102800908F051F20009006E4B70412F78FFF83210090024868
:202F3C000D004003820502566D006C0053C820F061FFA1FFC82F0284DA0874FF772300587E
:202F5C0082166D005F000D00000300900D0040038214820502566D005500910000F7D9FF6A
:202F7C00E02280FF6E0E0D008004910000F7D9FFE02280FFCD8FE20F0D00C0040D00C004D7
:202F9C00912001F8D9FF000880FF6E090D008004CD4FE20F0D00C0040D00C004911001F8BB
:202FBC00D9FF000680FF6E0CB70F9306F6090D008004CD0FE20F0D00C0040D00C00482142A
:202FDC007723005802466D001D000D00000300900D0040038214820502566D001300858F18
:202FFC000430821460FF7723005854FF0246B70F06F0961574FF6D0005000D000003009013
:20301C000B4510A8026E53CA20F061FF34FFD4FF54F902956DFF53FF02280BA910486DFF45
:20303C006AFF022F02946DFF76FF372C10C082008F001F00B70C10C80BAB104802E6370D2B
:20305C0010D06DFF2CFF370C70108F0F01F00628A68F06218F1F40018F0201F0A61F76E372
:20307C0096033C089602372C10C88F021F20372D10D074F00BCD102854F074FF54FF009062
:20309C006DFFFFFE6D08CC676D08CE676D00A3013C003BA0024082050070DA00256F1F204B
:2030BC0000908207056F1F24EE0382173C32DA325F4F3000DA335F4F2D00DA505F4F2A0058
:2030DC00DA405F4F2700DA445F4F2400DA105F4F2100DA11BE4EDA12BE4CDA20BE4ADA3043
:2030FC00BE48DA21BE46DA22BE44DA23BE42DA24BE40DA253E4EDA263E4CDA493E4ADA4DD1
:20311C003E48DA4E3E46DA903E448B0408F2EA57767761FFC0FF3BF000601D005500009012
:20313C008207056F1F24EE0382173C048B7560F2EA57767761FFAFFF3B0001601D004400DE
:20315C000090DA0005602124F603DA813C1505601F247603DA803C10858F000882102560A0
:20317C002020820425641E2025601F202D0F00008200256020206E0761FF8DFF0B5F10681C
:20319C001D0022000090DA00256F21200090056F1F24EE0761FF7FFF823682171D001400F9
:2031BC000090A0046D0008006DFF0CF8820200901DFFF9FFDA01256F2E200090DA00256FF7
:2031DC002E200090056F2E245E136DFFFCF782020090858F0C308F892000420F60FF0070A3
:2031FC00858F08304B0F20023B3010F000700F1F00F04B0F20F2C2FF420F00700F90001055
:20321C008580083026100070DA018B091E000F0F00F08F0F10F10070910000F8D9FFD05282
:20323C00007061FFDFFF8BF9031161FFE2FF0070910000F899FF3C7290FF14FF0070DA1FA1
:20325C003F9F0480022F3C0361FFE0FF007061FFE5FF01F901F609FFC00826F10070858F31
:20327C0008308BF901010F0F00F04B0F20F2C2FF00703B00FF00200826408202024F3B9061
:20329C0028108FFF0081022A8FC03F9082133F412A80DA1F7F9F09808B091E100F1300102E
:2032BC008F3110013C04023061FFAAFF02310F81001061FFCEFFDF001600DF011400DA20C3
:2032DC007FF9058061FFCDFF3C0361FFACFF61FFB1FF6E08023009FFC2080F801000260F01
:2032FC00EE020223F6363B1001403BA000503C0761FFA7FF6E0782343B4001506D002000ED
:20331C008212DF021B8061FF66FF01F800268210092F50080F8000002E79858F10300F8F53
:20333C0000F06CF1481F74AF54AF489F325826F00F800000370068A002A200900B45106846
:20335C003B80074082051DFF3FFF3BA000408205007005602324DA120070DA32256F232071
:20337C006DFF30F73B401FF0256F18283B2003406DFF99FE82141D00060C024882090560A0
:20339C002324DA117FF005803B0001903C1A6D08576682F085610420C680856F0820260192
:2033BC00A5610420260F05602324A56F0820DA117F0F0680820502846DFFB4FE6D08446661
:2033DC00769861FFC4FF3B60016002971DFFFCFE0090DA10256F23206DFFF4F66D007C0164
:2033FC00858F04088200A5600420DA01A560082025602A20256F2B20DA11256F2320BBF0C3
:20341C00FFFF256F1828256022202560252025602420256026202D0F00008214D569042065
:20343C00DA80D5690820256F2920DA00256F28201D005E0102428218DA13056023243B20CF
:20345C0001103F010480DA103C21DF052080056026240F6080107613DA143C18056122248B
:20347C002661DF011480A660256026206F060800056F2524C21F256F25203C06056F242472
:20349C00C21F256F24208208028F6E0761FF5FFF0B2F10686DFF98FE02820090056F182C89
:2034BC00BBF0FF0F3E048AFF256F1828056F23246D004D00056023245F0FFAFF0090024539
:2034DC00823482161DFFB8FF820805602324DA113E043B0002803C316D00620B6D005C0B74
:2034FC00A0046DFF30FE6D005F0B858F0808DA12256F23202D0F00006DFF64F66D001A0B20
:20351C00858F08082D0F00006D089A65856F04206E1085640820822526F46DFF03FE82FF65
:20353C008561042085600820C6F12610A56008206D088A656D000B00768861FF08FF3BA022
:20355C00016002871DFF40FE009061FF04FFBE07DA225F0F5A00DA235F0F6000DA255F0F57
:20357C006A00DA32BE0CDA335F0F3700DA445F0F4900DA4D5F0F70001D0095006D00000B39
:20359C00DA833E2C856F0420EE4B3B200240256423206DFF88FD82343C5C00906D08506595
:2035BC00056F2524EE176D00EB0ADA83BE23056F182CEE1082F46DFFE2FE6D0845656DFF8A
:2035DC0001F63B300340256423206DFF6CFD82043C401D0839656D00D30ADA835F2F62002D
:2035FC00856F0420EE1D056F2524EE1A056F2424EE586DFFE7F53B400440256423203C0BAB
:20361C006DFFE0F53C1CDA23256F23206DFFDAF53B3002401DFF47FD856F04206E031DFF34
:20363C009EFE3B500240256423206DFF3CFD82543C106D00A50ADA835F2F3400DA4D256F7C
:20365C0023206DFFBFF53BD004406DFF2CFD82241D00990A6D00940ADA835F2F23006D001B
:20367C00810A6DFF1CFD6D00900A05602924DA80FE026D08E564856F04206E0B6D08E06403
:20369C00DA90256F2920DA03256F28206D08DC646D08DA6482046D002900DAFF256F2320DA
:2036BC0000903B9000401D001D0091000048D94408826D007A0382046D0044066D006203A0
:2036DC00DF02FEFF6D00860291000048D944B8B21D0030096DFF59FD6DFF72FD1D00240A5D
:2036FC00DA087E423C0000901D08A6641D08A064C56428103B007142007085801830600F6D
:20371C0054F03700E78454F0C218007060FF54FF06EFB70F12F78FFF83218F2200F07664F6
:20373C00858020303C037BC0FF0FA60F0070FF2005808BFF00F03C02DA644B0F61F14B08D2
:20375C0061014B0F41F00070858F143060FF54FF54F08FFF00A18F401EF0007085F210019E
:20377C00009082096D086C6461FFF0FF8F3F00C161FFC5FF9130002F192F1C06370063BC1B
:20379C001607921D192F1006C21B54F08F0F1FF0161F8F201EE06D085764DF0A1C004B0AA9
:2037BC006121DF1C1080C2FE370E680061FFC1FF4B0B61014B0D61114B1041004B0F51F09A
:2037DC003C037B802CF44B2F51F07BA047044BF051904B097121A56224100090856224106A
:2037FC000090404F024F6D082B643B007142C5642C103BA007506D007100820402450246C1
:20381C006D00D100820474FF024582166D00CB000D008004DA00C56F2C1057F0212F49F291
:20383C0040081D081164404F02486D08096461FF61FF3BF007506D005100820402450246BA
:20385C006D00C50080FFBBF0FF0F7FF0048074F83C34BB0040093E0FBB00440EBE0ABB80B2
:20387C00440EBE0EBB00450E5F0F2200BB40E10F3E093C230D008004CD0840090D00C0045F
:20389C003C1C0D008004CD48E10F0D00C0043C150D008004CD08440E0D00C0043C0E0D001C
:2038BC008004CD88440E0D00C0043C070D008004CD08450E0D00C0048204024582166D0051
:2038DC0086000D008004DA00C56F281057F0212F49F240081D08B863856F2410200889A498
:2038FC000409404CEE41DA0074AF6D08A96361FF2DFF8F3F00B161FF02FF9130002F3700D3
:20391C00639C192F1C06160719201006921C8F001FF054F0C219161F8F201ED06D0894630D
:20393C00F6A5DA00A56F24103C1C4B0A6121DF1B1080C2FD370D680061FFFBFE4B0961017B
:20395C004B0C61114B1041004B0F51F03C037B802CF44B2F51F07BA047044BF051F074AF31
:20397C0054AF4B0F71F16E1D09A00409C5FF10014BF0112254FF3B803E0002F1E220820421
:20399C003C0254FF521354C27F030480DF02FBFF8212024349C2C008762452123F02F4FF40
:2039BC000090858F2430200861FFB2FE765A74FF062454FF74AF858F2030A6F474F43C0234
:2039DC0074FF54FF74AF54AF0090858F1C30200861FF9EFE765A74FF062454FF74AF858FD4
:2039FC002030A6F474F43C0274FF54FF74AF54AF00906100EA007FBA0580484CC21A3C03E7
:203A1C00C2FA485C6100BF0037A40340858F205060F400706100A900C88F00706100AC00C6
:203A3C007FA90580486FC2193C03C2F9487F6100AA0037940344858020506004007053C8E9
:203A5C0022F06100C2007FAB0580C21B482C3C03C2FB483C6100A60002B037040340858059
:203A7C00185060040070913000FF39FF2806AE0553A020F006CF3C038FF01FF092FA39FFAC
:203A9C002D063B803EB08F7F00910070820961009500B70F02F2964037F0080CB700814754
:203ABC003BC05D000070534121F0534026008B4F01F08B4006004B0F110200704BF01102FD
:203ADC008BF01FB061007300007014CF370FE10014EF370FE110007014CF370FE10214EF79
:203AFC00370FE11214EF370F6122007061003D00085F00708F7F0001913000FF39F11906A8
:203B1C003701E7100070534921F08B4F01000070C2FF54F06E053700680C6F70FBFF007086
:203B3C00C2FF54D06E053700680C6F70FBFF0070856F3018C83F0070746FD45FD4FF007011
:203B5C0085801C50600F14FF370FE10200700228913000FF39FF2B06160700706100180064
:203B7C004BF011020070856F0C2053CF22F061002C00007085600C2053C022F0610025005E
:203B9C000070913000FF19F42C060070534F26F08B4F06F0007085610C2053C122F000708A
:203BBC00913000FF19F41C06007039FF2C063B803EE08F7F00A10070913000FF19F0300629
:203BDC00370068FC0070856F3018D4FF10FF0070858F1C508202913000FF60FC02202008C6
:203BFC0014C139FF2406370F61F16F210300EE028210DF00228061FF0FFF54FF7B00000305
:203C1C00260F7B000001FE0961FFD8FFB71F02F2964037F0080C3BC05DF0B70081478580F2
:203C3C001050600F3C02C2FF14F03700E1036E03DF00FBFFEE0382120090858F143060F470
:203C5C006DFFF3FD8208913000FF39FF1C068F7F009161FF91FF081F370F63A23C3961FF72
:203C7C008BFF7FA90580C219482B3C03C2F9483B61FF98FF0290370403408580185060044E
:203C9C006DFFD3FD3B803EC074AC14C03700E1023C0714CF370FE10254AFC2FF74AF54AFCC
:203CBC006E03DF00F87F54AFEE0382183C116DFF5AFD022D6DFF54FDE2CB022F4BDB11C2C0
:203CDC0076C76DFF4DFD0220A2F03FC0FCFF5F9A0400DF08C67FDF0853806DFF81FD02292F
:203CFC0061FF06FF370F63B1913000FF61FF5FFF3C1685600C2053C022F061FF7CFE6DFF9D
:203D1C0094FD6DFF2DFDE2EC022F4B9C11C276C76DFF26FD0220A2F03FC0FCFF5FABEBFF39
:203D3C0061FFE6FE370FE3B2913000FF39FF2D063B803EE08F7F00A13C2061FF1DFF7FBA84
:203D5C000580486CC21A3C03C2FA487C61FF1BFF37A40344858F205060F46DFF66FD6DFFC4
:203D7C00FFFCE2EC022F4B9C11C276C76DFFF8FC0220A2F03FC0FCFF5FABE1FF028200902A
:203D9C008222856F14205E1D913000FF39F0140639FF2406370F61F16F2005006E0382023A
:203DBC00009082120090858F2830A564301860FF200854FF6E0454FFA56F1020913000FFD3
:203DDC0019F42416858F1440B714814060F46DFF0AFD913000FF19FF2836856F3018B70F8D
:203DFC0003F485800050600448446DFF1EFD85802450600402F46DFF18FD61FF9BFE14FF84
:203E1C0016076F2F4200858F1060481460F46DFF0CFD915002FF19F008383B80FEFF26F0E7
:203E3C0061FF88FE484F16170FF0A040858F3C6060F46DFFFAFC915002FF19F03818858F28
:203E5C00007026F061FF76FE485F85810470261F0FF0A040858F087060F46DFFE6FC915098
:203E7C0002FF19F02818858F2C3026F061FF62FE486F85813030261F0FF0A040858F3430DD
:203E9C0060F46DFFD2FC61FF55FE14F08F7000F12E1E3700E1F1913000FF19F4186637F406
:203EBC00814E858F383060F46DFFBFFC856F3018858F3C3060F448546DFF95FC856F30183B
:203EDC00858F004060F448646DFF8DFC856F3018858F044060F448746DFFA7FC6DFF43FC1F
:203EFC0074A2913000FF39F03006820854AF37006402DF000F0291A001FF19F4C04F856F16
:203F1C003018B70401408218C82F820009FF6C485E14370481413C03B714814185800840EA
:203F3C0060046DFF60FC91A001FF39F0C04F6F10F181858F0C4060F4858F1040744F856F10
:203F5C003018858F184049F5080AD45F60F2D4FF481F742FD45FD4FF481F742F9100012F0E
:203F7C00D45FD4FF482F592F08C0D45FD4FF483F592F0CC0D45FD4FF484F592F10C0D45F4F
:203F9C00D4FF485F592F14C0D45FD4FF486F592F18C0D45FD4FF487F592F1CC0D45FD4FFDB
:203FBC00488F592F20C0D45FD4FF489F592F24C0D45FD4FF48AF592F28C0D45F858F1C403D
:203FDC0060F6D4FF48DF61FFB9FD48DF61FFB6FD48EF592F30C0D45F858F204060F6D4FFA6
:203FFC0048FF61FFABFD48FF61FFA8FD09FF0019592F38C0D456858F244060FFD466096FB6
:20401C00041974FFD456D466096F041974FFD45FD4FF09FF0819592F00D0D45FD4FF48BFF4
:20403C00592F04D0858F284060F6546F8F1F0001546FB70F01F0746F4C227801858F2C4000
:20405C00D45F60F7D4FF48CF747F546F370F01F061FF74FD54FF744F5801858F304060F4CB
:20407C00DA55744FD45F09F02449370068108F3100F15E25370064F4892F04498FE13FF083
:20409C0016035E29D45F09FF2449402F370F64F689FF0C498FC13FF016035E29D45F09FF76
:2040BC002449402F370F64F889FF144986A1DF210B80D45F09FF2449402F8FCF1EF0161026
:2040DC0089FF1C49D45F8202A03209FF244916FF744F8F120000547F32500F0F00F01603E4
:2040FC006E28858F34408F922000420F60F449463C7A546FB70F01F0746F53C220F0D45FA6
:20411C00C81F10FF54F0760609413879A61089403879D45FC81F10FF481089403079D45F7C
:20413C00C81F10FF482F894F3479546F9601746FC212FD20D07F8204A014D45202403250D0
:20415C00092FE8480F0F10F06F0F3C008FB42000858F3840BBF0FF1F420F60F68F14000001
:20417C00370068F0D02F4822261289623C097BF0FF2FD452D02F48232623896338097B00A9
:20419C001030D45209653409D02F2635483FA6F5896534099A10D452D02F48202601596133
:2041BC003C80D45FD0FF4820260259623880D45F19603480D0FF2603483FA6F3596334803A
:2041DC00C214FD40BC7F8202A032D454022132510940EA480F1010006F0023000142034689
:2041FC008FB2201085803C404C4A42108B000400600FBBF0FF0F26F068707BF0FF0FD45483
:20421C00014203464C4A26F068607B001000D454483F0142034626F04C4BA6F06830C2120D
:20423C00FD20D57FD45F91A0012F82F209FF0819592FC09FD45F09FF0C19592FC49FD45F5B
:20425C0009FF1019592FC89FD45F09FF1419592FCC9FD45F09FF1819592FD09FD45F09FF29
:20427C001C19592FD49FD45F09FF2019592FD89FD45F09FF2419592FDC9FD45F09FF281988
:20429C00592FE09FD45F09FF2C19592FE49FD45F09FF3019592FE08FD45F09FF3819592FE1
:2042BC00E88FD45F09FF0029592FF08FD45F09FF0829592FF88FDA00C50F1000D4548F2FE1
:2042DC0020108580045090444210094114396002C621542026107420D45454209044C21FA4
:2042FC0009411029A6107420FDF0EA7FDA00A02F8F2F2010D45485800850904442100941F3
:20431C0018496002C21F5420A6107420FCF28208DF081380912000FF19F4000585800C500A
:20433C00B704014060046DFF5EFA912000FF39FF00051602AA18F684DA01A56F1420009049
:20435C000248202837086800A5600C20858010508209600FF80614F037006202DF00BB0041
:20437C0085801450600C14CF61FFC6FB14C2370262F31E1A14CF370F62F3EE06C211C21095
:20439C004B0111023C0361FF90FB39FF1C068BF01FA08F7F00B13C2A61FF53FB6DFF45FA66
:2043BC003B803ED089AD0C0961FFCCFB3C0714FF370FE1025803C2FF780358036E03DF00E5
:2043DC00F87F5803EE0382193C116DFFCCF9022F6DFFC6F9E2DC022E4BFC11C276C76DFFD8
:2043FC00BFF9022FA2EF3FCFFCFF5FBA0400DF09D57FDF0970806DFFF3F961FFAAFB780513
:20441C0039FF290614C0370FE790370062F31E1A14C0370062F3EE0658058B190000C21F8E
:20443C003C0661FF72FB580561FFB2FB61FF48FB3C1461FFB2FB61FFDEFA6DFFF6F96DFFE8
:20445C008FF9E2EC022F4B8C11C276C76DFF88F90220A2F03FC0FCFF5FABEDFF14CF370F18
:20447C0062F31E1B14CF370F62F3EE075805C219C21F4BF911023C0661FF47FB580561FF0E
:20449C006FFB61FFF2FA3C1261FFCAFA6DFFCDF96DFF66F9E2BF022E4B8F11C276C76DFFB4
:2044BC005FF9022FA2EF3FCFFCFF5F9AEFFF61FFEFFAD8063C02C2F014FF370FE1F376021A
:2044DC00EEFB6E0382193C06858F143060F46DFFACF9DF090D8261FF4FFBC88F54FF370FBB
:2044FC0062FE74AF54AFDF0F4201858F18303B40E08F60FD858F285054D460FFF808268489
:20451C0040D454FFB7040148B70F88F0B70F01F86DFF8BF98580285002F4600489A49C097E
:20453C006DFF83F93B803EA085801C5089AA0809600C85812C5014C0601E3700E10014E1DC
:20455C003701E1103C0661FFC2FA5802C2FF780258026E05DF00F97FDF01F77F14CF1602AE
:20457C00EA1914EF1602EA19DF094D8061FFFDFA54FB85843050370B62F040D437F4024FF6
:20459C006DFF53F9858F345060FF370B62F05E1554F4B70482423C09EE0554F4B734824253
:2045BC003C0854F4B7348242B7540548B7140141858F345060F46DFF38F9370B62F06E2292
:2045DC003B0071F27803858F385060FF14FF8F1F0001858F345060F2142F370FE1103C0A3F
:2045FC0014FF8F1F0001142F370FE1105803C2FF780358036E05DF00F57FDF01F37F5803FE
:20461C00EA19DF09B48054D061FFC7FA61FFDDFA09F1C00814FF3701E712370F63F13710FC
:20463C00870437F0030C081FB71001082608370FE1032E7A37080181858F3C5009F4C2087E
:20465C0060F46DFFF2F861FFADFA61FF8EFA09FFE80837F40340858F185060F46DFFE5F826
:20467C0040D402846DFFE1F8D80854F061FF8BFA61FF7BFA086F40F2160137F00100092F41
:20469C004404167F37F0870409FFC408370FE3F337F0030C09FFE808B7100108B7008880C2
:2046BC008FCF1F0037040340068F37F40344858F205060F46DFFB9F809A49C0902846DFFA3
:2046DC00B4F86DFF4DF8022F6DFF4DF8858000604B2011C276C76DFF43F80220A2F03FC045
:2046FC00FCFF89AA0C0961FFF2F93C0661FFEFF95803C2FF780358036E05DF00F9FFDF016A
:20471C00F7FF14CF1602AA1914EF1602AA19DF091F8089AA100961FFE1F93C0661FFDEF965
:20473C005804C2FF780458046E07DF00F97FDF01F77FDF02F57F14CF162014E0EA1914EFDE
:20475C00370F61F26F500300EE028219F69F54D440D4B71401496DFF68F8D80809A49C0973
:20477C0054F4B71401496DFF60F8DF09C180912000FF19FF3C157801858F046060FC7B00F2
:20479C00004B40C46DFF2FF8858F08608562301860FF856F0C20D42253CF22F054F040C47F
:2047BC001022B7108107092F6A0837F0040074F009A404096DFF17F8858F0C6060F461FFBA
:2047DC002BF948446DFF31F8858F146060F461FF23F948546DFF29F83BC05D8085801860A2
:2047FC00028F600F61FF96F985801C60600C14CF2E7382193C0A54F4858F206026F4858F52
:20481C00186060F46DFF11F885802460028F600D61FF88F9858F286060FE14EF2E7382199A
:20483C003C0A54D4858F2C6026F4858F246060F46DFFFBF7028F61FF6DF914CF2E73821974
:20485C003C09858F186060F461FFE6F848146DFFECF7028F61FF66F914EF2E7382193C095A
:20487C00858F246060F461FFD7F848246DFFDDF7DF093E80913000FF19F0300661FF75F9E2
:20489C0049F2200AD42FB7001CF08581306054F06014B700040ED806A60FB71F01FF3C0213
:2048BC00C2F814F03700E10314413701E1137685DF00F8FFDF01F6FFF602761382193C0E76
:2048DC00D42F85803460600448346DFFAEF785801430600402F46DFFA8F7F699858F386046
:2048FC0060F461FF42F948946DFF9FF7029200906DFFECF51D08AC5F1D08AA5FDA1F7F9FE9
:20491C000780610011008F3F10F13C07DA010F9F0000858F0830260F0070610005008F0FF2
:20493C0010F10070DA018B091E000F0F00F000708208910000C80289D9CCDC72A564341829
:20495C0040CD2010C50E280061FFDAFF6E23856234188F890000858F0C30420FD42260FFF8
:20497C008F5800F0102249F4001A092414096DFF3AF709D0C008BB00F01F2610760A49F476
:20499C00041A856F3418D4FF10FF48646DFF2BF7C218C219B02DFDE0D97F856F34188208F0
:2049BC000289C832C82D89A28C09C81FF80289AC8409C50F2800F4AF61FFA2FF6E77856F85
:2049DC003418D4FF8F5800F010FC858F0C308F890000420F60FEDA1F3F9F0480DA003C032E
:2049FC0061FF9DFFEE034CC474EF49E4101A09C41C096DFFF8F644CF6CE4D80109F0C0089B
:204A1C008F000FF16E0354CF6CE53B00F0F0B04C260F6E0354CF6CE6BB0000FFB04C26F008
:204A3C00760354CF6CE7DA1F7F9F0480DA003C07DA010F9F0000858F1470260F6E0E49EFA9
:204A5C00202AA06C54D48F041FF0EE0440F46DFFCAF6B04FB04DFCC7DA1F7F9F078061FF0B
:204A7C0063FF8F2F10F13C07DA010F9F00003B0080F0260F6E08D80349E4241A44F4F8035E
:204A9C006DFFD3F6DA1F7F9F058061FF48FF3C05DA010F9F00F016016E08D80249E4201AFA
:204ABC0044F4F8026DFF9FF6C218D801B02FF801C219D4AFB0FFF4AFB01FFDF07F7F009022
:204ADC006D0080001D08C45E2008D2346D08D45F821440A46D081861D23209A040090F2023
:204AFC0080400F3180506D08DB5FD21209A0400926202631BA008B0100F4EE036DFF62EBC4
:204B1C00D22209A0400926202631BA008B0100F4EEDD6D004F003CDA6DFF3BF36DFFC0F465
:204B3C001D08965EDA00256F2C20256F2D20009082046D080D5F82146D080A5F821402455D
:204B5C0002466D085160822482153B401F606D084B60DA03256F2D20256F2C2082020090C2
:204B7C00DA00256F2D2082146D08125F82246D080F5FDA02256F2C20820200903B600820C6
:204B9C0000908202009082046D08025FDA00256F2C200090DA02256F2C200090DA01256FF4
:204BBC002C200090820482153BA000601D081C603B1021406DFF5FF33B0021401DFF5BF394
:204BDC0082041DFF7EF4911000F7D9FF000980FFB70F03F060FF40FA1D00D1009100004894
:204BFC00D944C0421D0002008208404F8209820A820BC81CC82D483C09FF1001DF1F238087
:204C1C0080CF160180D08F100001FE046E04C2FC04DF24CF76CF8F3C00018FEC1FF06E0908
:204C3C0002F140D2C2F16014442164C1FC4E90DD020CDF0CE07FC2FC60C204DF24CFFC2EB3
:204C5C003CD9DE2580CF2E03C2FC24C9DF0CD37F8F3C00F106EC76C5C2FC60C264CAFC2F96
:204C7C006EC9C2FF60F224CBFC2F3CC48F0F1F00DF002E008F3F0001DF102B8080CF8F3F64
:204C9C0000D180DF1603FEDB76DB02D440C440D56D00530001CD00C601DD00D6A2DC76CFCB
:204CBC008F3C00018FEC1FF06E0902F140D2C2F16014442164C1FC4E90DD020CDF0C9B7F8B
:204CDC0002C440C440D56D0038003C9400901603DF2F91FF80CF16036E0702F440C46D00D9
:204CFC00150010CCA2FCDF0C867F8F3C004106EC76C5C2FC60C264C8FC2FDF047C7F40C4C7
:204D1C006D0004001DFF77FF3BF00F00804F1603063F0FF0100082FFC6F0C2F4604F804F93
:204D3C00B70F02F060F2B014542F260F742F77000004FCF60090804F16033BF00F008F3F41
:204D5C0000100F10100082F1C610C2F4604F8041B7010220095101008F3F0030B0140F3152
:204D7C0010106022C21F542216032602A612742277000004FDF0ED7F00900D0080043B005F
:204D9C0098F0CD4FE00F0D00C0044D00E0FFB70F14F0CD0FE00F0D00C00461FF62F061FFEF
:204DBC0040F00D00C00474FF54FF9130002F192F2CA69608592F2CA661FF3BF00D00C004B2
:204DDC0074FF54FF61FF2DF00D00C00474FF402454FFD9440C9661FF34F00D00C004744FA2
:204DFC00544F192F10969608592F109661FF31F00D00C004744F544F61FF23F00D00C0043E
:204E1C00744F91F0002AD9220004544F802FCD4FE20F0D00C00491F0002AD9220000802F84
:204E3C00CD0FE20F0D00C00491000027D922E022802FB70F03F0CD8FE20F0D00C00461FF1D
:204E5C0008F00D00C004744F544F61FFF2EF0D00C00474FF54FF910000F0D9FF000040F0A6
:204E7C00910000F0D9FF000040F1910000F0D9FF000040F8910000F0D9FF000040F98200E7
:204E9C00DA01910000FDD9FF00049100002DD922000501F22020802186A102023C1440F272
:204EBC00802374208F431E0049FF001A370370338F000100A6306E06DA00CDC0E30F0D0030
:204EDC00C004C2123F12ED7FCD80E30F0D00C0046DFF86FE8204A0046DFFD4F002241DFFC5
:204EFC0073E90D00000200A08F0F45416DFF6CE90D00400200800D00000200A08F0F444105
:204F1C006DFF62E90D00400200800D00000200A08F0F43416DFF58E90D00400200800D0095
:204F3C00000200A08F0F42416DFF4EE90D00400200800D00000200A002F46DFF45E90D00D4
:204F5C00400200800D00000200A08F0F47416DFF3BE90D00400200800D00000200A08F0FF2
:184F7C0041416DFF31E90D004002008000A08F0F46416DFF29E9008083
:02000004801169
:0400000000003CFFC1
:040008001D007C1645
:040010001D00D40AF1
:040018001D00801C2B
:040020001D00401768
:040028001D0038007F
:040030001D00FC1D96
:040038001DF7D2904E
:040040001D00D814B3
:040048001D00100582
:040050001D00BC04CF
:040058001D001C0665
:040060001D009006E9
:040068001D00D001A6
:06007000808F1D004B090A
:06007800DA00744F009055
:200080006100E400D4F5007032500F0100100070C21F370F70F00070CC4309F278080090BF
:2000A00009F06008DA140070B70F81F7A60F0070B70F81F7A61F0070B70F81F7A68F0070C8
:2000C000D44F82FF74FF0090EE0361005F010070370468401D006E02D44FDA0034FF009027
:1200E000CC41DA00B4FF0090486FB71F01FAA6F0007056
:0A00F80060FFC83F09FFD808007040
:0A010800404FC83209258C09007031
:0A011800D44FDA0034FF2CF1009000
:0A0128006100300060F6482F0070FF
:0A013800C58F240090FFD4FF007073
:0A014800B7001000A60F74FF00704E
:0A015800C832092FD8081603007002
:0A016800D44F858F107074FF0090D3
:0C017800742F4832A62F610001020070B5
:0C018800B70310F8066FA6F19A41007052
:0C0198006C54484F745F483F6C5100707D
:0C01A8001E143B0020107E12821000701C
:0C01B800742FB705890A61FF95FF0070E5
:0C01C800C8D4C8C54C4160F44C54007011
:0C01D80060FD09D28C094924140A007053
:0C01E80060FC09C28C09092FD8080070C7
:0E01F80054FF3B00C000260F3B00800000704B
:0E020800DA012CF868160254095484090070BB
:0E021800CCC5C86F09C2880989F2B4190070FC
:0E022800CCD5C86F09D2880989F2B4190070CC
:0E023800B70F10F88FC00000066FA6F0007020
:0E024800911001F8D9FF002401F402F60070B5
:0E0258000F00B00137006800865F42F00070B2
:0E02680061FFE8FFC240600F61FFC4FF00703D
:0E027800B703891A486FB71F01FAA6F100708C
:0E028800404F6D006F1261001D031D002B071B
:0E029800014002468FF401F15442325F0070C3
:0E02A800B70F10F8066FA6F16012542F007009
:0E02B800CC417B00001801F002F654F20070F9
:0E02C800744FDA006C417BF000004C53007064
:0E02D800C58C2400858910707BF000A000709A
:0E02E8008FB41F0061FFE6FF8FF401F100707C
:2002F800CC4410FFD4F2482F5420C2107420007026F0B70F10F88FC00000066FA6F0007092
:200318001A210B1080107F210480A20FC2FF0070745FB703891A486FB71F01FAA6F100701A
:20033800744FB703891A486FB71F01FAA6F10070744FB702890A486FB71F01FAA6F0007059
:200358007440C8D4544060045440C8C44C420070DAFF344FDA002C41AC41A00FEC4700901D
:2003780009200C09DA007F060380F662DA010070C8DF485F60FF54FFB71F01FD74FF0070EB
:20039800260F09400C096C435200C8C4544F0070B70510F8066FA6F09A4060F2482F007030
:2003B8007F080680A2800B0F30F13C02DA00007009428C09092F7008C21F892F3008007062
:2003D80090CFD4FFC86F09FFB419D4FF54FF0070B70310F8066FA6F19A4160F5482F00704C
:2003F800B70310F8066FA6F19A4160F4482F00704DC0E2FF0D0040036DF7E68E1DF7E58E64
:12041800D422C814D4FFD4220942080954F154200070B2
:12043000B70F10F88FC20020066FA6F26022542F0070F9
:12044800B70910088FCF00F00660A60F60FF54FF00703F
:12046000CCE5C86F09E2880989F2B419CCE1482F00704A
:120478007BF000400F4380F08FCF001061FF82FE007047
:1204900009CFF00882001E143B0020107E1282100070D9
:1204A800B7001000A60F74FF09C4840909D5840900701E
:1204C0007C443B7011203C036D0030023702682000905F
:1204D800C58224009022D42FC86F09FFB419D4FF0070A3
:1204F000C862092FC008EE03A0023C03D4D2D4220070F2
:12050800D4FFC86F09FFB419D4FF858F107054F00070E7
:12052000C58F240090FFD4FFC86F09FFB419D4FF0070A0
:1405380009FF500809F0D4081601A60F09F0D208A60F0070B6
:14055000092F50080920D4081601A60F0920D208A60F00700E
:1405680053C020F0C8421022D4244C225441C211744100702D
:14058000742F8B8000F060F254FF742F8BC000F060F2007084
:14059800C8C440F28942040961FF14FE122061FFD9FE00706E
:1405B0004DC0E2FF0D004003808F4DC0E1FF82151D00380809
:1405C80026F04C4389400C090BF08010C8C4544F421F007011
:1405E000B70F10F8066FA6F0C240600F54FFB70F10F800702C
:1405F800094F5008B70F01F0894F1008DA00AC49AC4A009043
:14061000B7001000A60F74FFD4DF09D5840909C684090070FD
:1406280082003C04CC4261000904094FCC083FF0FBFF00909B
:1406400082003C04CC476100FD03094FE0083FF0FBFF009077
:14065800404F6DFFE7FC09FF8C1902242D0F00001DFFE4FCA5
:16067000C86F09FF500809F0D4081601A60F09F0D208A60F007044
:16068800808F60FF09F28C19C83F09F478082D0200001DFFCBFCB8
:1606A0004045D45F088F5E17DA002CF8095484091D00B80900902A
:2006B8000F3280F08FCF0000B70210F8066FA6F09A4060F4482F0070C5822400902FD4FF35
:2006D800C86F09FFB419D4FF858F107054F00070325F0FF10030A63274F2D44F54F261FF13
:2006F800C9FCA61274F20070D4FFC21037007000481F421F60FF54FFB70F01F574FF00702A
:20071800C8128FB01F108FF001F1012102267B0000285423325F0070B70F10F88FC0000086
:20073800066FA6F0C240600F54FFB70F10F80070745F4832A62F745F8B8100F060F554FFFB
:0A075800745F8BC100F060F50070C3
:1A076800742F4832A62F742F8B8100F060F254FF742F8BC100F060F20070A0
:1A0788005420C8C24C22260F09200C096C235200C8C2542F420F742F007026
:1A07A800744F4832A62F744F8B8100F060F454FF744F8BC100F060F40070FC
:1A07C800744F4831A61F744F8B8000F060F454FF744F8BC000F060F40070EF
:1A07E800746F4832A62F746F8B8100F060F654FF746F8BC100F060F6007058
:1C0808007F010680A2100B0250013C087F100680A2010B1230013C028200007044
:1C0828007BF000F00FF580008FC00000B70510186100D8000B0F00511D000401DC
:1C0848007FF00680A20F0BF150F13C087F0F0680A2F00B0130F13C02DA00007012
:1C08680020186D00D315022F6E073BA00D4040A402F56DFFCBFB370F68200090AE
:1C08880061006801C844104409458409D444544F9054D44489248409C83F0070E7
:1C08A800CCD5C86F09D2880989F2B419CCD1482F7BF0000026F061FF39FF00700B
:1E08C800C83240F5092F7008C2FF892F3008DA01C832892F2C08C85209249C09007065
:1E08E800482F7F010680A2100B0F50F13C087F100680A2010B1F30F13C02DA00007099
:1E090800CCC5C86F09C2880989F2B419CCC1482F7BF000100F1F800061FF08FF007061
:1E092800808F60FFC832092FD808AE2382220090C85F8202C86F09FF0419744F0090D2
:1E0948004DC0E1FF61FFF6FB40F46D003F0109F4A8196DF7418CC874C8851D00B30525
:20096800201802486D00560B022F6E0834A83B900D4040A402F56DFF49FB370F682000909B
:20098800CC4C0940040954FF7E03DA003C02C21F74FFCC4C54F0481F7E031D00DF100090C1
:2009A800201802486D00E604022F6E0834A83B700E4040A402F56DFF29FB370F6820009011
:2009C800808F61FF97FB1627EE0482241DFF7EFBC83F09FF60186E0482051D00270600904A
:2009E8000661A610600F54F0260FB70010088FCF00F00660A60FC24F60FF61FFFBFB00707C
:200A0800404FDA003C0909F290199022D4246D00F50B61FF3BFB09F0D4183F0FF6FF009017
:200A2800404F808FC83209FF421840F4892F30086D00F015C85209249C0940F51D003E01A1
:200A48004DC0E1FF61FF76FBC86FDA0189F424193BB00F4089FF28186D0090001DFFD2FC1B
:200A68004DC0E1FFC58F240090FFD4F2D42F14FF5E13082F5E231DFFC5FC092484191D00B1
:020A8800ED126D
:200A900020180B4510886D00CD0D022F6E0989A840093B200E4040A402F56DFFB3FA370FDA
:040AB000682000902A
:200AB80020180B4510886D00F103022F6E0989A840093B000E4040A402F56DFF9FFA370FCC
:040AD8006820009002
:200AE000744FC8C454404C227F200680A2020B2F50F13C087F020680A2200B0F30F13C02DB
:040B0000DA000070A7
:200B0800404FC852024F0922A0097D2F0C006D00290E09F0431826F0760561FFD3FE1D0070
:040B2800E102009056
:200B3000F643820200908202858F34080220804154FF3FF10680481F0BF150F1EA10AB123D
:040B5000A020009051
:200B5800D4F2542FC8120F0FB0F1370F68F09022542061FF77FBC832B420C832092FC0083D
:060B780053CF20F00070D5
:200B80000248808F60FFC85FC8628924A019D4FF481FEE0502546DFFCDFF76231DFF36FC44
:060BA00002841DFF97FA1C
:200BA800325F0FF100F082F3C63F26F274F2CC4101F002F654FFEE08D44F54FF61FF62FA43
:200BC800C631261F74FF0070404FC8624924301A6DFF50FADA003C0909F288199022D42463
:120BE8006D000C0B61FF52FA09F0CC183F0FF6FF00901B
:200C000002482018025F02696D002406022A76AB34A8780289A910093B500E4040A402A59D
:0A0C20006DFFF8F9370A6820009014
:200C30004DC0E2FF0D0040034DC0E1FF61FF7EFAC862C8AFDA01892FB41989242A193B2055
:0A0C50000140892F2E181DFF95FFAB
:200C6000C8C440F28948040961FFB0FA428F744FC8D4544F60F45440C8C44C4261FFA6FCF7
:0A0C8000744FC8C44C2254400070A9
:200C9000808F60FFC86F09FFD208EE0C4DC0E2FFBB000008260F0D00400374FF09FFD40836
:0C0CB000ACFC09FFD208C21FACF9009098
:200CC000405C09C28C0909CFFC08404F0924EE08892FAE083E436D00850240F402F440C578
:0C0CE0006D00800261FFD2FDC812009080
:200CF000CC447D5F1480094FF0089E101E291E4A3B0002003E073B0080003E043C051DFFDB
:0C0D1000ADF91DFFABF91DFF79FB009051
:200D200020180248404F7CF43B7021F03C046D000502022F6E0934A8F8023B100E4040A4C7
:0C0D400002F56DFF67F9370F6820009086
:200D5000CC4309FF6C085E343B701020009049FF1C0A09F048098950400909F248090B20AA
:0C0D700010F10B3180F2EEF682020090D0
:200D8000808F60FFC86F09FFD2086E10C2FFACF9EE0D0D0040034DC0E2FFB70F81F754F02D
:0C0DA000A60FCDCFE20F0D00C0040090A4
:200DB000B70210F826218FC10000066FA6F09A4060F2482F9601742F4831A61F61FFDAFB70
:0E0DD000485F742FB702890A61FF88F900702E
:200DE000CCD509D288097BF00000C86F89F2B419CCD1482F26F0B70F10F88FC00000066F40
:0E0E0000A6F0C240600F54FFB70F10F800704C
:200E1000CC4309429009E832CC43094FF008ACFC09428C09A00FEC2209428C09EC250942D5
:200E30008C09F42F09428C09EC21094F7808007001F002F685810C70D4FFC21037007000FE
:200E5000D4FF481F54F2421F60F23B0070FC542126F1088F8FBF00F0A6F2A62174210070E3
:200E70004045CC5309FF7008EE038242009009FF7008C2FF89FF300809FF6C085E35CC53CA
:120E9000DA0189FF2C08CC55C8746D00270182020090B3
:200EA8004DC0E20FBB0000F826F00D0040034D40E1FF9618CD4FE10F0D00C0040D004003CB
:140EC8004DC0E2FFB70F81F7A60FCDCFE20F0D00C004009047
:200EE0004045095F540849520C0A264FD45F6E114C546CF1DA012CF8095F550854245E1525
:140F0000095484091D00F204095484091D00F6092CF8009026
:200F18004D00E0FF6C4280BF744FDA006C410D004003545F60FB4C5760F44C52CD0FE00F98
:200F38000D00C0044D40E0FFB70F81F3CD4FE00F0D00C004008000900F1080F08FCF002029
:200F5800B70010F8B700890A066FA6F29A4260F2482F742F4833A63F742F8B8200F060F2C9
:140F780054FF742F8BC200F060F2DA00742F61FFB1F80070EA
:200F9000404CD4CF40C5201848147646095484096D004C013C03DA002CF809C4A009808F57
:1C0FB0006DFF60FFCCC809FF7E0876283B500A4040A4022534AF1DFF25F800900E
:200FD0004D00E0FF6C4280BF61FF78F961FF96F9600F4C4274FF0D004003545F60FB4C57B7
:200FF00060F44C52CD0FE00F0D00C0044D40E0FFB70F81F3CD4FE00F0D00C00400800090C1
:2010100009406008DA14BE05DA27BE03DA43BE01DA4B3E031DFFF2F9CC4CDA0074FFCC4CD6
:201030006CF1CC4C6CF2CC4C6CF3CC4C6CF43C06CC4CDA0074FFCC4C6CF14944140A1DFFFB
:0210500049F85D
:201058004D00006C4D40007C4DC0E1EF8F7E00E191000048D9440C10014E02F6D4FF54FC6F
:20107800CD0C000C481CCD4C000C0D00C00460CA4D00E05F40B46D00D1050D00400200805D
:021098000090C6
:2010A000404CD4CF40C5201848147646095484096D00C4003C03DA002CF809C4A00909C411
:2010C00064096DFFD7F7CCC809C0640909FF7E08762A3B400A4034AF022540A489A0480944
:0610E0001DFF98F70090CF
:2010E8000954FC08CC4453C420F010FFD4F6C8124C619022F425D4F2482F09200405C210E4
:2011080074203FF004808200742061FFEBF861FFE9FA09428C09092F8405C83F09FFEE083E
:0C1128007FF40580F425CC43B4F4009063
:201138004045BF6405803B3010200090910000F8D9FF403201F402F6D4F4808F60FFC8324F
:20115800092FD808161FEE0382220090C86F61FFE9F96E043BC000200090094F4D181E1480
:0C1178003B1050200090808F1DFFE8FD10
:20118800808F60FF09FF841909F06008DA143E031DFF38F940F46DFFF5FBC8C248F048D2EB
:2011A8000921080961FFB6F86C2209F28019092004096002742F09F2801948E154206004EC
:1611C800544061FF3FFBEE074C2560FF54FFB71F01FD74FF0090F4
:2011E00053C420F0CC4410FFD4F24C2154200201BE08C81201200266D4667D650A0001218E
:201200000226F426C211482F0BF130F1EA01C210482FD4F20BF030F1EA004C215F0FEBFF60
:1612200089210409D4FF54F0481F7E0561FF5EF861FFBCFC0090A2
:20123800405CD4C2404F481F542049FD140A0B40008052007F4004805AF892F8742840D4AA
:201258006D00000161FF4AF97D2C138061FF1EF7BE05DA27BE03DA43BE01DA4BFE0261FFCE
:20127800F5FC7F800780A2080B8F50F13C04009061FF98F861FF1EF70090C8CF68180090EE
:041298001DFFB8F886
:2012A000808F60FFC832092FD808AE0382220090C86261FF4FF96E043BC00020009009FFD2
:2012C0004D181E143B1070200090C83F4DC0E2FFBB000008260F0D00400309F06409D2F2A5
:2012E000C642C6532620263189F064090D0040034DC0E20FB7008107A6F0CDC0E20F0D009C
:06130000C004820200900F
:2013080040454DC0E28FBB0000F826F80D004003CC5309FF6C085E343B7010203C1C09F048
:201328006409A640A65189F0640909F0640909F25C09CC532620263109FF6C045E2BBA0038
:201348008B0100F4EE07DA0134FFCC55C8746DFFC9FE82020D0040034DC0E2FFB70F81F772
:0C136800A68FCDCFE20F0D00C004009056
:20137800808F60FFBF3405803B301020009061FFE9F6EE038222009061FF70F96E043BC0AA
:201398000020009061FF72F6808F4DC0E28FBB0000F826F80D004003D45F09FF48041E1456
:2013B8003B5020203C08DA0034FF095484096D002D0382020D0040034DC0E2FFB70F81F772
:0C13D800A68FCDCFE20F0D00C0040090E6
:2013E80061FF90F60920C8087F40218061FFBAF83FF10480DA00744FD42254214C21FE1657
:2014080061FF88F90FF200F082F0C60F26F37423C81201210226542FEE09D4F232510F12F3
:201428000020542FC602262F742FC8328924880809528C098924AE0861FF8CFBC84F10FFAA
:0E144800C814D4FF54FF904FD4FFEC21009045
:2014580009428409D44F092FC00890FFF4F5CC4109FFC008C21FB4FFCC4109FFC008C2FFF2
:20147800370F70F06E2592F0D4423700F000902F01200226D4F5D426CC51D4674823547109
:20149800D45754727F120680A2210B1350113C087F210680A2120B2330113C02820176180E
:2014B800F425D44F90FF020FF4F6DF00DEFF00908204D44F024F3C06CC41921090FF370051
:2014D80070F074F40940C8083F0FF8FF0940CA08C2F0370070F08FBF1F0061FFE3F6161F8F
:2014F80061FFF8F802403C0C53C020F0CC44C2103700700010FFD4F27424D4FF6814094F3A
:20151800D4083FF0F3FFCC43E815CC43095FFC08B4FFCC43E835CC43095FFC084054ACF4A1
:041538001DFFA8F6F5
:20154000404C09CD8C093C35D4DF8200BCF7088F6E025E1282108B002002DF002A0009CFA4
:20156000F008820040F261FF21F6DF001A00CCC309F4EE08D42F09FFC4087FF41280CCC560
:20158000C874CC43C83F7DCF068002F46DFF2EFF3C0740C56DFF26FECCC389FFAE08D4DF40
:1615A000D4F2D422F4D2D4FF82FF74FF3C02D4FD54DFEECB009061
:2015B800808F60FC09C28C09092FD8081618EE3309CD940909D29809492F041A4DC0E28FDE
:2015D800BB0000F826F80D00400334F42815A81549FF040AA052444F64FFFC2E3705689014
:2015F80009D4BC0902946D00190ED4DF082F5E28CCC30294C83F09F48C196D000F0E0D0032
:1616180040034DC0E2FFB70F81F7A68FCDCFE20F0D00C00400902A
:201630000B4510888080600FC85C4DC0E20F0D00400309F0F008DA405F0F3200D4CF082F4C
:20165000DF2F2180DA003C0909C29019902FD4F46D00A80361FF16F509C0D4183F0FF6FF36
:20167000DA003C0C09CF9019028490FFD4FF09F488196D00D70D61FF05F509C0D4183F0F83
:20169000F3FF09C4802976946DF7A2853C036DFF1DF509C4B80902846D00C40D1DFFAEF66E
:2016B000094F8019482F60F2483F542026F0484FA6F07420481F60F2489F742F486F60F242
:2016D000487F542026F0488FA6F07420485F60FF54FFB71F01F574FF094F801954FF60FF6D
:2016F00054FFCC4C6CF2CC4C09403C0909423409482161FF0BF66CF2094F80194810600F03
:2017100074FF094F80190941380954F06002542061FF94F8EE07485F60FF54FFB71F01FDA2
:0417300074FF0090B2
:20173800404509528C09CC21C83209F4C0180920EE087F042F8053C420F0095290098FB4B1
:201758001F00095484097B000018102261FF9AF50FF10030A6327442D454544261FF8AF45A
:20177800A6127442D42409200809544FEE0274405440C2F0744009248409D422542F90426B
:20179800F42FCC53B4F4CC53C81FC83F89F4AE08CC53C812E832CC5309FFC008ACF4CC5346
:0417B800C8320090A3
:2017C00040450952840982038214092FC008C2FFB42F09548409D452094FC0089024D444E1
:2017E000F424095284090920C008BF202F80D4568F130000C22001640226370070F0D42F95
:20180000906261FF0BF661FF01F8016302462BF44040D44401640226D427D446CC71546026
:20182000D476546161FF62F86E10F424D452012302F60243F4F70614CC51C21437047040EF
:0A18400009FFC0083FF4D5FF009037
:20185000808F60FFBF3405803B301020009061FF7DF4EE038222009061FF04F76E043BC0A9
:201870000020009061FF06F4808F4DC0E28FBB0000F826F80D004003D45F088F6E043B70B9
:2018900010203C1DF6543B8020203C1909528409542F7F5F05803B8040203C117F6F05806C
:2018B0003B8050203C0C61FF61F5EE043B80A0203C0661FFA3F46D00110082020D004003F7
:1418D0004DC0E2FFB70F81F7A68FCDCFE20F0D00C0040090B5
:2018E8002008404F405C024849FD140A61FFD6F33E0FDA273E0DDA433E0BDA4B3E046DFFE4
:2019080081F53C0AC8D25420600261FF3BF7C8C2542F74AF54A0481F0B80001052007F808A
:201928000680A2F18BF11F803C020218D4C240D440C574286DFF8EFD61FFD8F57D2C138068
:2019480061FFACF3BE05DA27BE03DA43BE01DA4BFE0261FF83F97F800780A2080B8F50F113
:201968003C04009061FF26F561FFACF30090C8CF681800901DFF46F50248404FDA003C098F
:20198800C83202849022D4246DFFBCF861FF7EF309F0D0083F0FF6FFDA003C08C852902226
:2019A800D4246D00B30561FF71F309F0D8083F0FF7FFDA003C08C8929022D4246DFF26FB72
:2019C80061FF64F309F0E8083F0FF7FFDA003C09C8B202849022D4246DFF80FA61FF56F3C3
:2019E80009F0F0083F0FF6FFDA003C09C8D202849022D4246DFF36F361FF48F309F0F80899
:201A08003F0FF6FF40F46DF7E78340F46DFFFAF7D4FFDA0234FF0090404FC862405C49FDDB
:201A2800140A092FC0082008EE03A00E3C03D4D2D42E40D46D0066037DCE0880C862092FB3
:201A4800C008EE04A0023C040090D4D2D422BD02218061FF23F33E0FDA273E0DDA433E0BE1
:201A6800DA4B3E046DFFCEF43C0AC8D2542F60F261FF88F6C8C2542F74AF54A0481F54F166
:201A88000B10002052007F1007805AF292F23C03D422542261FF02F3BE00DA273E0EDA43A3
:201AA8003E0CDA4B7E0D61FF75F561FF8BF561FF15F861FF07F30090C8CF681200901DFF66
:021AC800A1F487
:201AD00061FFB4F39A4060F2542F89FF04298B8000F060F2542F6CFA8BC000F060F2542F45
:201AF0006CFB8B0001F060F2542F89FF20198B4001F060F2542F89FF24198B8001F060F2B9
:201B1000542F89FF28198BC001F060F2542F89FF2C198B0002F060F2542F6CFC8B4002F014
:201B300060F2542F6CFD8B8002F060F2542F6CFE8BC002F060F2542F6CFF8B0003F060F2CE
:201B5000542F89FF30198B4003F060F2542F89FF34198B8003F060F2542F89FF38198BC0C2
:0C1B700003F060F2542F89FF3C19007054
:201B8000B70F10F8066FA6F09A4060F209FF0429742F8B8000F060F248AF742F8BC000F046
:201BA00060F248BF742F8B0001F060F209FF2019742F8B4001F060F209FF2419742F8B8076
:201BC00001F060F209FF2819742F8BC001F060F209FF2C19742F8B0002F060F248CF742FCF
:201BE0008B4002F060F248DF742F8B8002F060F248EF742F8BC002F060F248FF742F8B00DF
:201C000003F060F209FF3019742F8B4003F060F209FF3419742F8B8003F060F209FF3819DA
:201C2000742F8BC003F060F209FF3C19742F00700B451088404C4DC0E1FFC58D3C0090DFA3
:201C400054FFEE031DFFE2F37BF000A00FA980F061FFFCF30FAF800061FF08F30B0F00B169
:201C60004DC0E1FF90DFD4FF7CF46DFFCFF33C170FA98000610002010FAF800061FF2AFFE1
:201C800089F80829800F74FF801F6CF1808F6CF8809F60026CF9542F89FF1C29028440C461
:201CA00002B56DFFC7F70D0040034DC0E1FF90DFD4FF0FA980F06100450126FA8FCA00007C
:201CC00061FF60FF4D40E0FF8F0F50F1CD4FE00F0D00C00454FF60F0481F60F1488F60F894
:061CE000489F60F900902E
:201CE800CC43C83209F5C80853C520F0CC230926FC0889F6AE0861FFFDF23FF00480820002
:201D08007420D4FF54F0481FFE0A8FB51F0061FFD1F28FF501F1325F0FF1003082F4C64365
:201D2800263274F2CC4101F002F654FFEE08D44F54FF61FFA7F1C641261F74FF5F65160097
:201D480053C620F061FFD6F23FF00480DA00742FD4FF54F0481F7E098FB61F0061FFAAF295
:201D68008FF601F161FF1EF7D44F54FFCC410F0FB0F1370F68F090FF54F061FF6BF2CC43F0
:201D8800B4F009428C09CC44092FC00853CF20F010FFC815D4FF54FF905FD4FFEC21CC4385
:041DA800C8120090CD
:201DB000404C820085810C703C0909C2940901200226D42FC8FF61FF9DF409CFD8083FF0EB
:201DD000F6FF820085810C703C08CCC701F002F6D4FFD4FF61FF8EF409CFE0083FF0F7FFCD
:201DF000DA003C08CCCB90FFD4F46DFF53F461FF49F109C0F0083F0FF7FFDA003C08CCCDBE
:201E100090FFD4F46DFF2AF161FF3CF109C0F8083F0FF7FFDA003C08CCC390FFD4F46DFFCA
:201E3000FDF561FF2FF109C0D0083F0FF7FF09CD8409CCD688EF3C0DCCD688E03FF0140029
:201E500090FF40C5C8746DFF4DF7C2FF370F50F0EEF4808F40C560F46DFF44F7D4CFDA003D
:201E700034FF00901DFFCAF2B70910188FC000000661A6108B8000F060F2542F6CF28BC0EA
:201E900000F060F2542F6CF38B0001F060F2542F89FF00198B4001F060F2542F89FF0419E6
:201EB0008B8001F060F2542F89FF08198BC001F060F2542F89FF0C198B0002F060F2542F88
:201ED0006CF48B4002F060F2542F6CF58B8002F060F2542F6CF68BC002F060F2542F6CF7F6
:201EF0008B0003F060F2542F89FF10198B4003F060F2542F89FF14198B8003F060F2542FB3
:201F100089FF18198BC003F060F2542F89FF1C199A4060F2542F600289FF0029542F370F9D
:201F3000E10A89F01029370F680B89F00C2900708FCF0000B70910F8066FA6F08B8000F0F1
:201F500060F2482F742F8BC000F060F2483F742F8B0001F060F209FF0019742F8B4001F000
:201F700060F209FF0419742F8B8001F060F209FF0819742F8BC001F060F209FF0C19742FBF
:201F90008B0002F060F2484F742F8B4002F060F2485F742F8B8002F060F2486F742F8BC0DB
:201FB00002F060F2487F742F8B0003F060F209FF1019742F8B4003F060F209FF1419742FD7
:201FD0008B8003F060F209FF1819742F8BC003F060F209FF1C19742F9A4060F209FF0029F8
:201FF000742F600209F01029542F8F500100B70F89FAA60F09F00C298F600100A60F742FC3
:0220100000705E
:20201800808F61FFE7F01603EE0382293C6DBF6405803B3010903C6809C2980961FF8EF261
:202038006E043BC000903C6091000028D9224032012402F6D4F4808FBB0000A84DC0E28FF4
:2020580026A80D0040036DFF09F70229DF09438061FF14F2DF003F00CCC5C874CC43C832AE
:20207800C81F7DF238006DFF5DFB402D4DC0E1FF61FF28F28580107054FF3E0674F03BD097
:2020980000406DFF1BF04DC0E2FF26FA0D0040034D40E0FF8F0F50F1CD4FE00F0D00C004EC
:2020B80080DF60F80D0040034DC0E2FFB70F81F7A6AFCDCFE20F0D00C004CCDDBCF32D0F8E
:2020D800000061FFE7F34D40E00F61FFE3F16DFF19F70D0040034DC0E2FF61FFE3EFCDCF76
:0A20F800E20F0D00C00402920090F8
:202108004046096284098203092FC0083C0BD46401430246D4447D5408008B1300003700E3
:2021280070303FF3F6FF7E338212009092F0B42009628409092FC0087FF35C80D4628F1387
:202148000000C2100123024690220235D42F37007060F44F82043C2AD4658F150000C22058
:20216800015602F6370070F0D4FF905261FF52F161FF48F3015502462BF64060D4440156B0
:202188000226D427D445CC715450D475545161FFA9F36E11F4248214D462012502F6026548
:2021A800F4F70616C21637067060CC6109FFC0083FF6D4FF024FEE1DDF031C009AF3D46209
:2021C800370FF0F0012302F69022D4FFD424C815D447095208095470D4F7547161FF12F31B
:1421E8007608F42FD46F01F302F602F3F4F4EEE7820200904D
:20220000BD047A004C4F3B0002005F0F750061FF01F66E71D44F094284094DC0E20FBB00DE
:2022200000F826F04D00E05F0D004003DA00CD0FE00F0D00C0040D0000020D0080044D0051
:20224000E03F61FF1BF160F4482F61FFAFF2DA00744F61FF13F0CD01E00F0D00C0044D004C
:20226000E0FF6C230D0040034DC0E2FF61FF1EEFCDCFE20F0D00C0040D0040030D00000288
:202280000D0080044D00E03F26348FC4001061FF7DEF60F4482F960161FF88F2485F744F12
:2022A00061FFECEFCD01E00F0D00C0044D00E0FF6C224D00E0FF6C24484F742F483F6C2191
:2022C0000D0040034DC0E2FF61FFF0EECDCFE20F0D00C0040D004003CD05E00F0D00C00442
:1622E0000D0040034DC0E2FF61FFE0EECDCFE20F0D00C00400908E
:2022F8002008404F405C024849FD140A61FFCEEEBE0ADA27BE08DA43BE06DA4B3E046DFF66
:2023180079F03C15C8D2542060025420C8C24C2226F04C2389200C090BF08010C8C2542F34
:20233800421F742FC8C2542F74AF54A261FFAEEE5F0F2A00DA27BE01DA433E06DA4BBE06BD
:202358006DFF58F03C2A54F09A1842F03F8204803F02228002803C1F54F09A1842F03F8235
:2023780004803F02198002803C1682F154F0481FC601262142183F820480C210420826F80E
:2023980074A83C0A54F09A1842F03F8204803F020380028074A054A8D4C240D440C57428B5
:2023B8006DFF50F861FF9AF07D2C138061FF6EEEBE05DA27BE03DA43BE01DA4BFE0261FF89
:2023D80045F47F800780A2080B8F50F13C04009061FFE8EF61FF6EEE0090C8CF68180090A7
:0423F8001DFF08F0CD
:2024000009406008DA145F0F7E00DA273E07DA433E04DA4BBE0D3C780090CC4D54FF60F29A
:2024200009FFD808742F483F60F209FFD808742F484F60F2485F742F481F60F2482F742FA7
:2024400009FF1A0960FF54FFB71F01F53C59CC4D482F60F2483F542026F0484FA6F074208A
:20246000481F60F2489F742F486F60F2487F542026F0488FA6F07420485F60FF54FFB71F8F
:2024800001F574FFCC4D54FF60FF54FFCC4C6CF4CC4C094004096820CC4C6CF3CC4C09F0BF
:2024A000040574F0CC4D481FCC4C60F2484F420F742FCC4D54FF60FF54F1CC4C482F26F184
:2024C000483F68310BF18020CC4C54FF422F74FFCC4C4C4254F17F010680A2100B0F50F1F3
:2024E0003C087F100680A2010B1F30F13C02DA00EE08CC4D485F60FF54FFB71F01FD74FFCE
:0A25000000901DFFD7F81DFF81EFCA
:20251000CC4309429009E832CC43094FF008ACFC09428C09A00FEC2209428C09EC250942BE
:202530008C09F42F09428C09EC21094F78086E71D44F094284094DC0E20FBB0000F826F06D
:202550004D00E05F0D004003DA00CD0FE00F0D00C0040D0000020D0080044D00E03F7BF0A2
:2025700000400F4380F08FCF001061FF37EF61FFE5F0DA0061FFD2EECD01E00F0D00C00498
:202590004D00E0FF6C230D0040034DC0E2FF61FF85EDCDCFE20F0D00C0040D0040030D00A5
:2025B00000020D0080044D00E03F26348FC4001061FF14EF960161FFC1F0485F61FFAEEEA1
:2025D000CD01E00F0D00C0044D00E0FF6C224D00E0FF6C24484F742F483F6C210D00400349
:2025F0004DC0E2FF61FF5AEDCDCFE20F0D00C0040D004003CD05E00F0D00C0040D004003A6
:1A2610004DC0E2FF61FF4AEDCDCFE20F0D00C004CC43DA0089FF1C080090A8
:20263000808F60FC09C28C09092FD808AE038222009009CF4D181E143B1070200090D42FE5
:20265000820040F23C0B0C2882016E025E128211761382103C05D422D422BD02F6FF7609CA
:2026700082620090088F5E2382103C05D4FFD4FFBD0FFAFF76043B5001200090CCC661FFD8
:2026900055EF6E043BC0002000908210CCC3BB0000984DC0E28F26980D00400389F45C09E7
:2026B00009F2640909F45C0926422653BA028B0300F4EA00DF004300CCC509C28C09DA0248
:2026D000C87F892F2C0840F46DFF08FB40F46DFF2DF8402D4DC0E1FF61FFF8EE858F10701B
:2026F00054F03E0674FF3BD000406DFFEBEC4DC0E2FF26F90D0040034D40E0FF8F0F50F199
:20271000CD4FE00F0D00C00480DF60F80D0040034DC0E2FFB70F81F7A69FCDCFE20F0D00BB
:20273000C004CCDDBCF32D0F000061FF53F34D40E00F61FFB3EE6DFFE9F30D0040034DC069
:14275000E2FFB70F81F7A68FCDCFE20F0D00C00482020090AF
:20276800CC43094F421889FF3008CC43DA0389FF2C08CC43094FFC0889FFAE08CC43D2009E
:2027880089F0640989F05C09CC4309429009E832CC43094FF008ACFC09428C09A00FEC22BC
:2027A80009428C09EC2509428C09F42F09428C09EC21094F78086E71D44F094284094DC071
:2027C800E20FBB0000F826F04D00E05F0D004003DA00CD0FE00F0D00C0040D0000020D00C9
:2027E80080044D00E03F7BF000400F4380F08FCF001061FFFFED61FFD5EFDA0061FF9AEDD5
:20280800CD01E00F0D00C0044D00E0FF6C230D0040034DC0E2FF61FF45ECCDCFE20F0D00FE
:20282800C0040D0040030D0000020D0080044D00E03F26348FC4001061FFDCED960161FF93
:20284800B1EF485F61FF76EDCD01E00F0D00C0044D00E0FF6C224D00E0FF6C24484F742F28
:20286800483F6C210D0040034DC0E2FF61FF1AECCDCFE20F0D00C0040D004003CD05E00F29
:1A2888000D00C0040D0040034DC0E2FF61FF0AECCDCFE20F0D00C0040090E3
:2028A80020084DC0E1FFC58F240090FFD4FCD4CF09FF4304A64F34FF09C480296DF78C7C28
:2028C800858F240809FF54085E18D4FF083FD4CF09F04304A6F034F0D4CF083F820092F130
:2028E80026F1F612AA10F6031DFF8CED082F1E1B808F40A460FFD4FF481F74AF54FF78017E
:202908006DFF20F0808F60FFDA02C85CD4CF09C298092CF2DA00892F2F183C0909C29819FE
:202928009022D4246DFFCAEB61FFB0EB09C0DC183F0FF6FF09C4A409DA003C0709C29019BE
:202948009022D42461FFA2EB08346DFF17F809C0D4183F0FF5FF09C4B4196DF73D7C6DF70F
:202968003B7C09C480296DF7377C09C4B409DA003C0909CF901990FFD4FF09F4841961FF85
:2029880085EB6DF70A9109C0D4183F0FF4FFCCC9DA003C08C8929022D4246DFF2FFD61FF1B
:2029A80075EB09F0E8083F0FF7FF82083C1609CF9019DA0001F802F6D4FF3C08C892902237
:2029C800D4246DFF1BFD61FF61EB09F0E8083F0FF7FFC2183708708009CFD4183FF8E9FFAE
:2029E80009C480291DF7F87B20084DC0E1FFC58F240090FFD4FC09CF57085E1B911001F89C
:202A0800D9FF1024C8546DF7E77B40F46DFF16EE91100128D9221024DA003C0F09248C093C
:202A280082F0904FA004D4FFD4FF74F0E81468300D00800461FF2AEB0920D0083F0FF0FFB7
:202A4800858D2408D4DFDA0034FF2CF109D05408DF101980D4DF2CF22CF309D480296DFFB4
:202A680059EB8200CCD9020F3C0709DF901990FFD4FF61FF0BEBD4FF34F009D1D4183F1F2B
:202A8800F6FF40C46DFFCEED09C054080CCEDF105E80EE0809C480296DF79E7BD4CFDA01DB
:202AA80034FF09CD980909CEA81909C2A009F4A2D4CFDA006CF109C4A0196DFFF3F1ACDE88
:202AC80040E4D4A56DF7887B40D46DFF93ED4DC0E2FFBB000008260F0D0040034D40E00F38
:202AE8008F005001CD40E00F0D00C004D4AF80F060080D0040034DC0E20FB7008107A6F0A3
:202B0800CDC0E20F0D00C004C85FC862D4AFC82F892FB419D4AFC832C84FEC2349D4041A30
:202B28006DFF20ECDA0089DF281889DF2E183C0909CFAC1990FFD4F46DFF14EB61FFA6EA51
:142B480009C0F0183F0FF6FF0090EE04D4CFDA0234FF0090A1
:202B60002008404F49FC140A82093C3F61FF9AEA3E0FDA273E0DDA433E0BDA4B3E046DFF7F
:202B800045EC3C0AC8D2542F60F261FFFFEDC8C2542F74AF54AAD4D25420482F7F0A068035
:202BA000A2A00B0F50F13C097FA007800B0A80000B0F30F13C02DA00EE2940C46DFF02F626
:202BC00009D2880940D42D020000C219BF49158082090D0040034DC0E2FFB70F81F7A68F92
:202BE000CDCFE20F0D00C0044DC0E28FBB0000F826F80D004003C862092FC008EE03A00D10
:202C00003C03D4C2D42DBD0DB3FFBD0D3500D4D2542161FF47EA5F0F2A00DA275F0F270089
:202C2000DA435F0F2400DA4B5F0F2480C8C440F28941040961FFCAEA121061FF8FEB61FFA9
:202C4000ADEB42F07440C8C454404C227F100680A2010B1F50F13C087F010680A2100B0F2F
:202C600030F13C02DA00EE3E3C35C8CF68113C3A6DFFCCEB61FF16EA3E0FDA273E0DDA43BF
:202C80003E0BDA4B3E046DFFC1EB3C0AC8D2542F60F261FF7BEDC8C2542F74AF54A054F186
:202CA000481F0B10002052007F1004805AF292F261FFF8E9BE02DA27BE00DA433E0EDA4BEF
:202CC0007E0F61FF6BEC61FF69EB420F61FF0AEFEE0961FF5BEB3C06C8CF68123C036DFFB7
:1A2CE00095EB0D0040034DC0E2FFB70F81F7A68FCDCFE20F0D00C0040090BB
:202D0000404C808FCCC5BB00009860FD4DC0E28F26980D004003C86F3B90000088EF3F0F84
:202D200005006DFF73EB3C0790F2892DA00988EFC21FACFE4DC0E1FF61FFF4EB858F1070DE
:202D400054F03E0674FF3BD000406DFFC3E94DC0E2FF269F0D0040034D40E00F8F005001B6
:202D6000CD40E00F0D00C00480C060080D0040034DC0E20FB7008107A6F0CDC0E20F0D0030
:202D8000C00461FF4BEAD4CF09C284094DC0E2FF26F94D00E04F0D004003DA00CD0FE00F61
:202DA0000D00C0040D0000020D0080044D00E02F7BF0003061FF82EC61FF08EDDA0061FF4E
:202DC000C5EACD00E00F0D00C0044D00E0FF6C230D0040034DC0E2FFB70F81F7A69FCDCF9F
:202DE000E20F0D00C0040D0040030D0000020D0080044D00E02F61FF61EC960161FFE6EC4F
:202E0000485F61FFA3EACD00E00F0D00C0044D00E0FF6C224D00E0FF6C24484F742F483F5A
:202E20006C210D0040034DC0E2FFB70F81F7A69FCDCFE20F0D00C0040D004003CD04E00FD6
:202E40000D00C0040D0040034DC0E2FFB70F81F7A69FCDCFE20F0D00C004CCC180CF6CF743
:202E6000CCC1482F26F38FC3000061FFBBEB4D40E00F61FF6BE909D4840909C584096DFF7C
:1A2E8000A9F00D0040034DC0E2FFB70F81F7A68FCDCFE20F0D00C004009000
:202EA0003BA00D4020183BB0005040A46DFFB2E8808FBB00008860F4CC45C87F4DC0E2FFA1
:202EC0000D00400361FF82EA6D00A80340F46DFF0DF740F46DFF32F4402C808F808F61FF6A
:202EE0007DE96DF77D794DC0E1FF61FFF3EB3E0674FF3BD000406DFFEDE84DC0E2FF268F01
:202F00000D0040034D40E00F8F005001CD40E00F0D00C00480C060080D0040034DC0E20F42
:202F2000B7008107A6F0CDC0E20F0D00C004CCCDBCF32D0F000061FFE9EC4D40E00F61FFD8
:202F400069EB4D00E00F4C54FE030D0040034D00E02F61FF2FEFCD00E00F0D00C0044D003C
:202F6000E0FF6C524D00E0FF61FF18E93C644DC0E2FF26F80D0040030D0000020D0080048B
:202F80004D00E00F4C530F1F802061FF53EACD0FE00F60224D80E3FF742FCD80E30F0D0000
:202FA000C0040D0040034DC0E2FF61FF87E8CDCFE20F0D00C0040D004003DA00CD0FE00FED
:202FC0000D00C0040D0000020D0080044D00E00F61FFC0EFCD00E00F0D00C0044D00E0FF7C
:202FE0006C530D0040034DC0E2FF61FF67E8CDCFE20F0D00C0040D0040030D0000020D005B
:2030000080044D00E02F61FFD5EECD00E00F0D00C0044D00E0FF6C524D00E0FF61FFBEE804
:203020000D0040034DC0E2FF61FF48E8CDCFE20F0D00C0040D004003546F60FB4C6760F4EF
:203040004C62CD0FE00F0D00C0044D40E0FFB70F81F3CD4FE00F0D00C00400801DFFD6E949
:20306000BD04E30009458C0961FFD4EE6E73D44F09428409BB0000084DC0E2FF26F04D00B7
:20308000E06F0D004003DA00CD0FE00F0D00C0040D0000020D0080044D00E03F7BF0005054
:2030A0000F5380F08FCF001061FF40E861FF9EEBDA00746F61FFE2E8CD01E00F0D00C004EA
:2030C0004D00E0FF6C230D0040034DC0E2FF61FFEDE7CDCFE20F0D00C0040D0040030D0008
:2030E00000020D0080044D00E03F26358FC5001061FF1CE8960161FF79EB485F746F61FF69
:20310000BDE8CD01E00F0D00C0044D00E0FF6C224D00E0FF6C24484F742F483F6C210D00AB
:2031200040034DC0E2FF61FFC1E7CDCFE20F0D00C0040D004003CD06E00F0D00C0040D0008
:2031400040034DC0E2FF61FFB1E7CDCFE20F0D00C004BB0000887BF00000DA00895F3A0935
:2031600089543808808F4DC0E2FF268F0D0040034D40E01F8F015011CD41E00F0D00C004E5
:20318000804160180D0040034DC0E21FB7018117A6F1CDC1E20F0D00C004CC45C86F0942CE
:2031A000880989F2B419CC41482F26F08FC0000061FF18EA4D40E00F61FFC8E7CC414DC046
:2031C000E2FF26F84D00E00F3C180D004003B70001FACD0FE00F0D00C0040D0040020D0066
:2031E00040034DC0E2FFB70F81F7A68FCDCFE20F0D00C0044D00E00FB7000CFAEEE70D00F2
:20320000400354FF60FB487F60F4482FCD0FE00F0D00C0044D40E0FFB70F81F3CD4FE00FDE
:0A3220000D00C00400801DFFF1E85E
:203230002020404DBD0DEA0009D28C0989243808808F82F109D0001960FCC610CCC5C8623F
:20325000092F3015260F6E031DFFD8E809D48C09542FA065894F3A0940A44CDF5420A6F031
:20327000742009CE980940E2442F644FFC5E40E46DFFBCE9C86F88EF3B9000003F0F05008F
:203290006DFFBCE83C0790F2892CA00988EFC21FACFE4DC0E1FFC58F240090FF61FF2EE97E
:2032B0003E0674FF3BD000406DFF0CE7BB0000084DC0E2FF260F0D0040034D40E01F8F014B
:2032D0005011CD41E00F0D00C00480D160180D0040034DC0E21FB7018117A6F1CDC1E20F22
:2032F0000D00C00461FF9AE7D4DF09D484094DC0E2FF26F04D00E05F0D004003DA00CD0F59
:20331000E00F0D00C0040D0000020D0080044D00E03F61FFABE860F2482F61FF1FEADA00D2
:20333000742F61FFA3E7CD01E00F0D00C0044D00E0FF6C430D0040034DC0E2FF61FFAEE655
:20335000CDCFE20F0D00C0040D0040030D0000020D0080044D00E03F0F4380F08FCF001073
:2033700061FF0CE760F2482F960161FFF7E9485F742F61FF7BE7CD01E00F0D00C0044D0063
:20339000E0FF6C424D00E0FF6C44484F744F483F6C410D0040034DC0E2FF61FF7FE6CDCF87
:2033B000E20F0D00C0040D004003CD05E00F0D00C0040D0040034DC0E2FF61FF6FE6CDCFCA
:2033D000E20F0D00C004CCD180DF6CF7CCD1482F26F48FC4000061FFFDE84D40E00F61FF1A
:1A33F000ADE609C4840909D584096DFFEBED40AFA06244FF64EFFC2E0090E6
:20341000808F60F4CC4309FFD808AE0382220090D4F28200402F3C0B088F82016E025E1265
:203430008211761382103C05D4FFD4FFBD0FF6FF7609826200900C285E2382103C05D42FA8
:20345000D4F2BD02FAFF76043B5001200090CC4661FF6CE86E043BC000200090CC45BB0079
:203470000088C87F4DC0E2FF0D00400361FFA6E76D00CC0040F46DFF31F440F46DFF56F15D
:20349000402C808F808F61FFA1E66DF7A1764DC0E1FF61FF17E93E0674FF3BD000406DFF75
:2034B00011E64DC0E2FF268F0D0040034D40E00F8F005001CD40E00F0D00C00480C0600841
:2034D0000D0040034DC0E20FB7008107A6F0CDC0E20F0D00C004CCCDBCF32D0F000061FF86
:2034F0000DEA4D40E00F61FF8DE84D00E00F4C54FE030D0040034D00E02F61FF53ECCD007F
:20351000E00F0D00C0044D00E0FF6C524D00E0FF61FF3CE63C644DC0E2FF26F80D00400347
:203530000D0000020D0080044D00E00F4C530F1F802061FF77E7CD0FE00F60224D80E3FF78
:20355000742FCD80E30F0D00C0040D0040034DC0E2FF61FFABE5CDCFE20F0D00C0040D000F
:203570004003DA00CD0FE00F0D00C0040D0000020D0080044D00E00F61FFE4ECCD00E00FBA
:203590000D00C0044D00E0FF6C530D0040034DC0E2FF61FF8BE5CDCFE20F0D00C0040D00E6
:2035B00040030D0000020D0080044D00E02F61FFF9EBCD00E00F0D00C0044D00E0FF6C5201
:2035D0004D00E0FF61FFE2E50D0040034DC0E2FF61FF6CE5CDCFE20F0D00C0040D004003EB
:2035F000546F60FB4C6760F44C62CD0FE00F0D00C0044D40E0FFB70F81F3CD4FE00F0D008E
:20361000C00400801DFFFAE6404C09C28C0909C04218092F70083A0F861FC21F892F2C08E0
:20363000D20009C28C098920640989205C0909C28C09CCC4EC23CCC309CFF008ACFCCCC38F
:2036500049F4140A6DF7C47509C498096DFFCEE740C46DFF6FEF40C46DF7BA75CCC3C82FE8
:20367000BCF8D4FFDA0389FF2808CCC3A002E822808F60FF7DFCA80061FF04E7BB00001836
:20369000D4CF7BF0003009C48409DF009E004DC0E2FF26F14D00E04F0D0040034C42CD0FCA
:2036B000E00F0D00C0040D0040034DC0E2FF61FFF9E4CDCFE20F0D00C0040D0040030D0004
:2036D00000020D0080044D00E00F4C430F3F802061FFA8E6CD0FE00F60224D80E3FF742F01
:2036F000CD80E30F0D00C0040D0040034DC0E2FF61FFD8E4CDCFE20F0D00C0040D004003A2
:20371000DA00CD0FE00F0D00C0040D0000020D0080044D00E05F0F3580F08FCF000061FF85
:203730003DE661FF23E5DA0061FF40E5CD00E00F0D00C0044D00E0FF6C430D0040034DC0CA
:20375000E2FF61FFAFE4CDCFE20F0D00C0040D0040030D0000020D0080044D00E05F265332
:203770008FC3000061FF1AE6960161FFFFE4485F61FF1CE5CD00E00F0D00C0044D00E0FFEC
:203790006C424D00E0FF6C44484F744F483F6C410D0040034DC0E2FF61FF84E4CDCFE20F6E
:2037B0000D00C0040D004003CD04E00F0D00C0040D0040034DC0E2FF61FF74E4CDCFE20FC4
:2037D0000D00C00400904DC0E20F26104D00E04F0D0040034C42CD0FE00F0D00C0040D0041
:2037F00040034DC0E2FF61FF59E4CDCFE20F0D00C0040D0040030D0000020D0080044D0050
:20381000E01F4C430F3F802061FF0CE6CD0FE00F60224D80E3FF742FCD81E30F0D00C0041A
:203830000D0040034DC0E2FF61FF38E4CDCFE20F0D00C0040D004003DA00CD0FE00F0D005E
:20385000C0040D0000020D0080044D00E05F26538FC30010B70510F8066FA6F19A4160F290
:20387000482F742F4832A62F742F8B8100F060F254FF742F8BC100F060F2DA00742FB70521
:20389000891A486FB71F01FAA6F1CD01E00F0D00C0044D00E0FF6C430D0040034DC0E2FFAF
:2038B00061FFFCE3CDCFE20F0D00C0044D00E0FF6C42485F744F483F6C410D004003CD04C2
:2038D000E00F0D00C0040D0040034DC0E2FF61FFE5E3CDCFE20F0D00C0044DC0E20FCCC1C9
:2038F000BBF00FF826F0482FBB000018B70F89FA6CF226010661A6F168218FF00FF18F6FD4
:2039100001F0A6F1682100902018808FBB00008860FFC85C4DC0E2FF0D004003C832092F79
:203930005C045E14DA00342F3C448200C8323C0A0C2882016E025E128211761382103C05A0
:20395000D422D422BD02F6FF760A40F46DFFF2ED3B900A4040A482656DFF54E38200C832B9
:203970003C060C285E2382103C05D422D422BD02FAFF760B40F46DF72B743B900A4040A418
:203990003B5001506DFF3EE3C864094F50080940D4081601A60F0940D208A60F6E0A6DFF25
:2039B00025E63B900A4040A43BC000506DFF2AE3CCC688EFEE046DFF21E53C06C2FFACFE15
:2039D00088EF90FFC88C09CFF00882001E143B0020107E12821085891070DF009900CCC5D5
:2039F000C8748080820ACC43C832C81F7DF207006DFF9CEE402D821A3C0240CD8080600ED1
:203A100009E28C094924140A6DF7E2734DC0E1FF61FF80E554FF3E9674F93BD000406DFFD5
:203A300051E34DC0E20F26800D0040034D40E0FF8F0F50F1CD4FE00F0D00C00480DF60F870
:203A50000D0040034DC0E2FF61FF28E3CDCFE20F0D00C00476A5CCDDBCF32D0F0000CCD5FF
:203A7000C86F09D2880989F2B419CCD1482F7BF000100F1F80008FC0000061FFABE54D4042
:203A9000E00F61FF5BE309E28409CCD14DC0E2FF0F8F80000D0040030D0000020D00800478
:203AB0004D00E02F4C2326F18FC10010B70F10F8066FA6F16012542FCD0FE00F60124D80DB
:203AD000E3FF742FCD82E30F0D00C0040D0040034DC0E2FF61FFE2E2CDCFE20F0D00C0047F
:203AF0000D00400354FF60FB487F60F4482FCD0FE00F0D00C0044D40E0FFB70F81F3CD4FC8
:203B1000E00F0D00C00400806DFF78E47BF000A0808F60FD09D28C094924140A6DF75873EC
:203B30004DC0E1FFC5822400902FD4FFC86F09FFB419D4FF54FF3E9674F93BD000406DFF61
:203B5000C1E24DC0E2FF268F0D0040034D40E00F8F005001CD40E00F0D00C00480C06008EE
:203B70000D0040034DC0E20FB7008107A6F0CDC0E20F0D00C00461FF49E3CCC1482F0FAF75
:203B900080008FC0000061FF25E54D40E00F61FFD5E209D28409CCC14DC0E2FF26F80D003B
:203BB00040030D0000020D0080044D00E01F4C2326FA8FCA0000B70F10F8066FA6F06002A3
:203BD000542FCD0FE00F60024D80E3FF742FCD81E30F0D00C0040D0040034DC0E2FFB70FBE
:203BF00081F7A68FCDCFE20F0D00C0040D00400354FF60FB487F60F4482FCD0FE00F0D0042
:203C1000C0044D40E0FFB70F81F3CD4FE00F0D00C00400801DFFF2E3BB00008820084DC065
:203C3000E2FF0D004003808F60FFC852C83409229809094F3A09892F301909FF48185E1879
:203C5000C85FD4FF48108B002002AB0FA0F06E07DF1F9500DF2FB5011D00FE01808F60FFB5
:203C7000C85FC86F88EFEE046DFFC8E33C06C2FFACFE88EF90FFC88C808F60FD09D28C0973
:203C90004924140A6DF7A4724DC0E1FFC5822400902F61FF33E43E0674FF3BD000406DFF13
:203CB00011E24DC0E2FF268F0D0040034D40E00F8F005001CD40E00F0D00C00480C060083D
:203CD0000D0040034DC0E20FB7008107A6F0CDC0E20F0D00C004CCC5C86F09C2880989F2C3
:203CF000B419CCC1482F7BF000100F1F80008FC0000061FF6FE44D40E00F61FF1FE209D200
:203D10008409CCC14DC0E20F26800D0040030D0000020D0080044D00E02F4C2326F18FC1B3
:203D3000001061FFBBE2CD0FE00F60124D80E3FF742FCD82E30F0D00C0040D0040034DC068
:203D5000E2FF61FFABE1CDCFE20F0D00C0040D00400354FF60FB487F60F4482FCD0FE00FCD
:203D70000D00C0044D40E0FFB70F81F3CD4FE00F0D00C00400806DFF41E361FFA7E28080E7
:203D9000600FC85FC86F88EFEE046DFF37E33C06C2FFACFE88EF90FFC88D09DFF0088200ED
:203DB0001E143B0020107E128210DF009200CCD5C874808F820BCC43C832C81F7DF20700E4
:203DD0006DFFB4EC402E821B3C0240DE8080600FF4AFC83F49F4140A6DF7FA714DC0E1FF30
:203DF00061FFF4E23E9674F93BD000406DFF6AE14DC0E20F26800D0040034D40E0FF8F0F3C
:203E100050F1CD4FE00F0D00C00480EF60F80D0040034DC0E2FF61FF41E1CDCFE20F0D0054
:203E3000C00476B5CCEDBCF32D0F000061FF12E30FAF80008FC0000061FFCCE34D40E00F72
:203E500061FF7CE1D4AFC81F09E284094DC0E2FF0F8F80000D0040030D0000020D008004B7
:203E70004D00E01F483F0FAF80208FC20020B70F10F8066FA6F2602F54FFCD0FE00F602F79
:203E90004D80E3FF74FFCD81E30F0D00C0040D0040034DC0E2FF61FF01E1CDCFE20F0D00C5
:203EB000C0040D004003542F60FB4C2760F44C22CD0FE00F0D00C0044D40E0FFB70F81F389
:203ED000CD4FE00F0D00C00400806DFF97E2808F60FE09E28C094924140A6DF779714DC0BE
:203EF000E1FF61FF73E23E9674F93BD000406DFFE9E04DC0E2FF268F0D0040034D40E00FED
:203F10008F005001CD40E00F0D00C00480D060080D0040034DC0E20FB7008107A6F0CDC07C
:203F3000E20F0D00C00461FF79E1CCD1482F0FAF80008FC0000061FF4DE34D40E00F61FFE8
:203F5000FDE009E28409CCD14DC0E20F26800D0040030D0000020D0080044D00E02F4C2300
:203F700026FA8FCA001061FF99E1CD0FE00F60124D80E3FF742FCD82E30F0D00C0040D0020
:203F900040034DC0E2FF61FF89E0CDCFE20F0D00C0040D00400354FF60FB487F60F4482F29
:203FB000CD0FE00F0D00C0044D40E0FFB70F81F3CD4FE00F0D00C00400806DFF1FE261FF86
:203FD00085E1808F60FDCCD5C88ECCE5C874CC43C832C81F7DF205006DFFA8EB402E4DC03D
:203FF000E1FF61FFF3E13E9674F93BD000406DFF69E04DC0E2FF26F80D0040034D40E0FF94
:204010008F0F50F1CD4FE00F0D00C00480EF60F80D0040034DC0E2FFB70F81F7A68FCDCFC1
:20403000E20F0D00C004CCEDBCF32D0F000061FF11E226FA8FCA000061FFCCE24D40E00FB4
:2040500061FF7CE009D4840909E584096DFF5EE76DFFD4E11DFFD2E12008DA012CA440A457
:0A4070006DFF28E20CA4EEFF0090A3
:20408000D8250080242600807C260080000000001E00010002470000010000001C000080B2
:1840A000000000001C0000800000000044000080010000001000008017
:206000000D00000282044D00E05F40B46DFF0ED40D0040020080000000000000000000004E
:206020000D00000291000048D94474C26DFFEECF0D0040020080000000000000000000002D
:206040000D00000282244D00E05F40B46DFFEED30D0040020080000000000000000000000F
:206060000D00000282344D00E05F40B46DFFDED30D004002008000000000000000000000EF
:206080000D00000282444D00E05F40B46DFFCED30D004002008000000000000000000000CF
:2060A0000D00000282544D00E05F40B46DFFBED30D004002008000000000000000000000AF
:2060C0000D00000282644D00E05F40B46DFFAED30D0040020080000000000000000000008F
:2060E0000D00000282744D00E05F40B46DFF9ED30D0040020080000000000000000000006F
:206100000D0000023B8000404D00E05F40B46DFF8DD30D004002008000000000000000005A
:206120000D0000023B9000404D00E05F40B46DFF7DD30D004002008000000000000000003A
:206140000D0000023BA000404D00E05F40B46DFF6DD30D004002008000000000000000001A
:206160000D0000023BB000404D00E05F40B46DFF5DD30D00400200800000000000000000FA
:206180000D0000023BC000404D00E05F40B46DFF4DD30D00400200800000000000000000DA
:2061A0000D0000023BD000404D00E05F40B46DFF3DD30D00400200800000000000000000BA
:2061C0000D0000023BE000404D00E05F40B46DFF2DD30D004002008000000000000000009A
:2061E0000D0000023BF000404D00E05F40B46DFF1DD30D004002008000000000000000007A
:206200000D0000023B0001404D00E05F40B46DFF0DD30D0040020080000000000000000058
:206220000D0000023B1001404D00E05F40B46DFFFDD20D0040020080000000000000000039
:206240000D0000023B2001404D00E05F40B46DFFEDD20D0040020080000000000000000019
:206260000D0000023B3001404D00E05F40B46DFFDDD20D00400200800000000000000000F9
:206280000D0000023B4001404D00E05F40B46DFFCDD20D00400200800000000000000000D9
:2062A0000D0000023B5001404D00E05F40B46DFFBDD20D00400200800000000000000000B9
:2062C0000D0000023B6001404D00E05F40B46DFFADD20D0040020080000000000000000099
:2062E0000D0000023B7001404D00E05F40B46DFF9DD20D0040020080000000000000000079
:206300000D0000023B8001404D00E05F40B46DFF8DD20D0040020080000000000000000058
:206320000D0000023B9001404D00E05F40B46DFF7DD20D0040020080000000000000000038
:206340000D0000023BA001404D00E05F40B46DFF6DD20D0040020080000000000000000018
:206360000D0000023BB001404D00E05F40B46DFF5DD20D00400200800000000000000000F8
:206380000D0000023BC001404D00E05F40B46DFF4DD20D00400200800000000000000000D8
:2063A0000D0000023BD001404D00E05F40B46DFF3DD20D00400200800000000000000000B8
:2063C0000D0000023BE001404D00E05F40B46DFF2DD20D0040020080000000000000000098
:2063E0000D0000023BF001404D00E05F40B46DFF1DD20D0040020080000000000000000078
:206400000D0000023B0002404D00E05F40B46DFF0DD20D0040020080000000000000000056
:206420000D0000023B1002404D00E05F40B46DFFFDD10D0040020080000000000000000037
:206440000D0000023B2002404D00E05F40B46DFFEDD10D0040020080000000000000000017
:206460000D0000023B3002404D00E05F40B46DFFDDD10D00400200800000000000000000F7
:206480000D0000023B4002404D00E05F40B46DFFCDD10D00400200800000000000000000D7
:2064A0000D0000023B5002404D00E05F40B46DFFBDD10D00400200800000000000000000B7
:2064C0000D0000023B6002404D00E05F40B46DFFADD10D0040020080000000000000000097
:2064E0000D0000023B7002404D00E05F40B46DFF9DD10D0040020080000000000000000077
:206500000D0000023B8002404D00E05F40B46DFF8DD10D0040020080000000000000000056
:206520000D0000023B9002404D00E05F40B46DFF7DD10D0040020080000000000000000036
:206540000D0000023BA002404D00E05F40B46DFF6DD10D0040020080000000000000000016
:206560000D0000023BB002404D00E05F40B46DFF5DD10D00400200800000000000000000F6
:206580000D0000023BC002404D00E05F40B46DFF4DD10D00400200800000000000000000D6
:2065A0000D0000023BD002404D00E05F40B46DFF3DD10D00400200800000000000000000B6
:2065C0000D0000023BE002404D00E05F40B46DFF2DD10D0040020080000000000000000096
:2065E0000D0000023BF002404D00E05F40B46DFF1DD10D0040020080000000000000000076
:206600000D0000023B0003404D00E05F40B46DFF0DD10D0040020080000000000000000054
:206620000D0000023B1003404D00E05F40B46DFFFDD00D0040020080000000000000000035
:206640000D0000023B2003404D00E05F40B46DFFEDD00D0040020080000000000000000015
:206660000D0000023B3003404D00E05F40B46DFFDDD00D00400200800000000000000000F5
:206680000D0000023B4003404D00E05F40B46DFFCDD00D00400200800000000000000000D5
:2066A0000D0000023B5003404D00E05F40B46DFFBDD00D00400200800000000000000000B5
:2066C0000D0000023B6003404D00E05F40B46DFFADD00D0040020080000000000000000095
:2066E0000D0000023B7003404D00E05F40B46DFF9DD00D0040020080000000000000000075
:206700000D0000023B8003404D00E05F40B46DFF8DD00D0040020080000000000000000054
:206720000D0000023B9003404D00E05F40B46DFF7DD00D0040020080000000000000000034
:206740000D0000023BA003404D00E05F40B46DFF6DD00D0040020080000000000000000014
:206760000D0000023BB003404D00E05F40B46DFF5DD00D00400200800000000000000000F4
:206780000D0000023BC003404D00E05F40B46DFF4DD00D00400200800000000000000000D4
:2067A0000D0000023BD003404D00E05F40B46DFF3DD00D00400200800000000000000000B4
:2067C0000D0000023BE003404D00E05F40B46DFF2DD00D0040020080000000000000000094
:2067E0000D0000023BF003404D00E05F40B46DFF1DD00D0040020080000000000000000074
:206800000D0000023B0004404D00E05F40B46DFF0DD00D0040020080000000000000000052
:206820000D0000023B1004404D00E05F40B46DFFFDCF0D0040020080000000000000000033
:206840000D0000023B2004404D00E05F40B46DFFEDCF0D0040020080000000000000000013
:206860000D0000023B3004404D00E05F40B46DFFDDCF0D00400200800000000000000000F3
:206880000D0000023B4004404D00E05F40B46DFFCDCF0D00400200800000000000000000D3
:2068A0000D0000023B5004404D00E05F40B46DFFBDCF0D00400200800000000000000000B3
:2068C0000D0000023B6004404D00E05F40B46DFFADCF0D0040020080000000000000000093
:2068E0000D0000023B7004404D00E05F40B46DFF9DCF0D0040020080000000000000000073
:206900000D0000023B8004404D00E05F40B46DFF8DCF0D0040020080000000000000000052
:206920000D0000023B9004404D00E05F40B46DFF7DCF0D0040020080000000000000000032
:206940000D0000023BA004404D00E05F40B46DFF6DCF0D0040020080000000000000000012
:206960000D0000023BB004404D00E05F40B46DFF5DCF0D00400200800000000000000000F2
:206980000D0000023BC004404D00E05F40B46DFF4DCF0D00400200800000000000000000D2
:2069A0000D0000023BD004404D00E05F40B46DFF3DCF0D00400200800000000000000000B2
:2069C0000D0000023BE004404D00E05F40B46DFF2DCF0D0040020080000000000000000092
:2069E0000D0000023BF004404D00E05F40B46DFF1DCF0D0040020080000000000000000072
:206A00000D0000023B0005404D00E05F40B46DFF0DCF0D0040020080000000000000000050
:206A20000D0000023B1005404D00E05F40B46DFFFDCE0D0040020080000000000000000031
:206A40000D0000023B2005404D00E05F40B46DFFEDCE0D0040020080000000000000000011
:206A60000D0000023B3005404D00E05F40B46DFFDDCE0D00400200800000000000000000F1
:206A80000D0000023B4005404D00E05F40B46DFFCDCE0D00400200800000000000000000D1
:206AA0000D0000023B5005404D00E05F40B46DFFBDCE0D00400200800000000000000000B1
:206AC0000D0000023B6005404D00E05F40B46DFFADCE0D0040020080000000000000000091
:206AE0000D0000023B7005404D00E05F40B46DFF9DCE0D0040020080000000000000000071
:206B00000D0000023B8005404D00E05F40B46DFF8DCE0D0040020080000000000000000050
:206B20000D0000023B9005404D00E05F40B46DFF7DCE0D0040020080000000000000000030
:206B40000D0000023BA005404D00E05F40B46DFF6DCE0D0040020080000000000000000010
:206B60000D0000023BB005404D00E05F40B46DFF5DCE0D00400200800000000000000000F0
:206B80000D0000023BC005404D00E05F40B46DFF4DCE0D00400200800000000000000000D0
:206BA0000D0000023BD005404D00E05F40B46DFF3DCE0D00400200800000000000000000B0
:206BC0000D0000023BE005404D00E05F40B46DFF2DCE0D0040020080000000000000000090
:206BE0000D0000023BF005404D00E05F40B46DFF1DCE0D0040020080000000000000000070
:206C00000D0000023B0006404D00E05F40B46DFF0DCE0D004002008000000000000000004E
:206C20000D0000023B1006404D00E05F40B46DFFFDCD0D004002008000000000000000002F
:206C40000D0000023B2006404D00E05F40B46DFFEDCD0D004002008000000000000000000F
:206C60000D0000023B3006404D00E05F40B46DFFDDCD0D00400200800000000000000000EF
:206C80000D0000023B4006404D00E05F40B46DFFCDCD0D00400200800000000000000000CF
:206CA0000D0000023B5006404D00E05F40B46DFFBDCD0D00400200800000000000000000AF
:206CC0000D0000023B6006404D00E05F40B46DFFADCD0D004002008000000000000000008F
:206CE0000D0000023B7006404D00E05F40B46DFF9DCD0D004002008000000000000000006F
:206D00000D0000023B8006404D00E05F40B46DFF8DCD0D004002008000000000000000004E
:206D20000D0000023B9006404D00E05F40B46DFF7DCD0D004002008000000000000000002E
:206D40000D0000023BA006404D00E05F40B46DFF6DCD0D004002008000000000000000000E
:206D60000D0000023BB006404D00E05F40B46DFF5DCD0D00400200800000000000000000EE
:206D80000D0000023BC006404D00E05F40B46DFF4DCD0D00400200800000000000000000CE
:206DA0000D0000023BD006404D00E05F40B46DFF3DCD0D00400200800000000000000000AE
:206DC0000D0000023BE006404D00E05F40B46DFF2DCD0D004002008000000000000000008E
:206DE0000D0000023BF006404D00E05F40B46DFF1DCD0D004002008000000000000000006E
:206E00000D0000023B0007404D00E05F40B46DFF0DCD0D004002008000000000000000004C
:206E20000D0000023B1007404D00E05F40B46DFFFDCC0D004002008000000000000000002D
:206E40000D0000023B2007404D00E05F40B46DFFEDCC0D004002008000000000000000000D
:206E60000D0000023B3007404D00E05F40B46DFFDDCC0D00400200800000000000000000ED
:206E80000D0000023B4007404D00E05F40B46DFFCDCC0D00400200800000000000000000CD
:206EA0000D0000023B5007404D00E05F40B46DFFBDCC0D00400200800000000000000000AD
:206EC0000D0000023B6007404D00E05F40B46DFFADCC0D004002008000000000000000008D
:206EE0000D0000023B7007404D00E05F40B46DFF9DCC0D004002008000000000000000006D
:206F00000D0000023B8007404D00E05F40B46DFF8DCC0D004002008000000000000000004C
:206F20000D0000023B9007404D00E05F40B46DFF7DCC0D004002008000000000000000002C
:206F40000D0000023BA007404D00E05F40B46DFF6DCC0D004002008000000000000000000C
:206F60000D0000023BB007404D00E05F40B46DFF5DCC0D00400200800000000000000000EC
:206F80000D0000023BC007404D00E05F40B46DFF4DCC0D00400200800000000000000000CC
:206FA0000D0000023BD007404D00E05F40B46DFF3DCC0D00400200800000000000000000AC
:206FC0000D0000023BE007404D00E05F40B46DFF2DCC0D004002008000000000000000008C
:206FE0000D0000023BF007404D00E05F40B46DFF1DCC0D004002008000000000000000006C
:207000000D0000023B0008404D00E05F40B46DFF0DCC0D004002008000000000000000004A
:207020000D0000023B1008404D00E05F40B46DFFFDCB0D004002008000000000000000002B
:207040000D0000023B2008404D00E05F40B46DFFEDCB0D004002008000000000000000000B
:207060000D0000023B3008404D00E05F40B46DFFDDCB0D00400200800000000000000000EB
:207080000D0000023B4008404D00E05F40B46DFFCDCB0D00400200800000000000000000CB
:2070A0000D0000023B5008404D00E05F40B46DFFBDCB0D00400200800000000000000000AB
:2070C0000D0000023B6008404D00E05F40B46DFFADCB0D004002008000000000000000008B
:2070E0000D0000023B7008404D00E05F40B46DFF9DCB0D004002008000000000000000006B
:207100000D0000023B8008404D00E05F40B46DFF8DCB0D004002008000000000000000004A
:207120000D0000023B9008404D00E05F40B46DFF7DCB0D004002008000000000000000002A
:207140000D0000023BA008404D00E05F40B46DFF6DCB0D004002008000000000000000000A
:207160000D0000023BB008404D00E05F40B46DFF5DCB0D00400200800000000000000000EA
:207180000D0000023BC008404D00E05F40B46DFF4DCB0D00400200800000000000000000CA
:2071A0000D0000023BD008404D00E05F40B46DFF3DCB0D00400200800000000000000000AA
:2071C0000D0000023BE008404D00E05F40B46DFF2DCB0D004002008000000000000000008A
:2071E0000D0000023BF008404D00E05F40B46DFF1DCB0D004002008000000000000000006A
:207200000D0000023B0009404D00E05F40B46DFF0DCB0D0040020080000000000000000048
:207220000D0000023B1009404D00E05F40B46DFFFDCA0D0040020080000000000000000029
:207240000D0000023B2009404D00E05F40B46DFFEDCA0D0040020080000000000000000009
:207260000D0000023B3009404D00E05F40B46DFFDDCA0D00400200800000000000000000E9
:207280000D0000023B4009404D00E05F40B46DFFCDCA0D00400200800000000000000000C9
:2072A0000D0000023B5009404D00E05F40B46DFFBDCA0D00400200800000000000000000A9
:2072C0000D0000023B6009404D00E05F40B46DFFADCA0D0040020080000000000000000089
:2072E0000D0000023B7009404D00E05F40B46DFF9DCA0D0040020080000000000000000069
:207300000D0000023B8009404D00E05F40B46DFF8DCA0D0040020080000000000000000048
:207320000D0000023B9009404D00E05F40B46DFF7DCA0D0040020080000000000000000028
:207340000D0000023BA009404D00E05F40B46DFF6DCA0D0040020080000000000000000008
:207360000D0000023BB009404D00E05F40B46DFF5DCA0D00400200800000000000000000E8
:207380000D0000023BC009404D00E05F40B46DFF4DCA0D00400200800000000000000000C8
:2073A0000D0000023BD009404D00E05F40B46DFF3DCA0D00400200800000000000000000A8
:2073C0000D0000023BE009404D00E05F40B46DFF2DCA0D0040020080000000000000000088
:2073E0000D0000023BF009404D00E05F40B46DFF1DCA0D0040020080000000000000000068
:207400000D0000023B000A404D00E05F40B46DFF0DCA0D0040020080000000000000000046
:207420000D0000023B100A404D00E05F40B46DFFFDC90D0040020080000000000000000027
:207440000D0000023B200A404D00E05F40B46DFFEDC90D0040020080000000000000000007
:207460000D0000023B300A404D00E05F40B46DFFDDC90D00400200800000000000000000E7
:207480000D0000023B400A404D00E05F40B46DFFCDC90D00400200800000000000000000C7
:2074A0000D0000023B500A404D00E05F40B46DFFBDC90D00400200800000000000000000A7
:2074C0000D0000023B600A404D00E05F40B46DFFADC90D0040020080000000000000000087
:2074E0000D0000023B700A404D00E05F40B46DFF9DC90D0040020080000000000000000067
:207500000D0000023B800A404D00E05F40B46DFF8DC90D0040020080000000000000000046
:207520000D0000023B900A404D00E05F40B46DFF7DC90D0040020080000000000000000026
:207540000D0000023BA00A404D00E05F40B46DFF6DC90D0040020080000000000000000006
:207560000D0000023BB00A404D00E05F40B46DFF5DC90D00400200800000000000000000E6
:207580000D0000023BC00A404D00E05F40B46DFF4DC90D00400200800000000000000000C6
:2075A0000D0000023BD00A404D00E05F40B46DFF3DC90D00400200800000000000000000A6
:2075C0000D0000023BE00A404D00E05F40B46DFF2DC90D0040020080000000000000000086
:2075E0000D0000023BF00A404D00E05F40B46DFF1DC90D0040020080000000000000000066
:207600000D0000023B000B404D00E05F40B46DFF0DC90D0040020080000000000000000044
:207620000D0000023B100B404D00E05F40B46DFFFDC80D0040020080000000000000000025
:207640000D0000023B200B404D00E05F40B46DFFEDC80D0040020080000000000000000005
:207660000D0000023B300B404D00E05F40B46DFFDDC80D00400200800000000000000000E5
:207680000D0000023B400B404D00E05F40B46DFFCDC80D00400200800000000000000000C5
:2076A0000D0000023B500B404D00E05F40B46DFFBDC80D00400200800000000000000000A5
:2076C0000D0000023B600B404D00E05F40B46DFFADC80D0040020080000000000000000085
:2076E0000D0000023B700B404D00E05F40B46DFF9DC80D0040020080000000000000000065
:207700000D0000023B800B404D00E05F40B46DFF8DC80D0040020080000000000000000044
:207720000D0000023B900B404D00E05F40B46DFF7DC80D0040020080000000000000000024
:207740000D0000023BA00B404D00E05F40B46DFF6DC80D0040020080000000000000000004
:207760000D0000023BB00B404D00E05F40B46DFF5DC80D00400200800000000000000000E4
:207780000D0000023BC00B404D00E05F40B46DFF4DC80D00400200800000000000000000C4
:2077A0000D0000023BD00B404D00E05F40B46DFF3DC80D00400200800000000000000000A4
:2077C0000D0000023BE00B404D00E05F40B46DFF2DC80D0040020080000000000000000084
:2077E0000D0000023BF00B404D00E05F40B46DFF1DC80D0040020080000000000000000064
:207800000D0000023B000C404D00E05F40B46DFF0DC80D0040020080000000000000000042
:207820000D0000023B100C404D00E05F40B46DFFFDC70D0040020080000000000000000023
:207840000D0000023B200C404D00E05F40B46DFFEDC70D0040020080000000000000000003
:207860000D0000023B300C404D00E05F40B46DFFDDC70D00400200800000000000000000E3
:207880000D0000023B400C404D00E05F40B46DFFCDC70D00400200800000000000000000C3
:2078A0000D0000023B500C404D00E05F40B46DFFBDC70D00400200800000000000000000A3
:2078C0000D0000023B600C404D00E05F40B46DFFADC70D0040020080000000000000000083
:2078E0000D0000023B700C404D00E05F40B46DFF9DC70D0040020080000000000000000063
:207900000D0000023B800C404D00E05F40B46DFF8DC70D0040020080000000000000000042
:207920000D0000023B900C404D00E05F40B46DFF7DC70D0040020080000000000000000022
:207940000D0000023BA00C404D00E05F40B46DFF6DC70D0040020080000000000000000002
:207960000D0000023BB00C404D00E05F40B46DFF5DC70D00400200800000000000000000E2
:207980000D0000023BC00C404D00E05F40B46DFF4DC70D00400200800000000000000000C2
:2079A0000D0000023BD00C404D00E05F40B46DFF3DC70D00400200800000000000000000A2
:2079C0000D0000023BE00C404D00E05F40B46DFF2DC70D0040020080000000000000000082
:2079E0000D0000023BF00C404D00E05F40B46DFF1DC70D0040020080000000000000000062
:207A00000D0000023B000D404D00E05F40B46DFF0DC70D0040020080000000000000000040
:207A20000D0000023B100D404D00E05F40B46DFFFDC60D0040020080000000000000000021
:207A40000D0000023B200D404D00E05F40B46DFFEDC60D0040020080000000000000000001
:207A60000D0000023B300D404D00E05F40B46DFFDDC60D00400200800000000000000000E1
:207A80000D0000023B400D404D00E05F40B46DFFCDC60D00400200800000000000000000C1
:207AA0000D0000023B500D404D00E05F40B46DFFBDC60D00400200800000000000000000A1
:207AC0000D0000023B600D404D00E05F40B46DFFADC60D0040020080000000000000000081
:207AE0000D0000023B700D404D00E05F40B46DFF9DC60D0040020080000000000000000061
:207B00000D0000023B800D404D00E05F40B46DFF8DC60D0040020080000000000000000040
:207B20000D0000023B900D404D00E05F40B46DFF7DC60D0040020080000000000000000020
:207B40000D0000023BA00D404D00E05F40B46DFF6DC60D0040020080000000000000000000
:207B60000D0000023BB00D404D00E05F40B46DFF5DC60D00400200800000000000000000E0
:207B80000D0000023BC00D404D00E05F40B46DFF4DC60D00400200800000000000000000C0
:207BA0000D0000023BD00D404D00E05F40B46DFF3DC60D00400200800000000000000000A0
:207BC0000D0000023BE00D404D00E05F40B46DFF2DC60D0040020080000000000000000080
:207BE0000D0000023BF00D404D00E05F40B46DFF1DC60D0040020080000000000000000060
:207C00000D0000023B000E404D00E05F40B46DFF0DC60D004002008000000000000000003E
:207C20000D0000023B100E404D00E05F40B46DFFFDC50D004002008000000000000000001F
:207C40000D0000023B200E404D00E05F40B46DFFEDC50D00400200800000000000000000FF
:207C60000D0000023B300E404D00E05F40B46DFFDDC50D00400200800000000000000000DF
:207C80000D0000023B400E404D00E05F40B46DFFCDC50D00400200800000000000000000BF
:207CA0000D0000023B500E404D00E05F40B46DFFBDC50D004002008000000000000000009F
:207CC0000D0000023B600E404D00E05F40B46DFFADC50D004002008000000000000000007F
:207CE0000D0000023B700E404D00E05F40B46DFF9DC50D004002008000000000000000005F
:207D00000D0000023B800E404D00E05F40B46DFF8DC50D004002008000000000000000003E
:207D20000D0000023B900E404D00E05F40B46DFF7DC50D004002008000000000000000001E
:207D40000D0000023BA00E404D00E05F40B46DFF6DC50D00400200800000000000000000FE
:207D60000D0000023BB00E404D00E05F40B46DFF5DC50D00400200800000000000000000DE
:207D80000D0000023BC00E404D00E05F40B46DFF4DC50D00400200800000000000000000BE
:207DA0000D0000023BD00E404D00E05F40B46DFF3DC50D004002008000000000000000009E
:207DC0000D0000023BE00E404D00E05F40B46DFF2DC50D004002008000000000000000007E
:207DE0000D0000023BF00E404D00E05F40B46DFF1DC50D004002008000000000000000005E
:207E00000D0000023B000F404D00E05F40B46DFF0DC50D004002008000000000000000003C
:207E20000D0000023B100F404D00E05F40B46DFFFDC40D004002008000000000000000001D
:207E40000D0000023B200F404D00E05F40B46DFFEDC40D00400200800000000000000000FD
:207E60000D0000023B300F404D00E05F40B46DFFDDC40D00400200800000000000000000DD
:207E80000D0000023B400F404D00E05F40B46DFFCDC40D00400200800000000000000000BD
:207EA0000D0000023B500F404D00E05F40B46DFFBDC40D004002008000000000000000009D
:207EC0000D0000023B600F404D00E05F40B46DFFADC40D004002008000000000000000007D
:207EE0000D0000023B700F404D00E05F40B46DFF9DC40D004002008000000000000000005D
:207F00000D0000023B800F404D00E05F40B46DFF8DC40D004002008000000000000000003C
:207F20000D0000023B900F404D00E05F40B46DFF7DC40D004002008000000000000000001C
:207F40000D0000023BA00F404D00E05F40B46DFF6DC40D00400200800000000000000000FC
:207F60000D0000023BB00F404D00E05F40B46DFF5DC40D00400200800000000000000000DC
:207F80000D0000023BC00F404D00E05F40B46DFF4DC40D00400200800000000000000000BC
:207FA0000D0000023BD00F404D00E05F40B46DFF3DC40D004002008000000000000000009C
:207FC0000D0000023BE00F404D00E05F40B46DFF2DC40D004002008000000000000000007C
:187FE0000D0000023BF00F404D00E05F40B46DFF1DC40D004002008064
:208000000D0000027B000040A6F4911001E8D9EE1811DC0E00000000000000000000000098
:208020000D0000027B100040A6F4911001E8D9EE1811DC0E00000000000000000000000068
:208040000D0000027B200040A6F4911001E8D9EE1811DC0E00000000000000000000000038
:208060000D0000027B300040A6F4911001E8D9EE1811DC0E00000000000000000000000008
:208080000D0000027B400040A6F4911001E8D9EE1811DC0E000000000000000000000000D8
:2080A0000D0000027B500040A6F4911001E8D9EE1811DC0E000000000000000000000000A8
:2080C0000D0000027B600040A6F4911001E8D9EE1811DC0E00000000000000000000000078
:1480E0000D0000027B700040A6F4911001E8D9EE1811DC0E54
:02000004A0005A
:040020009D80F125A9
:02000004A00F4B
:0A400000910000E8D9EECED4DC0EEA
:0A402000910000E8D9EEF4D4DC0EA4
:0A404000910000E8D9EEFAC4DC0E8E
:0A406000910000E8D9EEE6C4DC0E82
:0A408000910000E8D9EED2C4DC0E76
:0A40A000910000E8D9EEFEB4DC0E3A
:0A40C000910000E8D9EEC8E4DC0E20
:0A40E000910000E8D9EEE0D4DC0EF8
:0A410000910000E8D9EECED4DC0EE9
:0A412000910000E8D9EEF4D4DC0EA3
:0A414000910000E8D9EEFAC4DC0E8D
:0A416000910000E8D9EEE6C4DC0E81
:0A418000910000E8D9EED2C4DC0E75
:0A41A000910000E8D9EEFEB4DC0E39
:0A41C000910000E8D9EEC8E4DC0E1F
:0A41E000910000E8D9EEE0D4DC0EF7
:04000005A000002037
:00000001FF
