:0200000480007A
:2000000084110060000000000004000000000000000300000000000064040180D21C01808C
:20002400461D01801002FF470001010000000000E6D901806E1E0180BC200180330300603E
:200044000000000034030060350300609C2C008002000000603C018048FE0180000000003F
:200064004C360080040200600000000000000000A0400080000000000000118060451180ED
:200084007C000080000000004C10006000000000AC000080000000008C3C00800000000030
:2000A4005C36008000000000608400706088007000500070FC5F0070106000700C70007027
:2000C400207000701C740070307400702C780070407800703C7C0070507C00704C84007028
:2000E400608400705C880070708800706C8C0070808C00707C900070909000708C9400706C
:20010400A09400709C9800707AD001807ED001802CDB01805C1B0060000000008819006099
:20012400000000000400000014440080A00002F004003000708603F0A40002F0008080009A
:20014400F00302F0800002F0000402F000808080106203F02C6203F0680004F8FFFFFF3F48
:2001640000020202FF0000C001000002020000000000000101002020000021012000030E1C
:200184000700008020F0701E800000010100000000880000000500000050FFFFFF1F0000BB
:2001A40000000000010005ECF00000A003F001000100001301F0002001F0001801F028017D
:2001C40001F0281101F0908903F000040004041301F0081301F00C1301F0400001F048004F
:2001E40001F0500001F0580001F0001E01F00000000000100000198103F01D8103F02181A1
:2002040003F0258103F0818303F0858303F03AF5AFAFF5F5AFAF65AFF5F500FFF8FFF4009F
:2002240004F8380004F86C0004F8030000C0480004F84C0004F8340004F8608D1971D0A4B8
:200244004E00EFBEADDEA8AA00AF01000000F08003F0F48003F0F88003F0FC8003F00081ED
:2002640003F0048103F0088103F00C8103F0108103F0148103F0188103F01C8103F020814A
:2002840003F0248103F0288103F02C8103F0308103F0348103F0388103F03C8103F0408328
:2002A40003F0448303F0488303F04C8303F0708303F0748303F0788303F07C8303F080835A
:2002C40003F0848303F0888303F08C8303F0908303F0948303F0988303F09C8303F0A083DA
:2002E40003F0A48303F0A88303F0AC8303F0B08303F0B48303F0B88303F0BC8303F0C083BA
:2003040003F0C48303F0C88303F0CC8303F0D08303F0D48303F0D88303F0DC8303F0E08399
:2003240003F0E48303F0E88303F0EC8303F0F08303F0F48303F0F88303F0FC8303F0008478
:2003440003F0048403F0088403F00C8403F0108403F0148403F0188403F01C8403F0208451
:2003640003F0248403F0288403F02C8403F0308403F0348403F0388403F03C8403F0408431
:2003840003F0448403F0488403F04C8403F0508403F0548403F0588403F05C8403F0608411
:2003A40003F0648403F0688403F06C8403F0306003F0186003F0B46203F00200FCFF9C62B7
:2003C40003F0FFFF0200FFFF0200506003F0CFFFCFFF30003000688024F0986103F05C60E3
:2003E40003F0306103F00C6203F000FD19F0000310F055555500646003F0040310F02C032C
:2004040010F0340310F03C0310F0080010F0B00010F0000110F000201EF0008010F000807B
:200424001EF0586003F060FD19F040FD19F0005002F0336003F01B6003F01C6003F014603A
:2004440003F02C6003F0E86003F0286003F0246003F0003A0040106003F0116003F0206038
:2004640003F0804F12007C5002F0805002F0806003F0B48024F0846003F0346003F0376014
:2004840003F08F0F0F0F406003F0436003F00F0F00074F6003F04C6003F03C6003F0C88043
:2004A40024F000FF00FFFF00FF00788024F05555555500411EF008411EF018411EF01C415E
:2004C4001EF020411EF02222882855ADFE3C040602F0010AA03AC1091C3C83F9A2440AD725
:2004E400A33CEC51B83C30621F387B59C44500401C46A4707D3F3ACD133FD7B3DD3FD7B327
:20050400DDBF6F12833A2FEA483AB8FEB34335FA8E3CDB0FC94000FEFF4617B7D1388FC25F
:20052400753CEA26B1C0EA26B14003004000008003F0AAAAAAAA00202000080F3C00FF3064
:200544000F00003C20217F060017000238000002080080F03C0080103C00020001000000B0
:200564000000FFFF0100FFFF0200FFFFDB0F4940DB0F49C06666663FCDCCCC3DEFC91841F0
:20058400FFFF2080FFFFFF000400000102080C1014182030400840003F0200010101010147
:2005A400010101000102041400FFFFFFFFFF000706010001020302010000FF01FF02FFFF08
:0305C40000000034
:2005C800000000000000000000000000000000000000000000000000000000000000000013
:2005E80000808100007F820000188300005684000037850000C08600009A870000308800A1
:200608000070890000108A0000208B0000608C00000E8D00000E8E0000858F00005090007D
:20062800000E91000002920000009300000080000000400000004200000043000000440063
:20064800000045000000460000004700000048000000490000004A0000004B0000004C004E
:2006680000004D00000032000000A0000000A1000000A200009FA30000003200000040005C
:200688000000410000004200000000000000000000000000000000000000000000000000CF
:2006A800000000000000000000000000000000000000A0410AD7A33C000000000000000091
:2006C8000000000000000000000000000000000000000000787AC53E881300000000000082
:2006E8000000000000000000000000000000000000000000000000000000000000000000F2
:200708000000A0410000C040000000000000000000000000000000000000000000000000F0
:200728000000000000000000204E0000000000000000000000000000000000000000000043
:20074800000000000000803F6F12833A000000000000000000000000000000000000000094
:2007680000000000000000000000C03F6F12833A0000000000000000000000000000000034
:2007880000000000000000000000000000000000000000000000F4016400000014000000E4
:2007A8000A0000000100010000000000000000000000000000000000000000000000000025
:2007C80000000000000000000001000000000001010100010101A000000000000101010166
:2007E8000000000000000000000000000000000001010100000000000000010000000000ED
:03080800000000ED
:20080C000000000000000000000000000000000000000000000000000000000000000000CC
:20082C000000000000000000000000000000000000000000000000000000000000000000AC
:20084C0000000000000000000000000000000000000000000000000000000000000000008C
:20086C0000000000000000000000000000000000000000000000000000000000000000006C
:20088C0000000000000000000000000000000000000000000000000000000000000000004C
:2008AC0000000000000000000000000000000000000000000000000000000000000000002C
:2008CC0000000000000000000000000000000000000000000000000000000000000000000C
:2008EC000000000000000000000000000000000000000000000000000000000000000000EC
:20090C000000000000000000000000000000000000000000000000000000000000000000CB
:20092C000000000000000000000000000000000000000000000000000000000000000000AB
:20094C0000000000000000000000000000000000000000000000000000000000000000008B
:20096C0000000000000000000000000000000000000000000000000000000000000000006B
:20098C0000000000000000000000000000000000000000000000000000000000000000004B
:2009AC0000000000000000000000000000000000000000000000000000000000000000002B
:2009CC0000000000000000000000000000000000000000000000000000000000000000000B
:2009EC000000000000000000000000000000000000000000000000000000000000000000EB
:200A0C000000000000000000000000000000000000000000000000000000000000000000CA
:200A2C000000000000000000000000000000000000000000000000000000000000000000AA
:200A4C0000000000000000000000000000000000000000000000000000000000000000008A
:200A6C0000000000000000000000000000000000000000000000000000000000000000006A
:200A8C0000000000000000000000000000000000000000000000000000000000000000004A
:200AAC0000000000000000000000000000000000000000000000000000000000000000002A
:200ACC0000000000000000000000000000000000000000000000000000000000000000000A
:200AEC000000000000000000000000000000000000000000000000000000000000000000EA
:200B0C000000000000000000000000000000000000000000000000000000000000000000C9
:200B2C000000000000000000000000000000000000000000000000000000000000000000A9
:200B4C00000000000000000000000000000000000000000000000000000000000000000089
:200B6C00000000000000000000000000000000000000000000000000000000000000000069
:200B8C00000000000000000000000000000000000000000000000000000000000000000049
:200BAC00000000000000000000000000000000000000000000000000000000000000000029
:200BCC00000000000000000000000000000000000000000000000000000000000000000009
:200BEC000000000000000000000000000000000000000000000000000000000000000000E9
:200C0C000000000000000000000000000000000000000000000000000000000000000000C8
:200C2C000000000000000000000000000000000000000000000000000000000000000000A8
:200C4C00000000000000000000000000000000000000000000000000000000000000000088
:200C6C00000000000000000000000000000000000000000000000000000000000000000068
:200C8C00000000000000000000000000000000000000000000000000000000000000000048
:200CAC00000000000000000000000000000000000000000000000000000000000000000028
:200CCC00000000000000000000000000000000000000000000000000000000000000000008
:200CEC000000000000000000000000000000000000000000000000000000000000000000E8
:200D0C000000000000000000000000000000000000000000000000000000000000000000C7
:200D2C000000000000000000000000000000000000000000000000000000000000000000A7
:200D4C00000000000000000000000000000000000000000000000000000000000000000087
:200D6C00000000000000000000000000000000000000000000000000000000000000000067
:200D8C00000000000000000000000000000000000000000000000000000000000000000047
:200DAC00000000000000000000000000000000000000000000000000000000000000000027
:200DCC00000000000000000000000000000000000000000000000000000000000000000007
:200DEC000000000000000000000000000000000000000000000000000000000000000000E7
:200E0C000000000000000000000000000000000000000000000000000000000000000000C6
:200E2C000000000000000000000000000000000000000000000000000000000000000000A6
:200E4C00000000000000000000000000000000000000000000000000000000000000000086
:200E6C00000000000000000000000000000000000000000000000000000000000000000066
:200E8C00000000000000000000000000000000000000000000000000000000000000000046
:200EAC00000000000000000000000000000000000000000000000000000000000000000026
:200ECC00000000000000000000000000000000000000000000000000000000000000000006
:200EEC000000000000000000000000000000000000000000000000000000000000000000E6
:200F0C000000000000000000000000000000000000000000000000000000000000000000C5
:200F2C000000000000000000000000000000000000000000000000000000000000000000A5
:200F4C00000000000000000000000000000000000000000000000000000000000000000085
:200F6C00000000000000000000000000000000000000000000000000000000000000000065
:200F8C00000000000000000000000000000000000000000000000000000000000000000045
:200FAC00000000000000000000000000000000000000000000000000000000000000000025
:200FCC00000000000000000000000000000000000000000000000000000000000000000005
:200FEC000000000000000000000000000000000000000000000000000000000000000000E5
:20100C000000000000000000000000000000000000000000000000000000000000000000C4
:20102C000000000000000000000000000000000000000000000000000000000000000000A4
:20104C00000000000000000000000000000000000000000000000000000000000000000084
:20106C00000000000000000000000000000000000000000000000000000000000000000064
:20108C00000000000000000000000000000000000000000000000000000000000000000044
:2010AC00000000000000000000000000000000000000000000000000000000000000000024
:2010CC00000000000000000000000000000000000000000000000000000000000000000004
:2010EC000000000000000000000000000000000000000000000000000000000000000000E4
:20110C000000000000000000000000000000000000000000000000000000000000000000C3
:20112C000000000000000000000000000000000000000000000000000000000000000000A3
:20114C00000000000000000000000000000000000000000000000000000000000000000083
:20116C00000000000000000000000000000000000000000000000000000000000000000063
:20118C00000000000000000000000000000000000000000000000000000000000000000043
:2011AC00000000000000000000000000000000000000000000000000000000000000000023
:2011CC00000000000000000000000000000000000000000000000000000000000000000003
:2011EC000000000000000000000000000000000000000000000000000000000000000000E3
:20120C000000000000000000000000000000000000000000000000000000000000000000C2
:20122C000000000000000000000000000000000000000000000000000000000000000000A2
:20124C00000000000000000000000000000000000000000000000000000000000000000082
:20126C00000000000000000000000000000000000000000000000000000000000000000062
:20128C00000000000000000000000000000000000000000000000000000000000000000042
:2012AC00000000000000000000000000000000000000000000000000000000000000000022
:2012CC00000000000000000000000000000000000000000000000000000000000000000002
:2012EC000000000000000000000000000000000000000000000000000000000000000000E2
:20130C000000000000000000000000000000000000000000000000000000000000000000C1
:20132C000000000000000000000000000000000000000000000000000000000000000000A1
:20134C00000000000000000000000000000000000000000000000000000000000000000081
:20136C00000000000000000000000000000000000000000000000000000000000000000061
:20138C00000000000000000000000000000000000000000000000000000000000000000041
:2013AC00000000000000000000000000000000000000000000000000000000000000000021
:2013CC00000000000000000000000000000000000000000000000000000000000000000001
:2013EC000000000000000000000000000000000000000000000000000000000000000000E1
:20140C000000000000000000000000000000000000000000000000000000000000000000C0
:20142C000000000000000000000000000000000000000000000000000000000000000000A0
:20144C00000000000000000000000000000000000000000000000000000000000000000080
:20146C00000000000000000000000000000000000000000000000000000000000000000060
:20148C00000000000000000000000000000000000000000000000000000000000000000040
:2014AC00000000000000000000000000000000000000000000000000000000000000000020
:2014CC00000000000000000000000000000000000000000000000000000000000000000000
:2014EC000000000000000000000000000000000000000000000000000000000000000000E0
:20150C000000000000000000000000000000000000000000000000000000000000000000BF
:20152C0000000000000000000000000000000000000000000000000000000000000000009F
:20154C0000000000000000000000000000000000000000000000000000000000000000007F
:20156C0000000000000000000000000000000000000000000000000000000000000000005F
:20158C0000000000000000000000000000000000000000000000000000000000000000003F
:2015AC0000000000000000000000000000000000000000000000000000000000000000001F
:2015CC000000000000000000000000000000000000000000000000000000000000000000FF
:2015EC000000000000000000000000000000000000000000000000000000000000000000DF
:20160C000000000000000000000000000000000000000000000000000000000000000000BE
:20162C0000000000000000000000000000000000000000000000000000000000000000009E
:20164C0000000000000000000000000000000000000000000000000000000000000000007E
:20166C0000000000000000000000000000000000000000000000000000000000000000005E
:20168C0000000000000000000000000000000000000000000000000000000000000000003E
:2016AC0000000000000000000000000000000000000000000000000000000000000000001E
:2016CC000000000000000000000000000000000000000000000000000000000000000000FE
:2016EC000000000000000000000000000000000000000000000000000000000000000000DE
:20170C000000000000000000000000000000000000000000000000000000000000000000BD
:20172C0000000000000000000000000000000000000000000000000000000000000000009D
:20174C0000000000000000000000000000000000000000000000000000000000000000007D
:20176C0000000000000000000000000000000000000000000000000000000000000000005D
:20178C0000000000000000000000000000000000000000000000000000000000000000003D
:2017AC0000000000000000000000000000000000000000000000000000000000000000001D
:2017CC000000000000000000000000000000000000000000000000000000000000000000FD
:2017EC000000000000000000000000000000000000000000000000000000000000000000DD
:20180C000000000000000000000000000000000000000000000000000000000000000000BC
:20182C0000000000000000000000000000000000000000000000000000000000000000009C
:20184C0000000000000000000000000000000000000000000000000000000000000000007C
:20186C0000000000000000000000000000000000000000000000000000000000000000005C
:20188C0000000000000000000000000000000000000000000000000000000000000000003C
:2018AC0000000000000000000000000000000000000000000000000000000000000000001C
:2018CC000000000000000000000000000000000000000000000000000000000000000000FC
:2018EC000000000000000000000000000000000000000000000000000000000000000000DC
:20190C000000000000000000000000000000000000000000000000000000000000000000BB
:20192C0000000000000000000000000000000000000000000000000000000000000000009B
:20194C0000000000000000000000000000000000000000000000000000000000000000007B
:20196C0000000000000000000000000000000000000000000000000000000000000000005B
:20198C0000000000000000000000000000000000000000000000000000000000000000003B
:2019AC0000000000000000000000000000000000000000000000000000000000000000001B
:2019CC000000000000000000000000000000000000000000000000000000000000000000FB
:2019EC000000000000000000000000000000000000000000000000000000000000000000DB
:201A0C000000000000000000000000000000000000000000000000000000000000000000BA
:201A2C0000000000000000000000000000000000000000000000000000000000000000009A
:201A4C0000000000000000000000000000000000000000000000000000000000000000007A
:201A6C0000000000000000000000000000000000000000000000000000000000000000005A
:201A8C0000000000000000000000000000000000000000000000000000000000000000003A
:201AAC0000000000000000000000000000000000000000000000000000000000000000001A
:201ACC000000000000000000000000000000000000000000000000000000000000000000FA
:201AEC000000000000000000000000000000000000000000000000000000000000000000DA
:201B0C000000000000000000000000000000000000000000000000000000000000000000B9
:201B2C00000000000000000000000000000000000000000000000000000000000000000099
:201B4C00000000000000000000000000000000000000000000000000000000000000000079
:201B6C00000000000000000000000000000000000000000000000000000000000000000059
:201B8C00000000000000000000000000000000000000000000000000000000000000000039
:201BAC00000000000000000000000000000000000000000000000000000000000000000019
:201BCC000000000000000000000000000000000000000000000000000000000000000000F9
:201BEC000000000000000000000000000000000000000000000000000000000000000000D9
:201C0C000000000000000000000000000000000000000000000000000000000000000000B8
:201C2C00000000000000000000000000000000000000000000000000000000000000000098
:201C4C00000000000000000000000000000000000000000000000000000000000000000078
:201C6C00000000000000000000000000000000000000000000000000000000000000000058
:201C8C00000000000000000000000000000000000000000000000000000000000000000038
:201CAC00000000000000000000000000000000000000000000000000000000000000000018
:201CCC000000000000000000000000000000000000000000000000000000000000000000F8
:201CEC000000000000000000000000000000000000000000000000000000000000000000D8
:201D0C000000000000000000000000000000000000000000000000000000000000000000B7
:201D2C00000000000000000000000000000000000000000000000000000000000000000097
:201D4C00000000000000000000000000000000000000000000000000000000000000000077
:201D6C00000000000000000000000000000000000000000000000000000000000000000057
:201D8C00000000000000000000000000000000000000000000000000000000000000000037
:201DAC00000000000000000000000000000000000000000000000000000000000000000017
:201DCC000000000000000000000000000000000000000000000000000000000000000000F7
:201DEC000000000000000000000000000000000000000000000000000000000000000000D7
:201E0C000000000000000000000000000000000000000000000000000000000000000000B6
:201E2C00000000000000000000000000000000000000000000000000000000000000000096
:201E4C00000000000000000000000000000000000000000000000000000000000000000076
:201E6C00000000000000000000000000000000000000000000000000000000000000000056
:201E8C00000000000000000000000000000000000000000000000000000000000000000036
:201EAC00000000000000000000000000000000000000000000000000000000000000000016
:201ECC000000000000000000000000000000000000000000000000000000000000000000F6
:201EEC000000000000000000000000000000000000000000000000000000000000000000D6
:201F0C000000000000000000000000000000000000000000000000000000000000000000B5
:201F2C00000000000000000000000000000000000000000000000000000000000000000095
:201F4C00000000000000000000000000000000000000000000000000000000000000000075
:201F6C00000000000000000000000000000000000000000000000000000000000000000055
:201F8C00000000000000000000000000000000000000000000000000000000000000000035
:201FAC00000000000000000000000000000000000000000000000000000000000000000015
:201FCC000000000000000000000000000000000000000000000000000000000000000000F5
:201FEC000000000000000000000000000000000000000000000000000000000000000000D5
:20200C000000000000000000000000000000000000000000000000000000000000000000B4
:20202C00000000000000000000000000000000000000000000000000000000000000000094
:20204C00000000000000000000000000000000000000000000000000000000000000000074
:20206C00000000000000000000000000000000000000000000000000000000000000000054
:20208C00000000000000000000000000000000000000000000000000000000000000000034
:2020AC00000000000000000000000000000000000000000000000000000000000000000014
:2020CC000000000000000000000000000000000000000000000000000000000000000000F4
:2020EC000000000000000000000000000000000000000000000000000000000000000000D4
:20210C000000000000000000000000000000000000000000000000000000000000000000B3
:20212C00000000000000000000000000000000000000000000000000000000000000000093
:20214C00000000000000000000000000000000000000000000000000000000000000000073
:20216C00000000000000000000000000000000000000000000000000000000000000000053
:20218C00000000000000000000000000000000000000000000000000000000000000000033
:2021AC00000000000000000000000000000000000000000000000000000000000000000013
:2021CC000000000000000000000000000000000000000000000000000000000000000000F3
:2021EC000000000000000000000000000000000000000000000000000000000000000000D3
:20220C000000000000000000000000000000000000000000000000000000000000000000B2
:20222C00000000000000000000000000000000000000000000000000000000000000000092
:20224C00000000000000000000000000000000000000000000000000000000000000000072
:20226C00000000000000000000000000000000000000000000000000000000000000000052
:20228C00000000000000000000000000000000000000000000000000000000000000000032
:2022AC00000000000000000000000000000000000000000000000000000000000000000012
:2022CC000000000000000000000000000000000000000000000000000000000000000000F2
:2022EC000000000000000000000000000000000000000000000000000000000000000000D2
:20230C000000000000000000000000000000000000000000000000000000000000000000B1
:20232C00000000000000000000000000000000000000000000000000000000000000000091
:20234C00000000000000000000000000000000000000000000000000000000000000000071
:20236C00000000000000000000000000000000000000000000000000000000000000000051
:20238C00000000000000000000000000000000000000000000000000000000000000000031
:2023AC00000000000000000000000000000000000000000000000000000000000000000011
:2023CC000000000000000000000000000000000000000000000000000000000000000000F1
:2023EC000000000000000000000000000000000000000000000000000000000000000000D1
:20240C000000000000000000000000000000000000000000000000000000000000000000B0
:20242C00000000000000000000000000000000000000000000000000000000000000000090
:20244C00000000000000000000000000000000000000000000000000000000000000000070
:20246C00000000000000000000000000000000000000000000000000000000000000000050
:20248C00000000000000000000000000000000000000000000000000000000000000000030
:2024AC00000000000000000000000000000000000000000000000000000000000000000010
:2024CC000000000000000000000000000000000000000000000000000000000000000000F0
:2024EC000000000000000000000000000000000000000000000000000000000000000000D0
:20250C000000000000000000000000000000000000000000000000000000000000000000AF
:20252C0000000000000000000000000000000000000000000000000000000000000000008F
:20254C0000000000000000000000000000000000000000000000000000000000000000006F
:20256C0000000000000000000000000000000000000000000000000000000000000000004F
:20258C0000000000000000000000000000000000000000000000000000000000000000002F
:2025AC0000000000000000000000000000000000000000000000000000000000000000000F
:2025CC000000000000000000000000000000000000000000000000000000000000000000EF
:2025EC000000000000000000000000000000000000000000000000000000000000000000CF
:20260C000000000000000000000000000000000000000000000000000000000000000000AE
:20262C0000000000000000000000000000000000000000000000000000000000000000008E
:20264C0000000000000000000000000000000000000000000000000000000000000000006E
:20266C0000000000000000000000000000000000000000000000000000000000000000004E
:20268C0000000000000000000000000000000000000000000000000000000000000000002E
:2026AC0000000000000000000000000000000000000000000000000000000000000000000E
:2026CC000000000000000000000000000000000000000000000000000000000000000000EE
:2026EC000000000000000000000000000000000000000000000000000000000000000000CE
:20270C000000000000000000000000000000000000000000000000000000000000000000AD
:20272C0000000000000000000000000000000000000000000000000000000000000000008D
:20274C0000000000000000000000000000000000000000000000000000000000000000006D
:20276C0000000000000000000000000000000000000000000000000000000000000000004D
:20278C0000000000000000000000000000000000000000000000000000000000000000002D
:2027AC0000000000000000000000000000000000000000000000000000000000000000000D
:2027CC000000000000000000000000000000000000000000000000000000000000000000ED
:2027EC000000000000000000000000000000000000000000000000000000000000000000CD
:20280C001D00A0BF00A03CFF482800802028008000000000F82800800000000090290080C4
:20282C00F429008000000000000000000000000000000000702A00800000000000000000D5
:20284C00000000000A00000000000000000400000000000001000000000400000000000059
:20286C0004000000010000000700000002080000000000001027000088130000102700002D
:20288C008813000000000000010400000000000000010100000000000C280080942800809A
:2028AC007028008000000000000000000000000000480000050000000001000000000000A6
:2028CC0012000300120003000100000101000200020000000400380003000000000000017B
:2028EC000A0000000000000060000000E028008058280080A428008000000000010000008D
:20290C00010203FF0101000000040000000000000400000000040000000000000100000097
:20292C0000040000000000000101010000000000000000002C2900800000000000000000AF
:20294C00000000000000000000480000050000000001000000000000120003000000000008
:20296C000100000101000200020000000400380000000000000000010A00000000000000FD
:20298C005100000078290080142900803C290080000000000100000002FFFFFF0101000015
:2029AC0000040000000000000400000000000000080000800000000000000000000000007B
:2029CC0000000000004800000500000000010000000000001000010000000000010000018A
:2029EC00010002000100000078290080AC290080B8290080000000000100000002FFFFFFF0
:202A0C00010100000000000000000000030000000000000010000080000000000000000015
:202A2C0000000000000000000000000001000000000100000000000008000100000000007F
:202A4C0000000000010202000100000004003000030000000000000100000000000000002C
:202A6C0000000000582A0080102A00801C2A0080010000000000000000FFFFFF01010000C8
:202A8C00A86203F0B06203F0AC6203F04C6203F0546203F0506203F01E040180F20301801F
:202AAC00FC0301800804018012040180DE030180E8030180000000006804018002010000A8
:202ACC00AA04018001020000880401800000000000010200000000FFFF03000000000000A7
:202AEC0000000000E2D90180010000001145040100000120000205010000010104000600FD
:202B0C006400010000000000008120F0F401000002010101010000010000010001010100B3
:202B2C0000000000000000000001022020000000000000000006000820000000000020F008
:202B4C00040020F0000020F0000020F0000020F08D0020F0640020F0000020F0000020F0F4
:202B6C00F425018048FE018048FE018048FE0180FE25018048FE0180F4250180F4250180BB
:202B8C00F4250180F425018048FE0180CA250180F425018048FE0180CA25018048FE018026
:202BAC0048FE018048FE0180F425018048FE0180F4250180F425018048FE018048FE018058
:202BCC00F42501800000000100FFFF00010000FFFF05000074480080000000000000000010
:202BEC0050000080000000000000000000000000FFFFFFFFFFFFFFFFFFFFFFFFFFFFFFFF09
:202C0C0001010101FFFFFFFFFFFFFFFF00000100FFFFFFFFFFFFFFFFFFFFFFFFFFFFFFFFBB
:202C2C00FFFFFFFFFFFFFFFFFFFFFFFFFFFFFFFFFFFFFFFFFFFFFFFFFFFFFFFFFFFFFFFFA8
:202C4C00FFFFFFFFFFFFFFFFFFFFFFFFFFFFFFFFFFFFFFFFFFFFFFFFFFFFFFFFFFFFFFFF88
:202C6C00FFFFFFFFFFFFFFFFFFFFFFFFFFFFFFFFFFFFFFFFFFFFFFFFFFFFFFFFFFFFFFFF68
:202C8C00FFFFFFFF000000000000000002000000C42C008022EA0180000000000400000029
:202CAC0000000000C42C008000000000000000000500000000000000000000000000000093
:202CCC00880000000000000000000000100004000000000011000400000000002000060011
:202CEC0038030060D42C00800000000000000000C8000000030000000000000000000000E2
:202D0C000000000000000000F41400604000000020000000B64501809A460180D63E01806D
:202D2C00F43E018000000000090001001027000000000000682D008000000000102E0080C0
:202D4C00402F00800000000000000000FFFFFFFF000000000100000000000000A1130000C7
:202D6C001F2400000A0000000A0000000A0000000A0000000A0000000A0000005C2F0080BD
:202D8C000000000025030000AAAA8000010000000100000000000000000000000000000029
:202DAC00000000000000000000000000000000000000000000000000AA000000010000005C
:202DCC000100000001000000010000000100000001000000040000000000000000000000DE
:202DEC000000000000000000000000000000000000000000000000000000000000000000C7
:202E0C0000000000942D0080E02D00805555555501000000555555550100000055555555DA
:202E2C00010000005555555501000000555555550100000055555555010000005555555532
:202E4C00010000005555555501000000080000000000000000000000000000000000000008
:202E6C00000000000000000000000000000000000000000000000000000000000000000046
:202E8C000000000000000000000000000000000000000000202222020000000000000000C0
:202EAC00000000000000000000000000000000000000000000000000000000000000000006
:202ECC00000000000000000000000000000000000000000000000000F0FFFF0F00000000E9
:202EEC000000000000000000000000000000000000000000000000000000000000000000C6
:202F0C000000000000000000000000000000000000000000000000000000000000000000A5
:202F2C00000000000000000000000000000001000000000001000000000000000000000083
:202F4C000000000000000000000000000000000013012317120300120100000532000000B8
:202F6C000000000000000000BE47018090A4018098D1018032450180283F0180AE3F0180D2
:202F8C00923F01803048018080CD018050CB0180AACA0180B0CB0180F6CB018020CC0180D0
:202FAC0032CC018046CC018058CC018008CC0180F6C801807ACC018086C8018070CB018068
:202FCC009ECB0180CEC8018060C90180F6C90180E0C8018066C801806ACC0180A4CE018078
:202FEC00CACC0180FECC0180BACC018018CD0180DAC9018036CE018072CE01801CCE018021
:20300C0008CE018046CE01809CCD0180C0CD0180A8CD0180B4CD018062D00180F2C70180DB
:20302C007CCA0180DCC7018072CC0180A6CC0180CAC90180CCCD018000CE0180D4CD018048
:20304C00AECC01806EC8018046C8018048D6018094CE018048FE01800000000000000000DA
:20306C00000000000000000000000000000000000000000000000000000000000000000044
:20308C0000000000000000000000010000000000000000000000FF0000000000F8020060CA
:2030AC00000000000000000000000000000000000000000000000000000000000000000004
:2030CC0000000000000000000000000028011000020002000000000000027F900000000096
:2030EC000000000000000000000000000000000000000000000000000000000000000000C4
:20310C000000000000000000000000000000000008002000040004000000000000017F8073
:20312C0000000000543100805431008040310080543100806AD101807AD101808ED101801B
:20314C00FFFFFFFF0200000048FE018098D1018048FE018000000000000000002424323241
:20316C0000002424323200002424323200003232000000000C24310102000B2426010300CA
:20318C002424323301003233010000000A243333020024240A33010024240A33010010332A
:2031AC000100000002240B3301000A243333030024240A3301000A33010000000D243233AC
:2031CC00040009052C3306000924333305003333090000001B191C330B001C24323305002D
:2031EC0024242233090033330900000003242E320600041D2F33070004242F3305002033B5
:20320C0009000000111E2933050024241D1708002424333305003333050000000D243233D1
:20322C000800091F3333050024242923050033330500000010241D160400242409330A00EA
:20324C00242409330A0009330A000000062419330A0024241A10230024241A1023001A10BA
:20326C0023000000062418320B002424103323002424333323003333230000000624253217
:20328C000C0023233333230005242B330D0033330E00000003242E320D0004242F330E0013
:2032AC0024242211230033332300000010241B330F0018241133230024241533120033339F
:2032CC00230000000D2432330F0010091E1B10001024153311003333230000000D2432330C
:2032EC00100009181133230009241E1511001533110000000D243233110009241E15120047
:20330C0015241E1512001533110000000D24323312000924113323001524113323001533A6
:20332C001200000006241933130024241A33230024241A3323001A33230000000D24323370
:20334C00140009101D14140024241F1223001F12230000000D243233150009101D131500F6
:20336C0024241F1223001F122300000013243333160024240F0D170024240F0D17000F0D8C
:20338C00170000000724333323000F24333318001A2400331A00003319000000202130322B
:2033AC00180020223333190024242D331C0033332300000012141B331F001224210D1700CD
:2033CC00172405331E0004331D0000001224210D1700162423051E002424210D1700210D46
:2033EC001700000009242A0D170010241D1B1F0024242A0D17002A0D1700000003242E3239
:20340C001C0004240D3317001A2400331A000033190000000D1A27281A00132433331D00E4
:20342C0024240D3317000D3317000000132433331E0024240D33170024240D3317000D3351
:20344C00170000000D1A27331A000D2432331F00242433331B0033331B0000000124333324
:20346C002300082433332200002424082100210E2000000013243333210024240E33200042
:20348C0024240E3320000E33200000000124333323000E2432332200242433332300333378
:2034AC0023000000242433332300242433332300242433332300333323000000B4D30180D9
:2034CC003AD401800AD60180DCD40180CED40180BCD4018046D40180F8D4018006D5018047
:2034EC0010D501801ED5018040D5018094D601804CD5018028D501801AD40180B6D50180CA
:20350C00DED50180EED5018000D601801CD601802ED6018096D4018026E5018000D401800C
:20352C0096D50180C6D5018098D1018026E50180A4D3018076D40180D2D5018088D4018039
:20354C0062D4018054D4018026E5018098D10180B83D0080083E008000000000000000004E
:20356C0000801180006011801C3600806000008000000000103600806000008000000000E5
:20358C00403600806000008000000000283600806000008000000000F835008060000080FE
:2035AC0000000000043600806000008000000000343600806000008000000000EC350080FA
:2035CC006000008000000000E0350080600000800000000014000000240100000000000051
:2035EC001B00000020010000000000001800000080030000000000001A0000008403000047
:20360C00000000004E000000F0060000000000004F00000070060000000000005000000045
:20362C0000030000000000005A00000040030000000000003C000000B005000000000000ED
:20364C00E00200606400008001000000000000008C0100600100000000000000A0400080E9
:20366C00000004000000000000000000000000000000000000000000000000006802006070
:20368C006C020060010008009C1A0060E83F008007000000407C007040780070804A000065
:2036AC0000000000A8061180300011800000A0163078007030740070804A00000000000052
:2036CC0078061180300011800000A01650840070507C0070804A00000000000050FE008040
:2036EC00180011800000A01650840070507C0070804A0000000000005AFE00801800118094
:20370C000000A01650840070507C0070804A00000000000066210180180011800000A01636
:20372C0050840070507C0070804A00000000000000131180180011800000A01650840070EC
:20374C00507C0070804A00000000000038380180180011800000A01650840070507C007087
:20376C00804A0000000000003E380180180011800000A01650840070507C0070804A0000D3
:20378C000000000044380180180011800000A01650840070507C0070804A00000000000077
:2037AC00D8FD0180180011800000A01650840070507C0070804A000000000000E2FD01809E
:2037CC00180011800000A01680900070808C0070804A0000000000003AE301802000118069
:2037EC00000020000060007000500070804A0000000000004AE301802000118000002000C4
:20380C001070007010600070804A000000000000D0E301802000118000002000A098007055
:20382C00A0940070804A0000000000006ED801802000118000002000909400709090007052
:20384C00804A0000000000007CD801802000118000002000708C007070880070804A00004E
:20386C00000000000000118020001180000020002074007020700070804A0000000000000C
:20388C0060E401802000118000002000183D0080683D0080583E0080F83E0080483F0080B9
:2038AC00983F0080A83E008000000000483C00806C3A0080B03A0080D03C0080F43A008071
:2038CC00383B00807C3B0080C03B0080043C008000000000101000F0301000F0381000F0FF
:2038EC000000FFFF1F000000008303F03C1000F0700000000100000000000000CC1A006036
:20390C008C3C008018121180000000000000000000000000010000003C400080583E008085
:20392C000100000000000000F01A00608C3C0080181211800000000000000000000000000D
:20394C00010000003C400080683D00800100000000000000D81A00608C3C008018121180E3
:20396C00000000000000000000000000010000003C400080583E0080020000000000000026
:20398C00FC1A00608C3C008018121180000000000000000000000000010000003C400080A5
:2039AC00683D00800200000000000000E41A00608C3C008018121180000000000000000073
:2039CC0000000000010000003C400080583E00800400000000000000081B00608C3C0080F9
:2039EC0018121180000000000000000000000000010000003C400080683D008004000000DA
:203A0C0000000000141B00608C3C0080181211800000000000000000000000000100000007
:203A2C003C400080683D00800800000000000000B4000080BC000080C4000080CC00008051
:203A4C00D4000080DC000080E4000080EC000080F4000080FC000080040100800000000065
:203A6C00F4360080E8160060DC000080681800603C400080A0400080EC100060000000003E
:203A8C00000000006C000080000000000000000002000000000000000000000080350080F7
:203AAC000101000010370080C8160060DC000080881800603C400080A0400080EC100060DF
:203ACC0000000000000000006C0000800000000000000000020000000000000000000000EC
:203AEC008C350080020100004837008068160060DC000080C81800603C400080A0400080A1
:203B0C00EC10006000000000000000006C000080000000000000000002000000000000004F
:203B2C0000000000A4350080040100006437008088160060DC000080E81800603C4000804A
:203B4C00A0400080EC10006000000000000000006C000080000000000000000002000000AF
:203B6C000000000000000000B0350080050100008037008048170060DC00008008190060FB
:203B8C003C400080A0400080EC10006000000000000000006C000080000000000000000075
:203BAC00020000000000000000000000BC350080060100009C370080A8160060DC000080B2
:203BCC00281900603C400080A0400080EC10006000000000000000006C0000800000000094
:203BEC0000000000020000000000000000000000C835008007010000B83700804816006005
:203C0C00DC000080481900603C400080A0400080EC10006000000000000000006C000080D7
:203C2C000000000000000000020000000000000000000000D435008008010000D836008056
:203C4C0008170060DC000080481800603C400080A0400080EC100060000000000000000005
:203C6C006C000080000000000000000002000000000000000001000074350080000100001F
:203C8C00FFFFFF7FFFFFFFFFFFFFFF7F0100000010270000E8150060E20200600700000044
:203CAC0014000000A04000803C40008001000000201B006010270000FFFFFF7FFFFFFFFF3D
:203CCC00E03800802C37008028170060DC000080A81800603C400080A0400080EC1000608A
:203CEC0000000000000000006C0000800000000000000000020000000000000000000000CA
:203D0C0098350080030000008C3C0080D437008068170060F40000806C1300603C40008046
:203D2C00A0400080EC10006000000000000000006C000080000000000000000001000000CE
:203D4C0048FE0180010000000300000000000100010000000000000000000000F0370080E3
:203D6C0088170060B4000080A41300603C400080A0400080EC100060000000000000000035
:203D8C006C00008000000000000000000100000048FE01800100000005000100000001005B
:203DAC00010000000000000000010000A036008008160060D4000080EC1200603C40008073
:203DCC00A0400080EC10006000000000000000006C0000800000000000000000001000001F
:203DEC00000000000100000020000000000000000000000002000000A02D1180BC360080C4
:203E0C0028160060CC0000802C1300603C400080A0400080EC100060000000000000000055
:203E2C006C0000800000000000000000040000000000000000000000010000001400000071
:203E4C000100000001000000604511800C380080A8170060BC000080DC1300603C400080B4
:203E6C00A0400080EC10006000000000000000006C0000800000000000000000010000008D
:203E8C0048FE01800100000004000200000001000100000000000000000100007C38008011
:203EAC0028180060C4000080BC1400603C400080A0400080EC10006000000000000000002A
:203ECC006C00008000000000000000000100000048FE01800100000000000600000001001A
:203EEC0001000000000000000001000028380080C817006004010080141400603C4000808C
:203F0C00A0400080EC10006000000000000000006C000080000000000000000001000000EC
:203F2C0048FE018001000000010003000000010101000000000000000000000044380080AA
:203F4C00E8170060FC0000804C1400603C400080A0400080EC100060000000000000000002
:203F6C006C00008000000000000000000100000048FE018001000000020004000000010178
:203F8C000100000000000000000000006038008008180060EC000080841400603C4000801C
:203FAC00A0400080EC10006000000000000000006C0000800000000000000000010000004C
:203FCC0048FE01800100000006000500060001FF0100000000000000000000009401006006
:203FEC002C1B0060030000009C010060A401006002000000AC010060B401006002000000E3
:20400C00BC010060C401006002000000CC010060381B006003000000D4010060DC010060FB
:20402C0002000000E4010060EC0100600200000024030060A04000800100000098380080A6
:20404C0007000000B83800800900000060000080000000009C00008001000000A845118059
:20406C0007000000600000800000000060000080000000000000000000000000000000006D
:20408C00600000800000000000000000000000000101000084010060703600806000008047
:2040AC00000000000000000001010101EC10006088360080983F00803C400080E40000809F
:2040CC0000000000000000000000000000000000083E008000000000B83D00805C35008088
:2040EC00020000006000008000000000A40000800100000068350080000000000000000090
:20410C003C3A00800B0000000000000060000080000000004C3600806000008000000000D0
:20412C0064020060B8380080090000000200000000000000000000007A190180010000001D
:20414C0070220180A4220180000000000300000048FE01800C830180C4820180784100801F
:20416C006C00008038430080E2E9008000008000001010101010101080101010040000005D
:20418C000000000000000000000000001088888888888810801010101010101000000000D3
:2041AC000000000000000000000000001010101010101010101010101010101000000000F3
:2041CC000000000000000000000000001010A0101010981010981010101010100000000033
:2041EC000000000000000000000000001010101010101010101010101010101000000000B3
:20420C00000000000000000000000000A80010101010981010101010101010104000000042
:20422C00000000000000000000000000101080101098A808101010101010101000000000EA
:20424C000000000000000000000000001010101010108010A8801010101010104002000098
:20426C00000000000000000000000000101010101010101010101010101010100000000032
:20428C00000000000000000000000000980898981010101010101010101010100000000082
:2042AC000000000000000000000000001010101010101010101010101010101000000000F2
:2042CC000000000000000000000000001010101010101010101010101010101000000000D2
:2042EC000000000000000000000000008080101010101010101010101010101000000000D2
:20430C00000000000000000000000000101010101010101010101010101010100000000091
:20432C0000000000000000000000000000540000005400000000FFFF0000FFFF0000FFFFCF
:20434C000000FFFF0000FFFF0000FFFF04000000005400000000FFFF0000FFFF0000FFFF05
:20436C000000FFFF2801008000000000B6050080FFFFFFFFFFFFFFFF010000000000000056
:20438C00020000811027000010270000000000001027000000000000800000000100000068
:2043AC00010000000200108000000000FFFFFF0000000000FFFFFF000000000080000000E4
:2043CC0001000000020000000200108000000000FFFFFF0000000000FFFFFF000000000042
:2043EC008000000001000000030000000200108000000000FFFFFF0000000000FFFFFF00A1
:20440C0000000000800000000000000010270000000000000000000084430080010034005D
:20442C00102700000000000088130000A8430080020034001027000000000000881300002B
:20444C00CC43008003003400102700000000000088130000F0430080000000000000000005
:20446C0000000000000000000000000000000000000000000000000000000000A8440080C4
:20448C0000000000BA0500805E050080BA050080030003000300FFFF00000000884500805B
:2044AC00F8440080D4440080EEE90080000000004C4500806045008074450080880200004C
:2044CC00030003000300000000000000FE1F00200200000000000000FE1F00A001000000CA
:2044EC0000000000FE1F00980000000002000000000000000114130092240900BD050080D0
:20450C00FFFF000051020000010000000000000001140400D2340D00BF050080FFFF0200CD
:20452C002202010000000000000000000104130092240900C1050080FFFF0000C30200006A
:20454C00000020000000FFFF0008010100000000000000000000040003000405010801010C
:20456C000000000000000000000000100000FFFF0008030100000000000000000200000013
:20458C000000000064050080C305008001000100010000000000000068050080C3050080A6
:2045AC000100020100000000000000006C050080C30500800100030000110280FC1002808D
:2045CC00F8100280F4100280F0100280EC100280E8100280E4100280E0100280DC100280EF
:2045EC00D8100280D4100280D0100280CC100280C8100280C4100280BC100280B4100280DB
:20460C00AC100280A41002809C100280941002808C100280841002807C100280741002807E
:20462C006C100280641002805C100280541002804C10028098110280981102809811028047
:20464C00941102809411028094110280941102809011028090110280901102809011028026
:20466C008C1102808C1102808C1102808C110280C4130280C0130280BC130280B813028066
:20468C00B4130280B0130280AC130280A8130280A4130280A01302809C1302809813028036
:2046AC0094130280901302808C13028088130280801302807813028070130280681302803E
:2046CC00601302805813028050130280481302804013028038130280301302802813028006
:2046EC002013028018130280101302800100000000000060900600807B01000002000000B2
:20470C007C01006000000000BA010000020000003803006000000000051900000100000039
:20472C00401C0060C8050080C8000000020000000050007000000000B048000000000000E2
:20474C00000000000000000000000000000000000100000002000000030000000400000043
:20476C0005000000060000000700000008000000090000000A0000000B0000000C000000E9
:20478C000D0000000E0000000F000000100000001100000012000000130000001400000089
:2047AC0015000000160000001700000018000000190000001A0000001B0000001C00000029
:2047CC001D0000001E0000001F000000000000000100000001000100010101010101010168
:2047EC00010001010300010203000103030000010000010114000000002020000101002021
:20480C004020020200206040030300208060050400018180FF130000FF0100000000000045
:20482C0000000000000000006E004C1F00000F007F00FF010000000000000000CD7FFC00BD
:20484C000F000200000000000000000000000000000000000300FF1F00000000000000001A
:20486C0000000000FF03000001001410010000010000000000000000000000000000000003
:20488C000100040001004006000000000000000000000000000000000100030000000000BC
:2048AC00C6FFFFFFFFFFFFFFC6FFFFFFFFFFFFFFC6FFFFFFFFFFFFFFC6FFFFFFFFFFFFFFF0
:2048CC00C65FFAFA0100040510FF0100061FD0FF0100000320FF0100000303010001030175
:2048EC00000003010002000000008010493A8010C93A60CC163B8010493BA0547B3B60CC99
:20490C00963B70EEAF3B8010C93B9032E23BA054FB3B583B0A3C60CC163C685D233C70EEFC
:20492C002F3C787F3C3C8010493C569D553C5E2E623C66BF6E3C6E507B3CBBF0833C3F39A8
:20494C008A3CC381903C47CA963CCB129D3C3659A33CBAA1A93C3EEAAF3CC232B63C467B74
:20496C00BC3CB1C1C23C350AC93CB952CF3C3D9BD53CA8E1DB3C2C2AE23CB072E83C34BB37
:20498C00EE3C9F01F53C234AFB3C47C8003D89EC033DCB10073D01340A3D43580D3D787BF8
:2049AC00103DBA9F133DF0C2163D32E7193D670A1D3DA92E203DDF51233D1475263D569917
:2049CC00293D8CBC2C3DC2DF2F3D0404333D3927363D6F4A393DA46D3C3DDA903F3D0FB4FA
:2049EC00423D51D8453D87FB483DBD1E4C3DF2414F3D2865523D5D88553D93AB583DC8CE5B
:204A0C005B3DF1F05E3D2714623D5D37653D925A683DC87D6B3DF19F6E3D26C3713D5CE6D4
:204A2C00743D8508783DBB2B7B3DE44D7E3D8DB8803DA149823D3CDB833D516C853D65FD8A
:204A4C00863D008F883D14208A3D29B18B3D3E428D3D52D38E3DED64903D01F6913D1687DC
:204A6C00933D2B18953D3FA9963DCE39983DE2CA993DF75B9B3D0BED9C3D207E9E3DAE0EFC
:204A8C00A03DC39FA13D5130A33D66C1A43DF451A63D08E3A73D9773A93DAB04AB3D3A9537
:204AAC00AC3DC825AE3D56B6AF3DE546B13DF9D7B23D8868B43D16F9B53D1E89B73DAC1917
:204ACC00B93D3BAABA3DC93ABC3D58CBBD3D605BBF3DEEEBC03DF67BC23D840CC43D8D9C28
:204AEC00C53D1B2DC73D23BDC83D2B4DCA3DBADDCB3DC26DCD3DCAFDCE3DD28DD03DDA1DEB
:204B0C00D23DE2ADD33DEA3DD53D6CCDD63D745DD83D7CEDD93DFE7CDB3D060DDD3D889C0E
:204B2C00DE3D912CE03D12BCE13D944BE33D9CDBE43D1E6BE63DA0FAE73D228AE93DA419F8
:204B4C00EB3D26A9EC3DA838EE3DA4C7EF3D2657F13DA7E6F23DA375F43D2505F63D2194C5
:204B6C00F73D1C23F93D9EB2FA3D9A41FC3D96D0FD3D915FFF3D4777003EC43E013E420694
:204B8C00023E7DCD023EFB94033E795C043EB323053E31EB053E6CB2063EA779073E2541B3
:204BAC00083E5F08093E9ACF093ED5960A3E0F5E0B3E07250C3E42EC0C3E7DB30D3E747A85
:204BCC000E3EAF410F3EA708103EE1CF103ED996113ED15D123EC824133EC0EB133EB7B267
:204BEC00143EAF79153E6440163E5B07173E53CE173E0795183EFF5B193EB4221A3E68E995
:204C0C001A3E1DB01B3ED1761C3E863D1D3E3A041E3EEFCA1E3E60911F3E1558203E861EDF
:204C2C00213E3BE5213EACAB223E1D72233E8F38243E00FF243E72C5253EE38B263E545247
:204C4C00273EC618283EF4DE283E65A5293E946B2A3EC2312B3EF0F72B3E1FBE2C3E4D84CB
:204C6C002D3E7B4A2E3EAA102F3ED8D62F3EC39C303EF162313EDD28323EC8EE323EB3B4B9
:204C8C00333E9E7A343E8940353E7506363E60CC363E0892373EF357383E9B1D393E86E3DB
:204CAC00393E2EA93A3ED66E3B3E7F343C3E27FA3C3E8CBF3D3E34853E3EDC4A3F3E4110AE
:204CCC00403EA6D5403E4E9B413EB360423E1826433E7DEB433E9FB0443E0476453E693B3C
:204CEC00463E8A00473EACC5473E118B483E3350493E55154A3E34DA4A3E569F4B3E776412
:204D0C004C3E56294D3E78EE4D3E57B34E3E36784F3E143D503EF301513ED2C6513E6E8BAF
:204D2C00523E4C50533EE814543EC7D9543E629E553EFE62563E9A27573E35EC573E8EB019
:204D4C00583E2975593E82395A3E1EFE5A3E76C25B3ECF865C3E274B5D3E800F5E3E95D315
:204D6C005E3EEE975F3E035C603E5C20613E71E4613E87A8623E9C6C633E6E30643E84F42D
:204D8C00643E99B8653E6C7C663E3E40673E1004683EE3C7683EB58B693E874F6A3E16132A
:204DAC006B3EE9D66B3E789A6C3E075E6D3E96216E3E26E56E3EB5A86F3E446C703E902FC9
:204DCC00713EDCF2713E6BB6723EB779733E043D743E0D00753E59C3753EA586763EAE4991
:204DEC00773EB70C783EC0CF783EC992793ED2557A3EDB187B3EA1DB7B3E679E7C3E7061D2
:204E0C007D3E35247E3EFBE67E3E7EA97F3E2236803E6397803EC6F8803E085A813E49BBC6
:204E2C00813E8A1C823ECC7D823EECDE823E2D40833E4DA1833E6D02843E8D63843EACC47E
:204E4C00843ECC25853ECB86853EC9E7853EE948863EE7A9863EE50A873EC26B873EC0CCCE
:204E6C00873E9D2D883E9B8E883E78EF883E5550893E31B1893EED118A3EC9728A3E84D380
:204E8C008A3E40348B3EFB948B3EB6F58B3E71568C3E0BB78C3EC6178D3E60788D3EF9D8FC
:204EAC008D3E93398E3E2C9A8E3EA4FA8E3E3E5B8F3EB6BB8F3E2E1C903EA67C903E1EDDE0
:204ECC00903E753D913EED9D913E43FE913E9A5E923EF0BE923E251F933E7C7F933EB1DF57
:204EEC00933E0740943E3CA0943E7100953E8560953EBAC0953ECD20963EE080963EF4E0FC
:204F0C00963E0741973E1BA1973E0C01983E2061983E12C1983E0421993EF580993EC6E032
:204F2C00993EB8409A3E88A09A3E58009B3E28609B3EF9BF9B3EA71F9C3E787F9C3E26DF25
:204F4C009C3ED53E9D3E849E9D3E11FE9D3EC05D9E3E4DBD9E3EDA1C9F3E677C9F3EF5DB54
:204F6C009F3E603BA03EED9AA03E59FAA03EC559A13E30B9A13E7A18A23EE677A23E30D7BE
:204F8C00A23E7A36A33EC495A33E0EF5A33E3754A43E81B3A43EA912A53ED271A53ED9D086
:204FAC00A53E0130A63E088FA63E0FEEA63E164DA73E1DACA73E240BA83E0A6AA83EEFC875
:204FCC00A83ED427A93EBA86A93E9FE5A93E6344AA3E48A3AA3E0C02AB3EAF60AB3E72BFE9
:204FEC00AB3E361EAC3ED97CAC3E7BDBAC3E1D3AAD3E9E98AD3E40F7AD3EC155AE3E42B482
:20500C00AE3EC212AF3E4371AF3EA2CFAF3E022EB03E618CB03EC0EAB03E1F49B13E5DA7EC
:20502C00B13EBC05B23EFA63B23E37C2B23E5320B33E917EB33EADDCB33EC93AB43EE5983E
:20504C00B43EE0F6B43EFC54B53EF6B2B53EF110B63ECA6EB63EC4CCB63E9D2AB73E76884D
:20506C00B73E4FE6B73E2844B83E01A2B83EB9FFB83E705DB93E28BBB93EBD18BA3E757606
:20508C00BA3E0BD4BA3EA131BB3E368FBB3EABECBB3E414ABC3EB5A7BC3E2905BD3E7C623A
:2050AC00BD3EF0BFBD3E431DBE3E967ABE3EE9D7BE3E3B35BF3E6C92BF3E9EEFBF3ECF4C0E
:2050CC00C03E00AAC03E1007C13E4164C13E51C1C13E601EC23E4E7BC23E5ED8C23E4C3555
:2050EC00C33E3A92C33E07EFC33EF54BC43EC1A8C43E8E05C53E5A62C53E27BFC53ED21B07
:20510C00C63E7D78C63E28D5C63ED331C73E5C8EC73EE6EAC73E6F47C83EF9A3C83E8200D8
:20512C00C93EEA5CC93E52B9C93EBA15CA3E0072CA3E68CECA3EAE2ACB3EF486CB3E3BE3EC
:20514C00CB3E603FCC3E849BCC3EA9F7CC3ECE53CD3ED1AFCD3EF60BCE3EF967CE3EDBC3F0
:20516C00CE3EDE1FCF3EC07BCF3EA1D7CF3E8333D03E658FD03E25EBD03EE546D13EA5A2DB
:20518C00D13E65FED13E045AD23EA2B5D23E4111D33EDF6CD33E5CC8D33ED923D43E567FD6
:2051AC00D43ED3DAD43E5036D53EAC91D53E07EDD53E4148D63E9CA3D63ED6FED63E105AE0
:2051CC00D73E4AB5D73E6210D83E7B6BD83E93C6D83EAB21D93EC47CD93EBAD7D93EB132E2
:2051EC00DA3EA88DDA3E7DE8DA3E5243DB3E289EDB3EFDF8DB3EB153DC3E86AEDC3E390978
:20520C00DD3ECC63DD3E7FBEDD3E1119DE3EA373DE3E36CEDE3EA628DF3E1783DF3E87DD27
:20522C00DF3EF837E03E4792E03E96ECE03EE546E13E34A1E13E61FBE13E8F55E23EBCAF39
:20524C00E23EEA09E33EF563E33E01BEE33E0D18E43E1972E43E03CCE43EEE25E53ED87F43
:20526C00E53EA1D9E53E6A33E63E338DE63EFBE6E63EA340E73E6B9AE73EF1F3E73E984D98
:20528C00E83E1EA7E83EC500E93E295AE93EAFB3E93E130DEA3E7766EA3EDBBFEA3E3F196B
:2052AC00EB3E8272EB3EC5CBEB3EE624EC3E287EEC3E49D7EC3E6A30ED3E6A89ED3E8BE245
:2052CC00ED3E8A3BEE3E6894EE3E67EDEE3E4546EF3E239FEF3E01F8EF3EBE50F03E7AA9D2
:2052EC00F03E3602F13EF35AF13E8DB3F13E280CF23EC364F23E3CBDF23EB515F33E2F6EA6
:20530C00F33EA8C6F33E001FF43E5777F43EAFCFF43E0728F53E3D80F53E73D8F53E883028
:20532C00F63EBE88F63ED2E0F63EE738F73EDA90F73ECDE8F73EC040F83EB398F83E84F0C5
:20534C00F83E5648F93E27A0F93EF9F7F93EA94FFA3E59A7FA3EE7FEFA3E9756FB3E25AE93
:20536C00FB3EB405FC3E205DFC3E8DB4FC3EFA0BFD3E6763FD3EB2BAFD3EFD11FE3E4969DB
:20538C00FE3E94C0FE3EBE17FF3EE76EFF3EEFC5FF3E7C0E003F003A003F8465003FF790AF
:2053AC00003F7BBC003FDEE7003F5113013FB43E013F166A013F7995013FCAC0013F1CEC72
:2053CC00013F6E17023FAF42023FF06D023F3199023F72C4023FA2EF023FD21A033FF14533
:2053EC00033F2271033F419C033F50C7033F6FF2033F7E1D043F8C48043F8A73043F999E03
:20540C00043F86C9043F84F4043F711F053F5E4A053F4B75053F27A0053F04CB053FE0F539
:20542C00053FBC20063F884B063F5376063F0EA1063FC9CB063F83F6063F3E21073FE84B72
:20544C00073F9276073F3CA1073FD5CB073F6FF6073F0821083F904B083F1976083FA1A04F
:20546C00083F19CB083FA1F5083F0820093F804A093FE674093F4D9F093FB4C9093F0AF4B6
:20548C00093F601E0A3FA6480A3FFC720A3F419D0A3F75C70A3FBBF10A3FEF1B0B3F2446A4
:2054AC000B3F48700B3F6B9A0B3F8FC40B3FA2EE0B3FB5180C3FC8420C3FDB6C0C3FDD965C
:2054CC000C3FCFC00C3FD1EA0C3FC2140D3FB43E0D3FA5680D3F86920D3F66BC0D3F36E6EE
:2054EC000D3F06100E3FD6390E3FA6630E3F658D0E3F24B70E3FE3E00E3F910A0F3F40346B
:20550C000F3FDD5D0F3F8B870F3F29B10F3FB6DA0F3F4304103FCF2D103F5C57103FD88008
:20552C00103F54AA103FD0D3103F3BFD103FA626113F1250113F6C79113FC6A2113F21CCA2
:20554C00113F6AF5113FB41E123FED47123F3771123F709A123F98C3123FC0EC123FE8159E
:20556C00133F103F133F2768133F3F91133F56BA133F5CE3133F630C143F5935143F5F5ED6
:20558C00143F4487143F3AB0143F1FD9143F0402153FD82A153FBD53153F817C153F55A5A7
:2055AC00153F18CE153FDCF6153F8E1F163F4148163FF470163FA699163F48C2163FD9EADC
:2055CC00163F7B13173F0C3C173F8C64173F1E8D173F9EB5173F0DDE173F8E06183FEC2EB2
:2055EC00183F5C57183FBB7F183F1AA8183F78D0183FC6F8183F1421193F5249193F8F7160
:20560C00193FCC99193FF8C1193F36EA193F51121A3F7E3A1A3F99621A3FA48A1A3FC0B2C6
:20562C001A3FBADA1A3FC5021B3FBF2A1B3FB9521B3FB37A1B3F9CA21B3F86CA1B3F5EF236
:20564C001B3F371A1C3F0F421C3FD7691C3F9F911C3F67B91C3F1EE11C3FD5081D3F8C309C
:20566C001D3F32581D3FD87F1D3F6EA71D3F03CF1D3F98F61D3F1D1E1E3FA2451E3F266D31
:20568C001E3F9A941E3F0EBC1E3F82E31E3FE50A1F3F48321F3F9B591F3FED801F3F3FA804
:2056AC001F3F81CF1F3FC2F61F3F041E203F3545203F666C203F9693203FB6BA203FD6E123
:2056CC00203FE608213FF52F213F0457213F027E213F01A5213FFFCB213FEDF2213FDB198F
:2056EC00223FB840223F9467223F718E223F3DB5223F0ADC223FD602233F9129233F4C509C
:20570C00233FF776233FA19D233F4CC4233FE6EA233F8011243F1938243FA25E243F2B854D
:20572C00243FA4AB243F2DD2243F94F8243F0C1F253F6345253FCA6B253F2192253F78B87C
:20574C00253FBEDE253F0305263F492B263F7E51263FB477263FE99D263F0DC4263F31EA93
:20576C00263F4510273F5936273F5B5C273F6F82273F61A8273F64CE273F56F4273F481A7B
:20578C00283F2940283F0A66283FDB8B283FABB1283F7BD7283F3BFD283FFB22293FBB487F
:2057AC00293F696E293F1894293FB6B9293F55DF293FF3042A3F802A2A3F0D502A3F8A7577
:2057CC002A3F079B2A3F83C02A3FEFE52A3F5B0B2B3FC6302B3F21562B3F6C7B2B3FC7A097
:2057EC002B3F00C62B3F4AEB2B3F84102C3FBD352C3FE65A2C3F0F802C3F37A52C3F4FCA03
:20580C002C3F56EF2C3F6E142D3F75392D3F6C5E2D3F62832D3F58A82D3F3ECD2D3F24F2D9
:20582C002D3F09172E3FDE3B2E3FB3602E3F77852E3F3BAA2E3FFFCE2E3FB2F32E3F5518E9
:20584C002F3F083D2F3FAA612F3F3C862F3FCEAA2F3F5FCF2F3FE0F32F3F6118303FE23CA9
:20586C00303F5261303FC285303F22AA303F81CE303FD0F2303F1E17313F6D3B313FAB5FE4
:20588C00313FE883313F15A8313F42CC313F6FF0313F8C14323FA838323FC45C323FD080F4
:2058AC00323FCAA4323FC5C8323FC0EC323FAA10333F9434333F7D58333F577C333F30A0AF
:2058CC00333FF8C3333FC0E7333F780B343F302F343FE752343F8E76343F359A343FCBBD4F
:2058EC00343F61E1343FF704353F7C28353F014C353F766F353FEA92353F4EB6353FB2D9E0
:20590C00353F15FD353F6820363FBB43363FFD66363F408A363F82AD363FB3D0363FE4F387
:20592C00363F0517373F263A373F355D373F4580373F55A3373F54C6373F53E9373F410C3E
:20594C00383F302F383F1E52383FFB74383FC897383F95BA383F61DD383F2E00393FD9222F
:20596C00393F9545393F4068393FEC8A393F86AD393F20D0393FAAF2393F33153A3FBD3767
:20598C003A3F365A3A3F9E7C3A3F179F3A3F6EC13A3FD6E33A3F2D063B3F74283B3FBA4A16
:2059AC003B3F016D3B3F368F3B3F6CB13B3F91D33B3FB6F53B3FDB173C3FEF393C3F035C31
:2059CC003C3F077E3C3F0AA03C3FFDC13C3FEFE33C3FD1053D3FB3273D3F95493D3F666BC2
:2059EC003D3F378D3D3FF7AE3D3FB7D03D3F67F23D3F16143E3FC6353E3F64573E3F037913
:205A0C003E3F919A3E3F1FBC3E3F9CDD3E3F19FF3E3F96203F3F03423F3F5E633F3FBA84FE
:205A2C003F3F16A63F3F60C73F3FABE83F3FF609403F302B403F594C403F836D403FAC8EC7
:205A4C00403FC4AF403FDDD0403FE5F1403FEC12413FE333413FDA54413FD175413FB79673
:205A6C00413F9EB7413F73D8413F48F9413F0D1A423FD23A423F855B423F397C423FED9CE4
:205A8C00423F90BD423F22DE423FC5FE423F471F433FD93F433F4A60433FCB80433F3CA18E
:205AAC00433F9CC1433FFCE1433F5C02443FAB22443FFA42443F3963443F7783443FA5A346
:205ACC00443FD2C3443FEFE3443F0C04453F2924453F3544453F4164453F3C84453F27A430
:205AEC00453F22C4453FFCE3453FE603463FC023463F8943463F5263463F1B83463FD3A250
:205B0C00463F7AC2463F22E2463FC901473F6021473FF640473F8D60473F0280473F889FF5
:205B2C00473FFDBE473F61DE473FC6FD473F2A1D483F7D3C483FD15B483F147B483F569ABD
:205B4C00483F88B9483FBAD8483FDBF7483FFD16493F0D36493F1D55493F2E74493F2D932E
:205B6C00493F1CB2493F0BD1493FFAEF493FD80E4A3FB62D4A3F834C4A3F516B4A3F0D8A57
:205B8C004A3FCAA84A3F86C74A3F32E64A3FCD044B3F68234B3FF2414B3F8D604B3F067FD5
:205BAC004B3F809D4B3FF9BB4B3F62DA4B3FCBF84B3F22174C3F7A354C3FC1534C3F087240
:205BCC004C3F3F904C3F75AE4C3FABCC4C3FD1EA4C3FE6084D3FFA264D3F0F454D3F136362
:205BEC004D3F06814D3F0A9F4D3FEDBC4D3FCFDA4D3FB1F84D3F83164E3F55344E3F155283
:205C0C004E3FD66F4E3F978D4E3F36AB4E3FE7C84E3F86E64E3F14044F3FA3214F3F313F5D
:205C2C004F3FAF5C4F3F1C7A4F3F89974F3FF6B44F3F52D24F3FAEEF4F3FFA0C503F352A56
:205C4C00503F8047503FAA64503FE481503FFE9E503F27BC503F30D9503F49F6503F51135B
:205C6C00513F4930513F404D513F276A513F0E87513FF4A3513FCAC0513F90DD513F55FA8F
:205C8C00513F0917523FCE33523F7250523F166D523FB989523F4CA6523FCEC2523F61DF07
:205CAC00523FD2FB523F4418533FB534533F1651533F766D533FC689533F16A6533F55C2CC
:205CCC00533F94DE533FC2FA533FF016543F0D33543F2B4F543F386B543F4487543F40A3E4
:205CEC00543F3CBF543F38DB543F12F7543FFD12553FD82E553FA14A553F6B66553F34825E
:205D0C00553FDC9D553F95B9553F3DD5553FD4F0553F6B0C563F0228563F8943563FFF5E6D
:205D2C00563F747A563FEA95563F4FB1563FA3CC563FF7E7563F4B03573F8E1E573FC139FF
:205D4C00573FF354573F2670573F488B573F6AA6573F7BC1573F7BDC573F7BF7573F7B1235
:205D6C00583F6B2D583F5A48583F3963583F077E583FD498583FA2B3583F5FCE583F1DE910
:205D8C00583FC903593F641E593F0039593F9C53593F266E593FB188593F2BA3593F94BDD6
:205DAC00593F0ED8593F67F2593FBF0C5A3F18275A3F5F415A3FA75B5A3FDE755A3F049040
:205DCC005A3F2AAA5A3F50C45A3F65DE5A3F7BF85A3F7F125B3F732C5B3F67465B3F5B60B6
:205DEC005B3F3E7A5B3F21945B3FF3AD5B3FB4C75B3F76E15B3F37FB5B3FE8145C3F882E03
:205E0C005C3F28485C3FC8615C3F577B5C3FD5945C3F53AE5C3FD2C75C3F3FE15C3F9CFA7A
:205E2C005C3FF9135D3F562D5D3FA2465D3FDD5F5D3F18795D3F53925D3F7EAB5D3F97C4CA
:205E4C005D3FB1DD5D3FBAF65D3FC30F5E3FBB285E3FB3415E3FAB5A5E3F93735E3F698C6A
:205E6C005E3F40A55E3F06BE5E3FCBD65E3F80EF5E3F35085F3FDA205F3F7E395F3F115221
:205E8C005F3FA56A5F3F27835F3FAA9B5F3F1CB45F3F8ECC5F3FEFE45F3F3FFD5F3F90152A
:205EAC00603FE02D603F2046603F5F5E603F8E76603FAC8E603FCAA6603FE8BE603FF5D68F
:205ECC00603FF2EE603FEE06613FEB1E613FD636613FB14E613F8C66613F567E613F209654
:205EEC00613FDAAD613F93C5613F4CDD613FE4F4613F8D0C623F1424623FAC3B623F225386
:205F0C00623F986A623F0E82623F7499623FD9B0623F2EC8623F83DF623FC7F6623FFA0D29
:205F2C00633F2D25633F603C633F8253633F946A633FA681633FA698633FA7AF633FA8C65B
:205F4C00633F87DD633F77F4633F560B643F2522643FE338643FB14F643F5E66643F1C7D31
:205F6C00643FB893643F54AA643FF0C0643F7BD7643FF6ED643F7104653FEB1A653F5531CD
:205F8C00653FAE47653F075E653F6074653F988A653FE0A0653F17B7653F3ECD653F65E3E4
:205FAC00653F7BF9653F800F663F9625663F8A3B663F7E51663F7367663F567D663F2993F4
:205FCC00663FFCA8663FCFBE663F91D4663F42EA663FF3FF663F9415673F342B673FC440CB
:205FEC00673F5456673FD36B673F5281673FC096673F2EAC673F8BC1673FD8D6673F25EC6F
:20600C00673F7101683FAD16683FD82B683F0341683F1D56683F386B683F4180683F4A950B
:20602C00683F43AA683F3CBF683F24D4683F0CE9683FE3FD683FA912693F7027693F363CA1
:20604C00693FEC50693F9065693F357A693FC98E693F5DA3693FE1B7693F64CC693FD6E03F
:20606C00693F49F5693FAB096A3FFC1D6A3F4D326A3F9D466A3FDE5A6A3F0D6F6A3F3C83EE
:20608C006A3F5B976A3F7AAB6A3F87BF6A3F95D36A3F92E76A3F8FFB6A3F7C0F6B3F5723DE
:2060AC006B3F33376B3F0E4B6B3FD95E6B3F93726B3F4D866B3FF6996B3F9FAD6B3F37C1DF
:2060CC006B3FD0D46B3F57E86B3FDFFB6B3F560F6C3FBC226C3F22366C3F88496C3FCD5C0E
:2060EC006C3F22706C3F66836C3F9A966C3FBDA96C3FF1BC6C3F03D06C3F15E36C3F27F696
:20610C006C3F29096D3F191C6D3F0A2F6D3FEA416D3FCA546D3FA9676D3F687A6D3F268D86
:20612C006D3FE49F6D3F92B26D3F3FC56D3FDCD76D3F68EA6D3FF4FC6D3F6F0F6E3FEA21A9
:20614C006E3F55346E3FBF466E3F19596E3F726B6E3FBB7D6E3FF38F6E3F2BA26E3F63B450
:20616C006E3F7AC66E3FA1D86E3FB8EA6E3FBDFC6E3FB20E6F3FB8206F3F9C326F3F80446A
:20618C006F3F65566F3F38686F3FFB796F3FBD8B6F3F6F9D6F3F21AF6F3FC2C06F3F52D2EA
:2061AC006F3FF3E36F3F73F56F3FF206703F6118703FD029703F3F3B703F8C4C703FD95D2E
:2061CC00703F266F703F6380703F9F91703FCBA2703FE5B3703F00C5703F0AD6703F14E7EE
:2061EC00703F0EF8703F0709713FF019713FD82A713FB03B713F774C713F3E5D713FF46D4A
:20620C00713FAA7E713F508F713FF59F713F8AB0713F1EC1713FA2D1713F15E2713F88F25A
:20622C00713FFB02723F4D13723FAF23723FF033723F3144723F7154723FA164723FC17405
:20624C00723FE084723FFF94723FFDA4723F0BB5723FF8C4723FE5D4723FD2E4723FAEF485
:20626C00723F7904733F4414733FFF23733FB933733F6343733F0D53733FA662733F3F72E1
:20628C00733FC781733F3F91733FB6A0733F1DB0733F83BF733FD9CE733F2FDE733F74EDD0
:2062AC00733FA8FC733FDD0B743F001B743F242A743F3739743F4948743F4B57743F4D66F1
:2062CC00743F3E75743F1F84743FFF92743FCFA1743F9FB0743F5DBF743F1CCE743FCADCC8
:2062EC00743F68EB743F05FA743FA208753F2F17753FAB25753F1634753F9142753FEC508A
:20630C00753F465F753F8F6D753FD97B753F228A753F4A98753F83A6753F9AB4753FB1C264
:20632C00753FC8D0753FCEDE753FC4EC753FB9FA753F9E08763F7216763F5724763F1A3212
:20634C00763FDD3F763F904D763F425B763FE468763F8676763F1684763FA791763F279F13
:20636C00763F97AC763F06BA763F65C7763FC3D4763F11E2763F5FEF763F9CFC763FC809F9
:20638C00773FF416773F1024773F2B31773F363E773F404B773F3A58773F2365773F0D720F
:2063AC00773FF67E773FBD8B773F9698773F4CA5773F03B2773FBABE773F60CB773FF5D722
:2063CC00773F8AE4773F0FF1773F93FD773F070A783F6A16783FCD22783F302F783F713B74
:2063EC00783FC347783FF453783F2460783F556C783F7578783F8484783F9390783F919CFE
:20640C00783F8FA8783F7CB4783F59C0783F36CC783F12D8783FCEE3783F9AEF783F44FBD3
:20642C00783FEE06793F9912793F321E793FBB29793F4435793FBC40793F344C793F9B57D7
:20644C00793FF162793F486E793F9E79793FE484793F1990793F3D9B793F61A6793F85B12A
:20646C00793F99BC793F9BC7793F9ED2793F90DD793F81E8793F62F3793F33FE793F0309C1
:20648C007A3FC2137A3F821E7A3F30297A3FDF337A3F7D3E7A3F0A497A3F97537A3F245ECE
:2064AC007A3F90687A3FFC727A3F677D7A3FC2877A3F0C927A3F569C7A3F8FA67A3FC9B037
:2064CC007A3FF1BA7A3F19C57A3F31CF7A3F38D97A3F3FE37A3F35ED7A3F2BF77A3F1101D6
:2064EC007B3FE50A7B3FBA147B3F8E1E7B3F41287B3F05327B3FA73B7B3F4A457B3FEC4E0C
:20650C007B3F7D587B3FFE617B3F7F6B7B3FEF747B3F4E7E7B3FAD877B3F0C917B3F5B9A8C
:20652C007B3F98A37B3FC5AC7B3F03B67B3F1FBF7B3F3BC87B3F46D17B3F51DA7B3F4CE3C8
:20654C007B3F46EC7B3F30F57B3F19FE7B3FE2067C3FBB0F7C3F83187C3F3A217C3FE1293B
:20656C007C3F87327C3F2E3B7C3FB3437C3F494C7C3FBD547C3F425D7C3FA5657C3F096E59
:20658C007C3F5C767C3FAE7E7C3FF0867C3F328F7C3F63977C3F849F7C3FA4A77C3FC4AF07
:2065AC007C3FC3B77C3FC2BF7C3FC1C77C3FAFCF7C3F8CD77C3F6ADF7C3F36E77C3F03EF3B
:2065CC007C3FBEF67C3F7AFE7C3F14067D3FBF0D7D3F59157D3FE31C7D3F5B247D3FD42BD5
:2065EC007D3F4C337D3FB43A7D3F0B427D3F52497D3FA9507D3FDE577D3F145F7D3F38661B
:20660C007D3F5D6D7D3F71747D3F857B7D3F88827D3F7A897D3F6D907D3F4E977D3F309E22
:20662C007D3F01A57D3FD2AB7D3F92B27D3F41B97D3FF0BF7D3F8FC67D3F1CCD7D3FAAD3A3
:20664C007D3F38DA7D3FB5E07D3F21E77D3F8DED7D3FE9F37D3F33FA7D3F7E007E3FC806CF
:20666C007E3FF20C7E3F2B137E3F44197E3F5C1F7E3F74257E3F6B2B7E3F72317E3F5837B1
:20668C007E3F3E3D7E3F24437E3FF9487E3FBE4E7E3F82547E3F365A7E3FE95F7E3F8C6538
:2066AC007E3F1E6B7E3FB0707E3F32767E3FB37B7E3F24817E3F83867E3FE38B7E3F439177
:2066CC007E3F81967E3FD09B7E3FFDA07E3F2BA67E3F58AB7E3F64B07E3F80B57E3F7CBA54
:2066EC007E3F77BF7E3F72C47E3F5CC97E3F36CE7E3F0FD37E3FD8D77E3F90DC7E3F48E1EB
:20670C007E3F00E67E3F96EA7E3F3DEF7E3FC3F37E3F48F87E3FCEFC7E3F43017F3FA70542
:20672C007F3F0B0A7F3F5E0E7F3FA1127F3FE3167F3F151B7F3F471F7F3F68237F3F89275F
:20674C007F3F992B7F3F982F7F3F98337F3F86377F3F753B7F3F533F7F3F31437F3FED4641
:20676C007F3FBA4A7F3F664E7F3F22527F3FBD557F3F58597F3FE25C7F3F6B607F3FE563DD
:20678C007F3F5E677F3FC66A7F3F2F6E7F3F76717F3FCD747F3F03787F3F397B7F3F6F7E27
:2067AC007F3F95817F3FA9847F3FBE877F3FC28A7F3FC58D7F3FB8907F3F9A937F3F7D962F
:2067CC007F3F4E997F3F209C7F3FE09E7F3F90A17F3F40A47F3FDFA67F3F7EA97F3F0CAC23
:2067EC007F3F9BAE7F3F07B17F3F85B37F3FF2B57F3F4EB87F3F99BA7F3FE4BC7F3F2FBFD6
:20680C007F3F6AC17F3F93C37F3FACC57F3FC5C77F3FDEC97F3FE6CB7F3FDDCD7F3FD5CF58
:20682C007F3FBBD17F3F91D37F3F67D57F3F3DD77F3FF1D87F3FB6DA7F3F59DC7F3FFDDDB4
:20684C007F3FA0DF7F3F22E17F3FB5E27F3F26E47F3F97E57F3F08E77F3F68E87F3FB8E9BD
:20686C007F3F07EB7F3F46EC7F3F74ED7F3FA2EE7F3FD0EF7F3FDCF07F3FFAF17F3FF5F2AA
:20688C007F3FF1F37F3FEDF47F3FC7F57F3FB2F67F3F7BF77F3F44F87F3F0EF97F3FC6F95F
:2068AC007F3F6EFA7F3F16FB7F3FADFB7F3F33FC7F3FB9FC7F3F3FFD7F3FA4FD7F3F19FEE3
:2068CC007F3F6DFE7F3FC1FE7F3F15FF7F3F47FF7F3F8BFF7F3FACFF7F3FCEFF7F3FEFFF48
:2068EC007F3F0000803F0000803F0000803FEFFF7F3FCEFF7F3FACFF7F3F8BFF7F3F47FF63
:20690C007F3F15FF7F3FC1FE7F3F6DFE7F3F19FE7F3FA4FD7F3F3FFD7F3FB9FC7F3F33FC65
:20692C007F3FADFB7F3F16FB7F3F6EFA7F3FC6F97F3F0EF97F3F44F87F3F7BF77F3FB2F61E
:20694C007F3FC7F57F3FEDF47F3FF1F37F3FF5F27F3FFAF17F3FDCF07F3FD0EF7F3FA2EECD
:20696C007F3F74ED7F3F46EC7F3F07EB7F3FB8E97F3F68E87F3F08E77F3F97E57F3F26E430
:20698C007F3FB5E27F3F22E17F3FA0DF7F3FFDDD7F3F59DC7F3FB6DA7F3FF1D87F3F3DD766
:2069AC007F3F67D57F3F91D37F3FBBD17F3FD5CF7F3FDDCD7F3FE6CB7F3FDEC97F3FC5C77D
:2069CC007F3FACC57F3F93C37F3F6AC17F3F2FBF7F3FE4BC7F3F99BA7F3F4EB87F3FF2B53B
:2069EC007F3F85B37F3F07B17F3F9BAE7F3F0CAC7F3F7EA97F3FDFA67F3F40A47F3F90A1E9
:206A0C007F3FE09E7F3F209C7F3F4E997F3F7D967F3F9A937F3FB8907F3FC58D7F3FC28A33
:206A2C007F3FBE877F3FA9847F3F95817F3F6F7E7F3F397B7F3F03787F3FCD747F3F76718E
:206A4C007F3F2F6E7F3FC66A7F3F5E677F3FE5637F3F6B607F3FE25C7F3F58597F3FBD5594
:206A6C007F3F22527F3F664E7F3FBA4A7F3FED467F3F31437F3F533F7F3F753B7F3F863748
:206A8C007F3F98337F3F982F7F3F992B7F3F89277F3F68237F3F471F7F3F151B7F3FE316DA
:206AAC007F3FA1127F3F5E0E7F3F0B0A7F3FA7057F3F43017F3FCEFC7E3F48F87E3FC3F3F8
:206ACC007E3F3DEF7E3F96EA7E3F00E67E3F48E17E3F90DC7E3FD8D77E3F0FD37E3F36CE06
:206AEC007E3F5CC97E3F72C47E3F77BF7E3F7CBA7E3F80B57E3F64B07E3F58AB7E3F2BA6BE
:206B0C007E3FFDA07E3FD09B7E3F81967E3F43917E3FE38B7E3F83867E3F24817E3FB37B44
:206B2C007E3F32767E3FB0707E3F1E6B7E3F8C657E3FE95F7E3F365A7E3F82547E3FBE4E65
:206B4C007E3FF9487E3F24437E3F3E3D7E3F58377E3F72317E3F6B2B7E3F74257E3F5C1F42
:206B6C007E3F44197E3F2B137E3FF20C7E3FC8067E3F7E007E3F33FA7D3FE9F37D3F8DEDBB
:206B8C007D3F21E77D3FB5E07D3F38DA7D3FAAD37D3F1CCD7D3F8FC67D3FF0BF7D3F41B9F6
:206BAC007D3F92B27D3FD2AB7D3F01A57D3F309E7D3F4E977D3F6D907D3F7A897D3F8882C5
:206BCC007D3F857B7D3F71747D3F5D6D7D3F38667D3F145F7D3FDE577D3FA9507D3F524940
:206BEC007D3F0B427D3FB43A7D3F4C337D3FD42B7D3F5B247D3FE31C7D3F59157D3FBF0D38
:206C0C007D3F14067D3F7AFE7C3FBEF67C3F03EF7C3F36E77C3F6ADF7C3F8CD77C3FAFCF0F
:206C2C007C3FC1C77C3FC2BF7C3FC3B77C3FC4AF7C3FA4A77C3F849F7C3F63977C3F328F51
:206C4C007C3FF0867C3FAE7E7C3F5C767C3F096E7C3FA5657C3F425D7C3FBD547C3F494C16
:206C6C007C3FB3437C3F2E3B7C3F87327C3FE1297C3F3A217C3F83187C3FBB0F7C3FE20666
:206C8C007C3F19FE7B3F30F57B3F46EC7B3F4CE37B3F51DA7B3F46D17B3F3BC87B3F1FBF57
:206CAC007B3F03B67B3FC5AC7B3F98A37B3F5B9A7B3F0C917B3FAD877B3F4E7E7B3FEF749E
:206CCC007B3F7F6B7B3FFE617B3F7D587B3FEC4E7B3F4A457B3FA73B7B3F05327B3F41286F
:206CEC007B3F8E1E7B3FBA147B3FE50A7B3F11017B3F2BF77A3F35ED7A3F3FE37A3F38D9C9
:206D0C007A3F31CF7A3F19C57A3FF1BA7A3FC9B07A3F8FA67A3F569C7A3F0C927A3FC2878F
:206D2C007A3F677D7A3FFC727A3F90687A3F245E7A3F97537A3F0A497A3F7D3E7A3FDF33A9
:206D4C007A3F30297A3F821E7A3FC2137A3F03097A3F33FE793F62F3793F81E8793F90DD2C
:206D6C00793F9ED2793F9BC7793F99BC793F85B1793F61A6793F3D9B793F1990793FE484FA
:206D8C00793F9E79793F486E793FF162793F9B57793F344C793FBC40793F4435793FBB293C
:206DAC00793F321E793F9912793FEE06793F44FB783F9AEF783FCEE3783F12D8783F36CCB7
:206DCC00783F59C0783F7CB4783F8FA8783F919C783F9390783F8484783F7578783F556C69
:206DEC00783F2460783FF453783FC347783F713B783F302F783FCD22783F6A16783F070A6F
:206E0C00783F93FD773F0FF1773F8AE4773FF5D7773F60CB773FBABE773F03B2773F4CA5A2
:206E2C00773F9698773FBD8B773FF67E773F0D72773F2365773F3A58773F404B773F363E14
:206E4C00773F2B31773F1024773FF416773FC809773F9CFC763F5FEF763F11E2763FC3D49E
:206E6C00763F65C7763F06BA763F97AC763F279F763FA791763F1684763F8676763FE4684F
:206E8C00763F425B763F904D763FDD3F763F1A32763F5724763F7216763F9E08763FB9FA00
:206EAC00753FC4EC753FCEDE753FC8D0753FB1C2753F9AB4753F83A6753F4A98753F228ABA
:206ECC00753FD97B753F8F6D753F465F753FEC50753F9142753F1634753FAB25753F2F17A2
:206EEC00753FA208753F05FA743F68EB743FCADC743F1CCE743F5DBF743F9FB0743FCFA185
:206F0C00743FFF92743F1F84743F3E75743F4D66743F4B57743F4948743F3739743F242A42
:206F2C00743F001B743FDD0B743FA8FC733F74ED733F2FDE733FD9CE733F83BF733F1DB0E7
:206F4C00733FB6A0733F3F91733FC781733F3F72733FA662733F0D53733F6343733FB9337C
:206F6C00733FFF23733F4414733F7904733FAEF4723FD2E4723FE5D4723FF8C4723F0BB5F5
:206F8C00723FFDA4723FFF94723FE084723FC174723FA164723F7154723F3144723FF0332E
:206FAC00723FAF23723F4D13723FFB02723F88F2713F15E2713FA2D1713F1EC1713F8AB015
:206FCC00713FF59F713F508F713FAA7E713FF46D713F3E5D713F774C713FB03B713FD82ADE
:206FEC00713FF019713F0709713F0EF8703F14E7703F0AD6703F00C5703FE5B3703FCBA246
:20700C00703F9F91703F6380703F266F703FD95D703F8C4C703F3F3B703FD029703F61184A
:20702C00703FF206703F73F56F3FF3E36F3F52D26F3FC2C06F3F21AF6F3F6F9D6F3FBD8BD2
:20704C006F3FFB796F3F38686F3F65566F3F80446F3F9C326F3FB8206F3FB20E6F3FBDFC02
:20706C006E3FB8EA6E3FA1D86E3F7AC66E3F63B46E3F2BA26E3FF38F6E3FBB7D6E3F726BC6
:20708C006E3F19596E3FBF466E3F55346E3FEA216E3F6F0F6E3FF4FC6D3F68EA6D3FDCD700
:2070AC006D3F3FC56D3F92B26D3FE49F6D3F268D6D3F687A6D3FA9676D3FCA546D3FEA41AB
:2070CC006D3F0A2F6D3F191C6D3F29096D3F27F66C3F15E36C3F03D06C3FF1BC6C3FBDA9AD
:2070EC006C3F9A966C3F66836C3F22706C3FCD5C6C3F88496C3F22366C3FBC226C3F560FEC
:20710C006C3FDFFB6B3F57E86B3FD0D46B3F37C16B3F9FAD6B3FF6996B3F4D866B3F9372AA
:20712C006B3FD95E6B3F0E4B6B3F33376B3F57236B3F7C0F6B3F8FFB6A3F92E76A3F95D38B
:20714C006A3F87BF6A3F7AAB6A3F5B976A3F3C836A3F0D6F6A3FDE5A6A3F9D466A3F4D32A9
:20716C006A3FFC1D6A3FAB096A3F49F5693FD6E0693F64CC693FE1B7693F5DA3693FC98EE0
:20718C00693F357A693F9065693FEC50693F363C693F7027693FA912693FE3FD683F0CE92B
:2071AC00683F24D4683F3CBF683F43AA683F4A95683F4180683F386B683F1D56683F0341B1
:2071CC00683FD82B683FAD16683F7101683F25EC673FD8D6673F8BC1673F2EAC673FC096FC
:2071EC00673F5281673FD36B673F5456673FC440673F342B673F9415673FF3FF663F42EA6F
:20720C00663F91D4663FCFBE663FFCA8663F2993663F567D663F7367663F7E51663F8A3BA7
:20722C00663F9625663F800F663F7BF9653F65E3653F3ECD653F17B7653FE0A0653F988A9E
:20724C00653F6074653F075E653FAE47653F5531653FEB1A653F7104653FF6ED643F7BD7A0
:20726C00643FF0C0643F54AA643FB893643F1C7D643F5E66643FB14F643FE338643F252232
:20728C00643F560B643F77F4633F87DD633FA8C6633FA7AF633FA698633FA681633F946A79
:2072AC00633F8253633F603C633F2D25633FFA0D633FC7F6623F83DF623F2EC8623FD9B04D
:2072CC00623F7499623F0E82623F986A623F2253623FAC3B623F1424623F8D0C623FE4F4F6
:2072EC00613F4CDD613F93C5613FDAAD613F2096613F567E613F8C66613FB14E613FD636F3
:20730C00613FEB1E613FEE06613FF2EE603FF5D6603FE8BE603FCAA6603FAC8E603F8E766A
:20732C00603F5F5E603F2046603FE02D603F9015603F3FFD5F3FEFE45F3F8ECC5F3F1CB43E
:20734C005F3FAA9B5F3F27835F3FA56A5F3F11525F3F7E395F3FDA205F3F35085F3F80EF73
:20736C005E3FCBD65E3F06BE5E3F40A55E3F698C5E3F93735E3FAB5A5E3FB3415E3FBB28F8
:20738C005E3FC30F5E3FBAF65D3FB1DD5D3F97C45D3F7EAB5D3F53925D3F18795D3FDD5FB9
:2073AC005D3FA2465D3F562D5D3FF9135D3F9CFA5C3F3FE15C3FD2C75C3F53AE5C3FD594B5
:2073CC005C3F577B5C3FC8615C3F28485C3F882E5C3FE8145C3F37FB5B3F76E15B3FB4C7AA
:2073EC005B3FF3AD5B3F21945B3F3E7A5B3F5B605B3F67465B3F732C5B3F7F125B3F7BF899
:20740C005A3F65DE5A3F50C45A3F2AAA5A3F04905A3FDE755A3FA75B5A3F5F415A3F1827A5
:20742C005A3FBF0C5A3F67F2593F0ED8593F94BD593F2BA3593FB188593F266E593F9C5399
:20744C00593F0039593F641E593FC903593F1DE9583F5FCE583FA2B3583FD498583F077E64
:20746C00583F3963583F5A48583F6B2D583F7B12583F7BF7573F7BDC573F7BC1573F6AA6D3
:20748C00573F488B573F2670573FF354573FC139573F8E1E573F4B03573FF7E7563FA3CC40
:2074AC00563F4FB1563FEA95563F747A563FFF5E563F8943563F0228563F6B0C563FD4F01D
:2074CC00553F3DD5553F95B9553FDC9D553F3482553F6B66553FA14A553FD82E553FFD12A0
:2074EC00553F12F7543F38DB543F3CBF543F40A3543F4487543F386B543F2B4F543F0D33C5
:20750C00543FF016543FC2FA533F94DE533F55C2533F16A6533FC689533F766D533F16512D
:20752C00533FB534533F4418533FD2FB523F61DF523FCEC2523F4CA6523FB989523F166D1B
:20754C00523F7250523FCE33523F0917523F55FA513F90DD513FCAC0513FF4A3513F0E8746
:20756C00513F276A513F404D513F4930513F5113513F49F6503F30D9503F27BC503FFE9EC0
:20758C00503FE481503FAA64503F8047503F352A503FFA0C503FAEEF4F3F52D24F3FF6B45F
:2075AC004F3F89974F3F1C7A4F3FAF5C4F3F313F4F3FA3214F3F14044F3F86E64E3FE7C828
:2075CC004E3F36AB4E3F978D4E3FD66F4E3F15524E3F55344E3F83164E3FB1F84D3FCFDA13
:2075EC004D3FEDBC4D3F0A9F4D3F06814D3F13634D3F0F454D3FFA264D3FE6084D3FD1EAB3
:20760C004C3FABCC4C3F75AE4C3F3F904C3F08724C3FC1534C3F7A354C3F22174C3FCBF864
:20762C004B3F62DA4B3FF9BB4B3F809D4B3F067F4B3F8D604B3FF2414B3F68234B3FCD04E0
:20764C004B3F32E64A3F86C74A3FCAA84A3F0D8A4A3F516B4A3F834C4A3FB62D4A3FD80E13
:20766C004A3FFAEF493F0BD1493F1CB2493F2D93493F2E74493F1D55493F0D36493FFD1600
:20768C00493FDBF7483FBAD8483F88B9483F569A483F147B483FD15B483F7D3C483F2A1D55
:2076AC00483FC6FD473F61DE473FFDBE473F889F473F0280473F8D60473FF640473F602183
:2076CC00473FC901473F22E2463F7AC2463FD3A2463F1B83463F5263463F8943463FC023F3
:2076EC00463FE603463FFCE3453F22C4453F27A4453F3C84453F4164453F3544453F2924B8
:20770C00453F0C04453FEFE3443FD2C3443FA5A3443F7783443F3963443FFA42443FAB22E5
:20772C00443F5C02443FFCE1433F9CC1433F3CA1433FCB80433F4A60433FD93F433F471F43
:20774C00433FC5FE423F22DE423F90BD423FED9C423F397C423F855B423FD23A423F0D1AB3
:20776C00423F48F9413F73D8413F9EB7413FB796413FD175413FDA54413FE333413FEC1246
:20778C00413FE5F1403FDDD0403FC4AF403FAC8E403F836D403F594C403F302B403FF609C5
:2077AC00403FABE83F3F60C73F3F16A63F3FBA843F3F5E633F3F03423F3F96203F3F19FF44
:2077CC003E3F9CDD3E3F1FBC3E3F919A3E3F03793E3F64573E3FC6353E3F16143E3F67F281
:2077EC003D3FB7D03D3FF7AE3D3F378D3D3F666B3D3F95493D3FB3273D3FD1053D3FEFE37C
:20780C003C3FFDC13C3F0AA03C3F077E3C3F035C3C3FEF393C3FDB173C3FB6F53B3F91D310
:20782C003B3F6CB13B3F368F3B3F016D3B3FBA4A3B3F74283B3F2D063B3FD6E33A3F6EC162
:20784C003A3F179F3A3F9E7C3A3F365A3A3FBD373A3F33153A3FAAF2393F20D0393F86ADFB
:20786C00393FEC8A393F4068393F9545393FD922393F2E00393F61DD383F95BA383FC89731
:20788C00383FFB74383F1E52383F302F383F410C383F53E9373F54C6373F55A3373F458089
:2078AC00373F355D373F263A373F0517373FE4F3363FB3D0363F82AD363F408A363FFD664C
:2078CC00363FBB43363F6820363F15FD353FB2D9353F4EB6353FEA92353F766F353F014C24
:2078EC00353F7C28353FF704353F61E1343FCBBD343F359A343F8E76343FE752343F302F0D
:20790C00343F780B343FC0E7333FF8C3333F30A0333F577C333F7D58333F9434333FAA10EA
:20792C00333FC0EC323FC5C8323FCAA4323FD080323FC45C323FA838323F8C14323F6FF0BC
:20794C00313F42CC313F15A8313FE883313FAB5F313F6D3B313F1E17313FD0F2303F81CE6E
:20796C00303F22AA303FC285303F5261303FE23C303F6118303FE0F32F3F5FCF2F3FCEAAAF
:20798C002F3F3C862F3FAA612F3F083D2F3F55182F3FB2F32E3FFFCE2E3F3BAA2E3F77859C
:2079AC002E3FB3602E3FDE3B2E3F09172E3F24F22D3F3ECD2D3F58A82D3F62832D3F6C5E3B
:2079CC002D3F75392D3F6E142D3F56EF2C3F4FCA2C3F37A52C3F0F802C3FE65A2C3FBD3515
:2079EC002C3F84102C3F4AEB2B3F00C62B3FC7A02B3F6C7B2B3F21562B3FC6302B3F5B0B79
:207A0C002B3FEFE52A3F83C02A3F079B2A3F8A752A3F0D502A3F802A2A3FF3042A3F55DF27
:207A2C00293FB6B9293F1894293F696E293FBB48293FFB22293F3BFD283F7BD7283FABB104
:207A4C00283FDB8B283F0A66283F2940283F481A283F56F4273F64CE273F61A8273F6F82CE
:207A6C00273F5B5C273F5936273F4510273F31EA263F0DC4263FE99D263FB477263F7E51C7
:207A8C00263F492B263F0305263FBEDE253F78B8253F2192253FCA6B253F6345253F0C1FB4
:207AAC00253F94F8243F2DD2243FA4AB243F2B85243FA25E243F1938243F8011243FE6EA65
:207ACC00233F4CC4233FA19D233FF776233F4C50233F9129233FD602233F0ADC223F3DB5CA
:207AEC00223F718E223F9467223FB840223FDB19223FEDF2213FFFCB213F01A5213F027EC0
:207B0C00213F0457213FF52F213FE608213FD6E1203FB6BA203F9693203F666C203F354554
:207B2C00203F041E203FC2F61F3F81CF1F3F3FA81F3FED801F3F9B591F3F48321F3FE50A6C
:207B4C001F3F82E31E3F0EBC1E3F9A941E3F266D1E3FA2451E3F1D1E1E3F98F61D3F03CFBF
:207B6C001D3F6EA71D3FD87F1D3F32581D3F8C301D3FD5081D3F1EE11C3F67B91C3F9F913D
:207B8C001C3FD7691C3F0F421C3F371A1C3F5EF21B3F86CA1B3F9CA21B3FB37A1B3FB9520D
:207BAC001B3FBF2A1B3FC5021B3FBADA1A3FC0B21A3FA48A1A3F99621A3F7E3A1A3F5112F4
:207BCC001A3F36EA193FF8C1193FCC99193F8F71193F5249193F1421193FC6F8183F78D0C5
:207BEC00183F1AA8183FBB7F183F5C57183FEC2E183F8E06183F0DDE173F9EB5173F1E8D7D
:207C0C00173F8C64173F0C3C173F7B13173FD9EA163F48C2163FA699163FF470163F4148ED
:207C2C00163F8E1F163FDCF6153F18CE153F55A5153F817C153FBD53153FD82A153F040222
:207C4C00153F1FD9143F3AB0143F4487143F5F5E143F5935143F630C143F5CE3133F56BACA
:207C6C00133F3F91133F2768133F103F133FE815133FC0EC123F98C3123F709A123F377107
:207C8C00123FED47123FB41E123F6AF5113F21CC113FC6A2113F6C79113F1250113FA62688
:207CAC00113F3BFD103FD0D3103F54AA103FD880103F5C57103FCF2D103F4304103FB6DA88
:207CCC000F3F29B10F3F8B870F3FDD5D0F3F40340F3F910A0F3FE3E00E3F24B70E3F658D65
:207CEC000E3FA6630E3FD6390E3F06100E3F36E60D3F66BC0D3F86920D3FA5680D3FB43E91
:207D0C000D3FC2140D3FD1EA0C3FCFC00C3FDD960C3FDB6C0C3FC8420C3FB5180C3FA2EEBC
:207D2C000B3F8FC40B3F6B9A0B3F48700B3F24460B3FEF1B0B3FBBF10A3F75C70A3F419D9F
:207D4C000A3FFC720A3FA6480A3F601E0A3F0AF4093FB4C9093F4D9F093FE674093F804A6E
:207D6C00093F0820093FA1F5083F19CB083FA1A0083F1976083F904B083F0821083F6FF6E2
:207D8C00073FD5CB073F3CA1073F9276073FE84B073F3E21073F83F6063FC9CB063F0EA1D6
:207DAC00063F5376063F884B063FBC20063FE0F5053F04CB053F27A0053F4B75053F5E4A48
:207DCC00053F711F053F84F4043F86C9043F999E043F8A73043F8C48043F7E1D043F6FF222
:207DEC00033F50C7033F419C033F2271033FF145033FD21A033FA2EF023F72C4023F31992F
:207E0C00023FF06D023FAF42023F6E17023F1CEC013FCAC0013F7995013F166A013FB43E6D
:207E2C00013F5113013FDEE7003F7BBC003FF790003F8465003F003A003F7C0E003FEFC5F4
:207E4C00FF3EE76EFF3EBE17FF3E94C0FE3E4969FE3EFD11FE3EB2BAFD3E6763FD3EFA0BBC
:207E6C00FD3E8DB4FC3E205DFC3EB405FC3E25AEFB3E9756FB3EE7FEFA3E59A7FA3EA94F17
:207E8C00FA3EF9F7F93E27A0F93E5648F93E84F0F83EB398F83EC040F83ECDE8F73EDA90EF
:207EAC00F73EE738F73ED2E0F63EBE88F63E8830F63E73D8F53E3D80F53E0728F53EAFCF93
:207ECC00F43E5777F43E001FF43EA8C6F33E2F6EF33EB515F33E3CBDF23EC364F23E280CF7
:207EEC00F23E8DB3F13EF35AF13E3602F13E7AA9F03EBE50F03E01F8EF3E239FEF3E4546C7
:207F0C00EF3E67EDEE3E6894EE3E8A3BEE3E8BE2ED3E6A89ED3E6A30ED3E49D7EC3E287E24
:207F2C00EC3EE624EC3EC5CBEB3E8272EB3E3F19EB3EDBBFEA3E7766EA3E130DEA3EAFB30F
:207F4C00E93E295AE93EC500E93E1EA7E83E984DE83EF1F3E73E6B9AE73EA340E73EFBE646
:207F6C00E63E338DE63E6A33E63EA1D9E53ED87FE53EEE25E53E03CCE43E1972E43E0D181C
:207F8C00E43E01BEE33EF563E33EEA09E33EBCAFE23E8F55E23E61FBE13E34A1E13EE5461D
:207FAC00E13E96ECE03E4792E03EF837E03E87DDDF3E1783DF3EA628DF3E36CEDE3EA37359
:207FCC00DE3E1119DE3E7FBEDD3ECC63DD3E3909DD3E86AEDC3EB153DC3EFDF8DB3E289EF4
:207FEC00DB3E5243DB3E7DE8DA3EA88DDA3EB132DA3EBAD7D93EC47CD93EAB21D93E93C6AE
:20800C00D83E7B6BD83E6210D83E4AB5D73E105AD73ED6FED63E9CA3D63E4148D63E07ED5B
:20802C00D53EAC91D53E5036D53ED3DAD43E567FD43ED923D43E5CC8D33EDF6CD33E4111A1
:20804C00D33EA2B5D23E045AD23E65FED13EA5A2D13EE546D13E25EBD03E658FD03E833356
:20806C00D03EA1D7CF3EC07BCF3EDE1FCF3EDBC3CE3EF967CE3EF60BCE3ED1AFCD3ECE5340
:20808C00CD3EA9F7CC3E849BCC3E603FCC3E3BE3CB3EF486CB3EAE2ACB3E68CECA3E007212
:2080AC00CA3EBA15CA3E52B9C93EEA5CC93E8200C93EF9A3C83E6F47C83EE6EAC73E5C8ED0
:2080CC00C73ED331C73E28D5C63E7D78C63ED21BC63E27BFC53E5A62C53E8E05C53EC1A8F4
:2080EC00C43EF54BC43E07EFC33E3A92C33E4C35C33E5ED8C23E4E7BC23E601EC23E51C15B
:20810C00C13E4164C13E1007C13E00AAC03ECF4CC03E9EEFBF3E6C92BF3E3B35BF3EE9D727
:20812C00BE3E967ABE3E431DBE3EF0BFBD3E7C62BD3E2905BD3EB5A7BC3E414ABC3EABECB1
:20814C00BB3E368FBB3EA131BB3E0BD4BA3E7576BA3EBD18BA3E28BBB93E705DB93EB9FFB4
:20816C00B83E01A2B83E2844B83E4FE6B73E7688B73E9D2AB73EC4CCB63ECA6EB63EF11078
:20818C00B63EF6B2B53EFC54B53EE0F6B43EE598B43EC93AB43EADDCB33E917EB33E5320E8
:2081AC00B33E37C2B23EFA63B23EBC05B23E5DA7B13E1F49B13EC0EAB03E618CB03E022EEE
:2081CC00B03EA2CFAF3E4371AF3EC212AF3E42B4AE3EC155AE3E40F7AD3E9E98AD3E1D3A67
:2081EC00AD3E7BDBAC3ED97CAC3E361EAC3E72BFAB3EAF60AB3E0C02AB3E48A3AA3E634448
:20820C00AA3E9FE5A93EBA86A93ED427A93EEFC8A83E0A6AA83E240BA83E1DACA73E164DD9
:20822C00A73E0FEEA63E088FA63E0130A63ED9D0A53ED271A53EA912A53E81B3A43E3754EB
:20824C00A43E0EF5A33EC495A33E7A36A33E30D7A23EE677A23E7A18A23E30B9A13EC55905
:20826C00A13E59FAA03EED9AA03E603BA03EF5DB9F3E677C9F3EDA1C9F3E4DBD9E3EC05DC1
:20828C009E3E11FE9D3E849E9D3ED53E9D3E26DF9C3E787F9C3EA71F9C3EF9BF9B3E2860B8
:2082AC009B3E58009B3E88A09A3EB8409A3EC6E0993EF580993E0421993E12C1983E2061E9
:2082CC00983E0C01983E1BA1973E0741973EF4E0963EE080963ECD20963EBAC0953E85605C
:2082EC00953E7100953E3CA0943E0740943EB1DF933E7C7F933E251F933EF0BE923E9A5EDC
:20830C00923E43FE913EED9D913E753D913E1EDD903EA67C903E2E1C903EB6BB8F3E3E5BEF
:20832C008F3EA4FA8E3E2C9A8E3E93398E3EF9D88D3E60788D3EC6178D3E0BB78C3E715696
:20834C008C3EB6F58B3EFB948B3E40348B3E84D38A3EC9728A3EED118A3E31B1893E555008
:20836C00893E78EF883E9B8E883E9D2D883EC0CC873EC26B873EE50A873EE7A9863EE94802
:20838C00863EC9E7853ECB86853ECC25853EACC4843E8D63843E6D02843E4DA1833E2D40A1
:2083AC00833EECDE823ECC7D823E8A1C823E49BB813E085A813EC6F8803E6397803E223687
:2083CC00803E7EA97F3EFBE67E3E35247E3E70617D3E679E7C3EA1DB7B3EDB187B3ED255EA
:2083EC007A3EC992793EC0CF783EB70C783EAE49773EA586763E59C3753E0D00753E043D8E
:20840C00743EB779733E6BB6723EDCF2713E902F713E446C703EB5A86F3E26E56E3E96212B
:20842C006E3E075E6D3E789A6C3EE9D66B3E16136B3E874F6A3EB58B693EE3C7683E1004B5
:20844C00683E3E40673E6C7C663E99B8653E84F4643E6E30643E9C6C633E87A8623E71E4A0
:20846C00613E5C20613E035C603EEE975F3E95D35E3E800F5E3E274B5D3ECF865C3E76C2B4
:20848C005B3E1EFE5A3E82395A3E2975593E8EB0583E35EC573E9A27573EFE62563E629E27
:2084AC00553EC7D9543EE814543E4C50533E6E8B523ED2C6513EF301513E143D503E367870
:2084CC004F3E57B34E3E78EE4D3E56294D3E77644C3E569F4B3E34DA4A3E55154A3E335084
:2084EC00493E118B483EACC5473E8A00473E693B463E0476453E9FB0443E7DEB433E1826A5
:20850C00433EB360423E4E9B413EA6D5403E4110403EDC4A3F3E34853E3E8CBF3D3E27FA4C
:20852C003C3E7F343C3ED66E3B3E2EA93A3E86E3393E9B1D393EF357383E0892373E60CC72
:20854C00363E7506363E8940353E9E7A343EB3B4333EC8EE323EDD28323EF162313EC39C52
:20856C00303ED8D62F3EAA102F3E7B4A2E3E4D842D3E1FBE2C3EF0F72B3EC2312B3E946BE0
:20858C002A3E65A5293EF4DE283EC618283E5452273EE38B263E72C5253E00FF243E8F38DB
:2085AC00243E1D72233EACAB223E3BE5213E861E213E1558203E60911F3EEFCA1E3E3A04B8
:2085CC001E3E863D1D3ED1761C3E1DB01B3E68E91A3EB4221A3EFF5B193E0795183E53CEB3
:2085EC00173E5B07173E6440163EAF79153EB7B2143EC0EB133EC824133ED15D123ED9960F
:20860C00113EE1CF103EA708103EAF410F3E747A0E3E7DB30D3E42EC0C3E07250C3E0F5EB7
:20862C000B3ED5960A3E9ACF093E5F08093E2541083EA779073E6CB2063E31EB053EB3232C
:20864C00053E795C043EFB94033E7DCD023E4206023EC43E013E4777003E915FFF3D96D003
:20866C00FD3D9A41FC3D9EB2FA3D1C23F93D2194F73D2505F63DA375F43DA7E6F23D2657DC
:20868C00F13DA4C7EF3DA838EE3D26A9EC3DA419EB3D228AE93DA0FAE73D1E6BE63D9CDB6E
:2086AC00E43D944BE33D12BCE13D912CE03D889CDE3D060DDD3DFE7CDB3D7CEDD93D745D7A
:2086CC00D83D6CCDD63DEA3DD53DE2ADD33DDA1DD23DD28DD03DCAFDCE3DC26DCD3DBADD41
:2086EC00CB3D2B4DCA3D23BDC83D1B2DC73D8D9CC53D840CC43DF67BC23DEEEBC03D605BF9
:20870C00BF3D58CBBD3DC93ABC3D3BAABA3DAC19B93D1E89B73D16F9B53D8868B43DF9D754
:20872C00B23DE546B13D56B6AF3DC825AE3D3A95AC3DAB04AB3D9773A93D08E3A73DF45102
:20874C00A63D66C1A43D5130A33DC39FA13DAE0EA03D207E9E3D0BED9C3DF75B9B3DE2CAC8
:20876C00993DCE39983D3FA9963D2B18953D1687933D01F6913DED64903D52D38E3D3E42AB
:20878C008D3D29B18B3D14208A3D008F883D65FD863D516C853D3CDB833DA149823D8DB8A9
:2087AC00803DE44D7E3DBB2B7B3D8508783D5CE6743D26C3713DF19F6E3DC87D6B3D925A86
:2087CC00683D5D37653D2714623DF1F05E3DC8CE5B3D93AB583D5D88553D2865523DF24195
:2087EC004F3DBD1E4C3D87FB483D51D8453D0FB4423DDA903F3DA46D3C3D6F4A393D39278A
:20880C00363D0404333DC2DF2F3D8CBC2C3D5699293D1475263DDF51233DA92E203D670A2D
:20882C001D3D32E7193DF0C2163DBA9F133D787B103D43580D3D01340A3DCB10073D89EC80
:20884C00033D47C8003D234AFB3C9F01F53C34BBEE3CB072E83C2C2AE23CA8E1DB3C3D9BC0
:20886C00D53CB952CF3C350AC93CB1C1C23C467BBC3CC232B63C3EEAAF3CBAA1A93C365990
:20888C00A33CCB129D3C47CA963CC381903C3F398A3CBBF0833C6E507B3C66BF6E3C5E2ECC
:2088AC00623C569D553C8010493C787F3C3C70EE2F3C685D233C60CC163C583B0A3CA054CE
:2088CC00FB3B9032E23B8010C93B70EEAF3B60CC963BA0547B3B8010493B60CC163B8010D3
:2088EC00C93A8010493A00000000801049BA8010C9BA60CC16BB801049BBA0547BBB60CCC9
:20890C0096BB70EEAFBB8010C9BB9032E2BBA054FBBB583B0ABC60CC16BC685D23BC70EEBC
:20892C002FBC787F3CBC801049BC569D55BC5E2E62BC66BF6EBC6E507BBCBBF083BC3F3968
:20894C008ABCC38190BC47CA96BCCB129DBC3659A3BCBAA1A9BC3EEAAFBCC232B6BC467B34
:20896C00BCBCB1C1C2BC350AC9BCB952CFBC3D9BD5BCA8E1DBBC2C2AE2BCB072E8BC34BBF7
:20898C00EEBC9F01F5BC234AFBBC47C800BD89EC03BDCB1007BD01340ABD43580DBD787BB8
:2089AC0010BDBA9F13BDF0C216BD32E719BD670A1DBDA92E20BDDF5123BD147526BD5699D7
:2089CC0029BD8CBC2CBDC2DF2FBD040433BD392736BD6F4A39BDA46D3CBDDA903FBD0FB4BA
:2089EC0042BD51D845BD87FB48BDBD1E4CBDF2414FBD286552BD5D8855BD93AB58BDC8CE1B
:208A0C005BBDF1F05EBD271462BD5D3765BD925A68BDC87D6BBDF19F6EBD26C371BD5CE694
:208A2C0074BD850878BDBB2B7BBDE44D7EBD8DB880BDA14982BD3CDB83BD516C85BD65FD4A
:208A4C0086BD008F88BD14208ABD29B18BBD3E428DBD52D38EBDED6490BD01F691BD16879C
:208A6C0093BD2B1895BD3FA996BDCE3998BDE2CA99BDF75B9BBD0BED9CBD207E9EBDAE0EBC
:208A8C00A0BDC39FA1BD5130A3BD66C1A4BDF451A6BD08E3A7BD9773A9BDAB04ABBD3A95F7
:208AAC00ACBDC825AEBD56B6AFBDE546B1BDF9D7B2BD8868B4BD16F9B5BD1E89B7BDAC19D7
:208ACC00B9BD3BAABABDC93ABCBD58CBBDBD605BBFBDEEEBC0BDF67BC2BD840CC4BD8D9CE8
:208AEC00C5BD1B2DC7BD23BDC8BD2B4DCABDBADDCBBDC26DCDBDCAFDCEBDD28DD0BDDA1DAB
:208B0C00D2BDE2ADD3BDEA3DD5BD6CCDD6BD745DD8BD7CEDD9BDFE7CDBBD060DDDBD889CCE
:208B2C00DEBD912CE0BD12BCE1BD944BE3BD9CDBE4BD1E6BE6BDA0FAE7BD228AE9BDA419B8
:208B4C00EBBD26A9ECBDA838EEBDA4C7EFBD2657F1BDA7E6F2BDA375F4BD2505F6BD219485
:208B6C00F7BD1C23F9BD9EB2FABD9A41FCBD96D0FDBD915FFFBD477700BEC43E01BE420654
:208B8C0002BE7DCD02BEFB9403BE795C04BEB32305BE31EB05BE6CB206BEA77907BE254173
:208BAC0008BE5F0809BE9ACF09BED5960ABE0F5E0BBE07250CBE42EC0CBE7DB30DBE747A45
:208BCC000EBEAF410FBEA70810BEE1CF10BED99611BED15D12BEC82413BEC0EB13BEB7B227
:208BEC0014BEAF7915BE644016BE5B0717BE53CE17BE079518BEFF5B19BEB4221ABE68E955
:208C0C001ABE1DB01BBED1761CBE863D1DBE3A041EBEEFCA1EBE60911FBE155820BE861E9F
:208C2C0021BE3BE521BEACAB22BE1D7223BE8F3824BE00FF24BE72C525BEE38B26BE545207
:208C4C0027BEC61828BEF4DE28BE65A529BE946B2ABEC2312BBEF0F72BBE1FBE2CBE4D848B
:208C6C002DBE7B4A2EBEAA102FBED8D62FBEC39C30BEF16231BEDD2832BEC8EE32BEB3B479
:208C8C0033BE9E7A34BE894035BE750636BE60CC36BE089237BEF35738BE9B1D39BE86E39B
:208CAC0039BE2EA93ABED66E3BBE7F343CBE27FA3CBE8CBF3DBE34853EBEDC4A3FBE41106E
:208CCC0040BEA6D540BE4E9B41BEB36042BE182643BE7DEB43BE9FB044BE047645BE693BFC
:208CEC0046BE8A0047BEACC547BE118B48BE335049BE55154ABE34DA4ABE569F4BBE7764D2
:208D0C004CBE56294DBE78EE4DBE57B34EBE36784FBE143D50BEF30151BED2C651BE6E8B6F
:208D2C0052BE4C5053BEE81454BEC7D954BE629E55BEFE6256BE9A2757BE35EC57BE8EB0D9
:208D4C0058BE297559BE82395ABE1EFE5ABE76C25BBECF865CBE274B5DBE800F5EBE95D3D5
:208D6C005EBEEE975FBE035C60BE5C2061BE71E461BE87A862BE9C6C63BE6E3064BE84F4ED
:208D8C0064BE99B865BE6C7C66BE3E4067BE100468BEE3C768BEB58B69BE874F6ABE1613EA
:208DAC006BBEE9D66BBE789A6CBE075E6DBE96216EBE26E56EBEB5A86FBE446C70BE902F89
:208DCC0071BEDCF271BE6BB672BEB77973BE043D74BE0D0075BE59C375BEA58676BEAE4951
:208DEC0077BEB70C78BEC0CF78BEC99279BED2557ABEDB187BBEA1DB7BBE679E7CBE706192
:208E0C007DBE35247EBEFBE67EBE7EA97FBE223680BE639780BEC6F880BE085A81BE49BB86
:208E2C0081BE8A1C82BECC7D82BEECDE82BE2D4083BE4DA183BE6D0284BE8D6384BEACC43E
:208E4C0084BECC2585BECB8685BEC9E785BEE94886BEE7A986BEE50A87BEC26B87BEC0CC8E
:208E6C0087BE9D2D88BE9B8E88BE78EF88BE555089BE31B189BEED118ABEC9728ABE84D340
:208E8C008ABE40348BBEFB948BBEB6F58BBE71568CBE0BB78CBEC6178DBE60788DBEF9D8BC
:208EAC008DBE93398EBE2C9A8EBEA4FA8EBE3E5B8FBEB6BB8FBE2E1C90BEA67C90BE1EDDA0
:208ECC0090BE753D91BEED9D91BE43FE91BE9A5E92BEF0BE92BE251F93BE7C7F93BEB1DF17
:208EEC0093BE074094BE3CA094BE710095BE856095BEBAC095BECD2096BEE08096BEF4E0BC
:208F0C0096BE074197BE1BA197BE0C0198BE206198BE12C198BE042199BEF58099BEC6E0F2
:208F2C0099BEB8409ABE88A09ABE58009BBE28609BBEF9BF9BBEA71F9CBE787F9CBE26DFE5
:208F4C009CBED53E9DBE849E9DBE11FE9DBEC05D9EBE4DBD9EBEDA1C9FBE677C9FBEF5DB14
:208F6C009FBE603BA0BEED9AA0BE59FAA0BEC559A1BE30B9A1BE7A18A2BEE677A2BE30D77E
:208F8C00A2BE7A36A3BEC495A3BE0EF5A3BE3754A4BE81B3A4BEA912A5BED271A5BED9D046
:208FAC00A5BE0130A6BE088FA6BE0FEEA6BE164DA7BE1DACA7BE240BA8BE0A6AA8BEEFC835
:208FCC00A8BED427A9BEBA86A9BE9FE5A9BE6344AABE48A3AABE0C02ABBEAF60ABBE72BFA9
:208FEC00ABBE361EACBED97CACBE7BDBACBE1D3AADBE9E98ADBE40F7ADBEC155AEBE42B442
:20900C00AEBEC212AFBE4371AFBEA2CFAFBE022EB0BE618CB0BEC0EAB0BE1F49B1BE5DA7AC
:20902C00B1BEBC05B2BEFA63B2BE37C2B2BE5320B3BE917EB3BEADDCB3BEC93AB4BEE598FE
:20904C00B4BEE0F6B4BEFC54B5BEF6B2B5BEF110B6BECA6EB6BEC4CCB6BE9D2AB7BE76880D
:20906C00B7BE4FE6B7BE2844B8BE01A2B8BEB9FFB8BE705DB9BE28BBB9BEBD18BABE7576C6
:20908C00BABE0BD4BABEA131BBBE368FBBBEABECBBBE414ABCBEB5A7BCBE2905BDBE7C62FA
:2090AC00BDBEF0BFBDBE431DBEBE967ABEBEE9D7BEBE3B35BFBE6C92BFBE9EEFBFBECF4CCE
:2090CC00C0BE00AAC0BE1007C1BE4164C1BE51C1C1BE601EC2BE4E7BC2BE5ED8C2BE4C3515
:2090EC00C3BE3A92C3BE07EFC3BEF54BC4BEC1A8C4BE8E05C5BE5A62C5BE27BFC5BED21BC7
:20910C00C6BE7D78C6BE28D5C6BED331C7BE5C8EC7BEE6EAC7BE6F47C8BEF9A3C8BE820098
:20912C00C9BEEA5CC9BE52B9C9BEBA15CABE0072CABE68CECABEAE2ACBBEF486CBBE3BE3AC
:20914C00CBBE603FCCBE849BCCBEA9F7CCBECE53CDBED1AFCDBEF60BCEBEF967CEBEDBC3B0
:20916C00CEBEDE1FCFBEC07BCFBEA1D7CFBE8333D0BE658FD0BE25EBD0BEE546D1BEA5A29B
:20918C00D1BE65FED1BE045AD2BEA2B5D2BE4111D3BEDF6CD3BE5CC8D3BED923D4BE567F96
:2091AC00D4BED3DAD4BE5036D5BEAC91D5BE07EDD5BE4148D6BE9CA3D6BED6FED6BE105AA0
:2091CC00D7BE4AB5D7BE6210D8BE7B6BD8BE93C6D8BEAB21D9BEC47CD9BEBAD7D9BEB132A2
:2091EC00DABEA88DDABE7DE8DABE5243DBBE289EDBBEFDF8DBBEB153DCBE86AEDCBE390938
:20920C00DDBECC63DDBE7FBEDDBE1119DEBEA373DEBE36CEDEBEA628DFBE1783DFBE87DDE7
:20922C00DFBEF837E0BE4792E0BE96ECE0BEE546E1BE34A1E1BE61FBE1BE8F55E2BEBCAFF9
:20924C00E2BEEA09E3BEF563E3BE01BEE3BE0D18E4BE1972E4BE03CCE4BEEE25E5BED87F03
:20926C00E5BEA1D9E5BE6A33E6BE338DE6BEFBE6E6BEA340E7BE6B9AE7BEF1F3E7BE984D58
:20928C00E8BE1EA7E8BEC500E9BE295AE9BEAFB3E9BE130DEABE7766EABEDBBFEABE3F192B
:2092AC00EBBE8272EBBEC5CBEBBEE624ECBE287EECBE49D7ECBE6A30EDBE6A89EDBE8BE205
:2092CC00EDBE8A3BEEBE6894EEBE67EDEEBE4546EFBE239FEFBE01F8EFBEBE50F0BE7AA992
:2092EC00F0BE3602F1BEF35AF1BE8DB3F1BE280CF2BEC364F2BE3CBDF2BEB515F3BE2F6E66
:20930C00F3BEA8C6F3BE001FF4BE5777F4BEAFCFF4BE0728F5BE3D80F5BE73D8F5BE8830E8
:20932C00F6BEBE88F6BED2E0F6BEE738F7BEDA90F7BECDE8F7BEC040F8BEB398F8BE84F085
:20934C00F8BE5648F9BE27A0F9BEF9F7F9BEA94FFABE59A7FABEE7FEFABE9756FBBE25AE53
:20936C00FBBEB405FCBE205DFCBE8DB4FCBEFA0BFDBE6763FDBEB2BAFDBEFD11FEBE49699B
:20938C00FEBE94C0FEBEBE17FFBEE76EFFBEEFC5FFBE7C0E00BF003A00BF846500BFF7906F
:2093AC0000BF7BBC00BFDEE700BF511301BFB43E01BF166A01BF799501BFCAC001BF1CEC32
:2093CC0001BF6E1702BFAF4202BFF06D02BF319902BF72C402BFA2EF02BFD21A03BFF145F3
:2093EC0003BF227103BF419C03BF50C703BF6FF203BF7E1D04BF8C4804BF8A7304BF999EC3
:20940C0004BF86C904BF84F404BF711F05BF5E4A05BF4B7505BF27A005BF04CB05BFE0F5F9
:20942C0005BFBC2006BF884B06BF537606BF0EA106BFC9CB06BF83F606BF3E2107BFE84B32
:20944C0007BF927607BF3CA107BFD5CB07BF6FF607BF082108BF904B08BF197608BFA1A00F
:20946C0008BF19CB08BFA1F508BF082009BF804A09BFE67409BF4D9F09BFB4C909BF0AF476
:20948C0009BF601E0ABFA6480ABFFC720ABF419D0ABF75C70ABFBBF10ABFEF1B0BBF244664
:2094AC000BBF48700BBF6B9A0BBF8FC40BBFA2EE0BBFB5180CBFC8420CBFDB6C0CBFDD961C
:2094CC000CBFCFC00CBFD1EA0CBFC2140DBFB43E0DBFA5680DBF86920DBF66BC0DBF36E6AE
:2094EC000DBF06100EBFD6390EBFA6630EBF658D0EBF24B70EBFE3E00EBF910A0FBF40342B
:20950C000FBFDD5D0FBF8B870FBF29B10FBFB6DA0FBF430410BFCF2D10BF5C5710BFD880C8
:20952C0010BF54AA10BFD0D310BF3BFD10BFA62611BF125011BF6C7911BFC6A211BF21CC62
:20954C0011BF6AF511BFB41E12BFED4712BF377112BF709A12BF98C312BFC0EC12BFE8155E
:20956C0013BF103F13BF276813BF3F9113BF56BA13BF5CE313BF630C14BF593514BF5F5E96
:20958C0014BF448714BF3AB014BF1FD914BF040215BFD82A15BFBD5315BF817C15BF55A567
:2095AC0015BF18CE15BFDCF615BF8E1F16BF414816BFF47016BFA69916BF48C216BFD9EA9C
:2095CC0016BF7B1317BF0C3C17BF8C6417BF1E8D17BF9EB517BF0DDE17BF8E0618BFEC2E72
:2095EC0018BF5C5718BFBB7F18BF1AA818BF78D018BFC6F818BF142119BF524919BF8F7120
:20960C0019BFCC9919BFF8C119BF36EA19BF51121ABF7E3A1ABF99621ABFA48A1ABFC0B286
:20962C001ABFBADA1ABFC5021BBFBF2A1BBFB9521BBFB37A1BBF9CA21BBF86CA1BBF5EF2F6
:20964C001BBF371A1CBF0F421CBFD7691CBF9F911CBF67B91CBF1EE11CBFD5081DBF8C305C
:20966C001DBF32581DBFD87F1DBF6EA71DBF03CF1DBF98F61DBF1D1E1EBFA2451EBF266DF1
:20968C001EBF9A941EBF0EBC1EBF82E31EBFE50A1FBF48321FBF9B591FBFED801FBF3FA8C4
:2096AC001FBF81CF1FBFC2F61FBF041E20BF354520BF666C20BF969320BFB6BA20BFD6E1E3
:2096CC0020BFE60821BFF52F21BF045721BF027E21BF01A521BFFFCB21BFEDF221BFDB194F
:2096EC0022BFB84022BF946722BF718E22BF3DB522BF0ADC22BFD60223BF912923BF4C505C
:20970C0023BFF77623BFA19D23BF4CC423BFE6EA23BF801124BF193824BFA25E24BF2B850D
:20972C0024BFA4AB24BF2DD224BF94F824BF0C1F25BF634525BFCA6B25BF219225BF78B83C
:20974C0025BFBEDE25BF030526BF492B26BF7E5126BFB47726BFE99D26BF0DC426BF31EA53
:20976C0026BF451027BF593627BF5B5C27BF6F8227BF61A827BF64CE27BF56F427BF481A3B
:20978C0028BF294028BF0A6628BFDB8B28BFABB128BF7BD728BF3BFD28BFFB2229BFBB483F
:2097AC0029BF696E29BF189429BFB6B929BF55DF29BFF3042ABF802A2ABF0D502ABF8A7537
:2097CC002ABF079B2ABF83C02ABFEFE52ABF5B0B2BBFC6302BBF21562BBF6C7B2BBFC7A057
:2097EC002BBF00C62BBF4AEB2BBF84102CBFBD352CBFE65A2CBF0F802CBF37A52CBF4FCAC3
:20980C002CBF56EF2CBF6E142DBF75392DBF6C5E2DBF62832DBF58A82DBF3ECD2DBF24F299
:20982C002DBF09172EBFDE3B2EBFB3602EBF77852EBF3BAA2EBFFFCE2EBFB2F32EBF5518A9
:20984C002FBF083D2FBFAA612FBF3C862FBFCEAA2FBF5FCF2FBFE0F32FBF611830BFE23C69
:20986C0030BF526130BFC28530BF22AA30BF81CE30BFD0F230BF1E1731BF6D3B31BFAB5FA4
:20988C0031BFE88331BF15A831BF42CC31BF6FF031BF8C1432BFA83832BFC45C32BFD080B4
:2098AC0032BFCAA432BFC5C832BFC0EC32BFAA1033BF943433BF7D5833BF577C33BF30A06F
:2098CC0033BFF8C333BFC0E733BF780B34BF302F34BFE75234BF8E7634BF359A34BFCBBD0F
:2098EC0034BF61E134BFF70435BF7C2835BF014C35BF766F35BFEA9235BF4EB635BFB2D9A0
:20990C0035BF15FD35BF682036BFBB4336BFFD6636BF408A36BF82AD36BFB3D036BFE4F347
:20992C0036BF051737BF263A37BF355D37BF458037BF55A337BF54C637BF53E937BF410CFE
:20994C0038BF302F38BF1E5238BFFB7438BFC89738BF95BA38BF61DD38BF2E0039BFD922EF
:20996C0039BF954539BF406839BFEC8A39BF86AD39BF20D039BFAAF239BF33153ABFBD3727
:20998C003ABF365A3ABF9E7C3ABF179F3ABF6EC13ABFD6E33ABF2D063BBF74283BBFBA4AD6
:2099AC003BBF016D3BBF368F3BBF6CB13BBF91D33BBFB6F53BBFDB173CBFEF393CBF035CF1
:2099CC003CBF077E3CBF0AA03CBFFDC13CBFEFE33CBFD1053DBFB3273DBF95493DBF666B82
:2099EC003DBF378D3DBFF7AE3DBFB7D03DBF67F23DBF16143EBFC6353EBF64573EBF0379D3
:209A0C003EBF919A3EBF1FBC3EBF9CDD3EBF19FF3EBF96203FBF03423FBF5E633FBFBA84BE
:209A2C003FBF16A63FBF60C73FBFABE83FBFF60940BF302B40BF594C40BF836D40BFAC8E87
:209A4C0040BFC4AF40BFDDD040BFE5F140BFEC1241BFE33341BFDA5441BFD17541BFB79633
:209A6C0041BF9EB741BF73D841BF48F941BF0D1A42BFD23A42BF855B42BF397C42BFED9CA4
:209A8C0042BF90BD42BF22DE42BFC5FE42BF471F43BFD93F43BF4A6043BFCB8043BF3CA14E
:209AAC0043BF9CC143BFFCE143BF5C0244BFAB2244BFFA4244BF396344BF778344BFA5A306
:209ACC0044BFD2C344BFEFE344BF0C0445BF292445BF354445BF416445BF3C8445BF27A4F0
:209AEC0045BF22C445BFFCE345BFE60346BFC02346BF894346BF526346BF1B8346BFD3A210
:209B0C0046BF7AC246BF22E246BFC90147BF602147BFF64047BF8D6047BF028047BF889FB5
:209B2C0047BFFDBE47BF61DE47BFC6FD47BF2A1D48BF7D3C48BFD15B48BF147B48BF569A7D
:209B4C0048BF88B948BFBAD848BFDBF748BFFD1649BF0D3649BF1D5549BF2E7449BF2D93EE
:209B6C0049BF1CB249BF0BD149BFFAEF49BFD80E4ABFB62D4ABF834C4ABF516B4ABF0D8A17
:209B8C004ABFCAA84ABF86C74ABF32E64ABFCD044BBF68234BBFF2414BBF8D604BBF067F95
:209BAC004BBF809D4BBFF9BB4BBF62DA4BBFCBF84BBF22174CBF7A354CBFC1534CBF087200
:209BCC004CBF3F904CBF75AE4CBFABCC4CBFD1EA4CBFE6084DBFFA264DBF0F454DBF136322
:209BEC004DBF06814DBF0A9F4DBFEDBC4DBFCFDA4DBFB1F84DBF83164EBF55344EBF155243
:209C0C004EBFD66F4EBF978D4EBF36AB4EBFE7C84EBF86E64EBF14044FBFA3214FBF313F1D
:209C2C004FBFAF5C4FBF1C7A4FBF89974FBFF6B44FBF52D24FBFAEEF4FBFFA0C50BF352A16
:209C4C0050BF804750BFAA6450BFE48150BFFE9E50BF27BC50BF30D950BF49F650BF51131B
:209C6C0051BF493051BF404D51BF276A51BF0E8751BFF4A351BFCAC051BF90DD51BF55FA4F
:209C8C0051BF091752BFCE3352BF725052BF166D52BFB98952BF4CA652BFCEC252BF61DFC7
:209CAC0052BFD2FB52BF441853BFB53453BF165153BF766D53BFC68953BF16A653BF55C28C
:209CCC0053BF94DE53BFC2FA53BFF01654BF0D3354BF2B4F54BF386B54BF448754BF40A3A4
:209CEC0054BF3CBF54BF38DB54BF12F754BFFD1255BFD82E55BFA14A55BF6B6655BF34821E
:209D0C0055BFDC9D55BF95B955BF3DD555BFD4F055BF6B0C56BF022856BF894356BFFF5E2D
:209D2C0056BF747A56BFEA9556BF4FB156BFA3CC56BFF7E756BF4B0357BF8E1E57BFC139BF
:209D4C0057BFF35457BF267057BF488B57BF6AA657BF7BC157BF7BDC57BF7BF757BF7B12F5
:209D6C0058BF6B2D58BF5A4858BF396358BF077E58BFD49858BFA2B358BF5FCE58BF1DE9D0
:209D8C0058BFC90359BF641E59BF003959BF9C5359BF266E59BFB18859BF2BA359BF94BD96
:209DAC0059BF0ED859BF67F259BFBF0C5ABF18275ABF5F415ABFA75B5ABFDE755ABF049000
:209DCC005ABF2AAA5ABF50C45ABF65DE5ABF7BF85ABF7F125BBF732C5BBF67465BBF5B6076
:209DEC005BBF3E7A5BBF21945BBFF3AD5BBFB4C75BBF76E15BBF37FB5BBFE8145CBF882EC3
:209E0C005CBF28485CBFC8615CBF577B5CBFD5945CBF53AE5CBFD2C75CBF3FE15CBF9CFA3A
:209E2C005CBFF9135DBF562D5DBFA2465DBFDD5F5DBF18795DBF53925DBF7EAB5DBF97C48A
:209E4C005DBFB1DD5DBFBAF65DBFC30F5EBFBB285EBFB3415EBFAB5A5EBF93735EBF698C2A
:209E6C005EBF40A55EBF06BE5EBFCBD65EBF80EF5EBF35085FBFDA205FBF7E395FBF1152E1
:209E8C005FBFA56A5FBF27835FBFAA9B5FBF1CB45FBF8ECC5FBFEFE45FBF3FFD5FBF9015EA
:209EAC0060BFE02D60BF204660BF5F5E60BF8E7660BFAC8E60BFCAA660BFE8BE60BFF5D64F
:209ECC0060BFF2EE60BFEE0661BFEB1E61BFD63661BFB14E61BF8C6661BF567E61BF209614
:209EEC0061BFDAAD61BF93C561BF4CDD61BFE4F461BF8D0C62BF142462BFAC3B62BF225346
:209F0C0062BF986A62BF0E8262BF749962BFD9B062BF2EC862BF83DF62BFC7F662BFFA0DE9
:209F2C0063BF2D2563BF603C63BF825363BF946A63BFA68163BFA69863BFA7AF63BFA8C61B
:209F4C0063BF87DD63BF77F463BF560B64BF252264BFE33864BFB14F64BF5E6664BF1C7DF1
:209F6C0064BFB89364BF54AA64BFF0C064BF7BD764BFF6ED64BF710465BFEB1A65BF55318D
:209F8C0065BFAE4765BF075E65BF607465BF988A65BFE0A065BF17B765BF3ECD65BF65E3A4
:209FAC0065BF7BF965BF800F66BF962566BF8A3B66BF7E5166BF736766BF567D66BF2993B4
:209FCC0066BFFCA866BFCFBE66BF91D466BF42EA66BFF3FF66BF941567BF342B67BFC4408B
:209FEC0067BF545667BFD36B67BF528167BFC09667BF2EAC67BF8BC167BFD8D667BF25EC2F
:20A00C0067BF710168BFAD1668BFD82B68BF034168BF1D5668BF386B68BF418068BF4A95CB
:20A02C0068BF43AA68BF3CBF68BF24D468BF0CE968BFE3FD68BFA91269BF702769BF363C61
:20A04C0069BFEC5069BF906569BF357A69BFC98E69BF5DA369BFE1B769BF64CC69BFD6E0FF
:20A06C0069BF49F569BFAB096ABFFC1D6ABF4D326ABF9D466ABFDE5A6ABF0D6F6ABF3C83AE
:20A08C006ABF5B976ABF7AAB6ABF87BF6ABF95D36ABF92E76ABF8FFB6ABF7C0F6BBF57239E
:20A0AC006BBF33376BBF0E4B6BBFD95E6BBF93726BBF4D866BBFF6996BBF9FAD6BBF37C19F
:20A0CC006BBFD0D46BBF57E86BBFDFFB6BBF560F6CBFBC226CBF22366CBF88496CBFCD5CCE
:20A0EC006CBF22706CBF66836CBF9A966CBFBDA96CBFF1BC6CBF03D06CBF15E36CBF27F656
:20A10C006CBF29096DBF191C6DBF0A2F6DBFEA416DBFCA546DBFA9676DBF687A6DBF268D46
:20A12C006DBFE49F6DBF92B26DBF3FC56DBFDCD76DBF68EA6DBFF4FC6DBF6F0F6EBFEA2169
:20A14C006EBF55346EBFBF466EBF19596EBF726B6EBFBB7D6EBFF38F6EBF2BA26EBF63B410
:20A16C006EBF7AC66EBFA1D86EBFB8EA6EBFBDFC6EBFB20E6FBFB8206FBF9C326FBF80442A
:20A18C006FBF65566FBF38686FBFFB796FBFBD8B6FBF6F9D6FBF21AF6FBFC2C06FBF52D2AA
:20A1AC006FBFF3E36FBF73F56FBFF20670BF611870BFD02970BF3F3B70BF8C4C70BFD95DEE
:20A1CC0070BF266F70BF638070BF9F9170BFCBA270BFE5B370BF00C570BF0AD670BF14E7AE
:20A1EC0070BF0EF870BF070971BFF01971BFD82A71BFB03B71BF774C71BF3E5D71BFF46D0A
:20A20C0071BFAA7E71BF508F71BFF59F71BF8AB071BF1EC171BFA2D171BF15E271BF88F21A
:20A22C0071BFFB0272BF4D1372BFAF2372BFF03372BF314472BF715472BFA16472BFC174C5
:20A24C0072BFE08472BFFF9472BFFDA472BF0BB572BFF8C472BFE5D472BFD2E472BFAEF445
:20A26C0072BF790473BF441473BFFF2373BFB93373BF634373BF0D5373BFA66273BF3F72A1
:20A28C0073BFC78173BF3F9173BFB6A073BF1DB073BF83BF73BFD9CE73BF2FDE73BF74ED90
:20A2AC0073BFA8FC73BFDD0B74BF001B74BF242A74BF373974BF494874BF4B5774BF4D66B1
:20A2CC0074BF3E7574BF1F8474BFFF9274BFCFA174BF9FB074BF5DBF74BF1CCE74BFCADC88
:20A2EC0074BF68EB74BF05FA74BFA20875BF2F1775BFAB2575BF163475BF914275BFEC504A
:20A30C0075BF465F75BF8F6D75BFD97B75BF228A75BF4A9875BF83A675BF9AB475BFB1C224
:20A32C0075BFC8D075BFCEDE75BFC4EC75BFB9FA75BF9E0876BF721676BF572476BF1A32D2
:20A34C0076BFDD3F76BF904D76BF425B76BFE46876BF867676BF168476BFA79176BF279FD3
:20A36C0076BF97AC76BF06BA76BF65C776BFC3D476BF11E276BF5FEF76BF9CFC76BFC809B9
:20A38C0077BFF41677BF102477BF2B3177BF363E77BF404B77BF3A5877BF236577BF0D72CF
:20A3AC0077BFF67E77BFBD8B77BF969877BF4CA577BF03B277BFBABE77BF60CB77BFF5D7E2
:20A3CC0077BF8AE477BF0FF177BF93FD77BF070A78BF6A1678BFCD2278BF302F78BF713B34
:20A3EC0078BFC34778BFF45378BF246078BF556C78BF757878BF848478BF939078BF919CBE
:20A40C0078BF8FA878BF7CB478BF59C078BF36CC78BF12D878BFCEE378BF9AEF78BF44FB93
:20A42C0078BFEE0679BF991279BF321E79BFBB2979BF443579BFBC4079BF344C79BF9B5797
:20A44C0079BFF16279BF486E79BF9E7979BFE48479BF199079BF3D9B79BF61A679BF85B1EA
:20A46C0079BF99BC79BF9BC779BF9ED279BF90DD79BF81E879BF62F379BF33FE79BF030981
:20A48C007ABFC2137ABF821E7ABF30297ABFDF337ABF7D3E7ABF0A497ABF97537ABF245E8E
:20A4AC007ABF90687ABFFC727ABF677D7ABFC2877ABF0C927ABF569C7ABF8FA67ABFC9B0F7
:20A4CC007ABFF1BA7ABF19C57ABF31CF7ABF38D97ABF3FE37ABF35ED7ABF2BF77ABF110196
:20A4EC007BBFE50A7BBFBA147BBF8E1E7BBF41287BBF05327BBFA73B7BBF4A457BBFEC4ECC
:20A50C007BBF7D587BBFFE617BBF7F6B7BBFEF747BBF4E7E7BBFAD877BBF0C917BBF5B9A4C
:20A52C007BBF98A37BBFC5AC7BBF03B67BBF1FBF7BBF3BC87BBF46D17BBF51DA7BBF4CE388
:20A54C007BBF46EC7BBF30F57BBF19FE7BBFE2067CBFBB0F7CBF83187CBF3A217CBFE129FB
:20A56C007CBF87327CBF2E3B7CBFB3437CBF494C7CBFBD547CBF425D7CBFA5657CBF096E19
:20A58C007CBF5C767CBFAE7E7CBFF0867CBF328F7CBF63977CBF849F7CBFA4A77CBFC4AFC7
:20A5AC007CBFC3B77CBFC2BF7CBFC1C77CBFAFCF7CBF8CD77CBF6ADF7CBF36E77CBF03EFFB
:20A5CC007CBFBEF67CBF7AFE7CBF14067DBFBF0D7DBF59157DBFE31C7DBF5B247DBFD42B95
:20A5EC007DBF4C337DBFB43A7DBF0B427DBF52497DBFA9507DBFDE577DBF145F7DBF3866DB
:20A60C007DBF5D6D7DBF71747DBF857B7DBF88827DBF7A897DBF6D907DBF4E977DBF309EE2
:20A62C007DBF01A57DBFD2AB7DBF92B27DBF41B97DBFF0BF7DBF8FC67DBF1CCD7DBFAAD363
:20A64C007DBF38DA7DBFB5E07DBF21E77DBF8DED7DBFE9F37DBF33FA7DBF7E007EBFC8068F
:20A66C007EBFF20C7EBF2B137EBF44197EBF5C1F7EBF74257EBF6B2B7EBF72317EBF583771
:20A68C007EBF3E3D7EBF24437EBFF9487EBFBE4E7EBF82547EBF365A7EBFE95F7EBF8C65F8
:20A6AC007EBF1E6B7EBFB0707EBF32767EBFB37B7EBF24817EBF83867EBFE38B7EBF439137
:20A6CC007EBF81967EBFD09B7EBFFDA07EBF2BA67EBF58AB7EBF64B07EBF80B57EBF7CBA14
:20A6EC007EBF77BF7EBF72C47EBF5CC97EBF36CE7EBF0FD37EBFD8D77EBF90DC7EBF48E1AB
:20A70C007EBF00E67EBF96EA7EBF3DEF7EBFC3F37EBF48F87EBFCEFC7EBF43017FBFA70502
:20A72C007FBF0B0A7FBF5E0E7FBFA1127FBFE3167FBF151B7FBF471F7FBF68237FBF89271F
:20A74C007FBF992B7FBF982F7FBF98337FBF86377FBF753B7FBF533F7FBF31437FBFED4601
:20A76C007FBFBA4A7FBF664E7FBF22527FBFBD557FBF58597FBFE25C7FBF6B607FBFE5639D
:20A78C007FBF5E677FBFC66A7FBF2F6E7FBF76717FBFCD747FBF03787FBF397B7FBF6F7EE7
:20A7AC007FBF95817FBFA9847FBFBE877FBFC28A7FBFC58D7FBFB8907FBF9A937FBF7D96EF
:20A7CC007FBF4E997FBF209C7FBFE09E7FBF90A17FBF40A47FBFDFA67FBF7EA97FBF0CACE3
:20A7EC007FBF9BAE7FBF07B17FBF85B37FBFF2B57FBF4EB87FBF99BA7FBFE4BC7FBF2FBF96
:20A80C007FBF6AC17FBF93C37FBFACC57FBFC5C77FBFDEC97FBFE6CB7FBFDDCD7FBFD5CF18
:20A82C007FBFBBD17FBF91D37FBF67D57FBF3DD77FBFF1D87FBFB6DA7FBF59DC7FBFFDDD74
:20A84C007FBFA0DF7FBF22E17FBFB5E27FBF26E47FBF97E57FBF08E77FBF68E87FBFB8E97D
:20A86C007FBF07EB7FBF46EC7FBF74ED7FBFA2EE7FBFD0EF7FBFDCF07FBFFAF17FBFF5F26A
:20A88C007FBFF1F37FBFEDF47FBFC7F57FBFB2F67FBF7BF77FBF44F87FBF0EF97FBFC6F91F
:20A8AC007FBF6EFA7FBF16FB7FBFADFB7FBF33FC7FBFB9FC7FBF3FFD7FBFA4FD7FBF19FEA3
:20A8CC007FBF6DFE7FBFC1FE7FBF15FF7FBF47FF7FBF8BFF7FBFACFF7FBFCEFF7FBFEFFF08
:20A8EC007FBF000080BF000080BF000080BFEFFF7FBFCEFF7FBFACFF7FBF8BFF7FBF47FF23
:20A90C007FBF15FF7FBFC1FE7FBF6DFE7FBF19FE7FBFA4FD7FBF3FFD7FBFB9FC7FBF33FC25
:20A92C007FBFADFB7FBF16FB7FBF6EFA7FBFC6F97FBF0EF97FBF44F87FBF7BF77FBFB2F6DE
:20A94C007FBFC7F57FBFEDF47FBFF1F37FBFF5F27FBFFAF17FBFDCF07FBFD0EF7FBFA2EE8D
:20A96C007FBF74ED7FBF46EC7FBF07EB7FBFB8E97FBF68E87FBF08E77FBF97E57FBF26E4F0
:20A98C007FBFB5E27FBF22E17FBFA0DF7FBFFDDD7FBF59DC7FBFB6DA7FBFF1D87FBF3DD726
:20A9AC007FBF67D57FBF91D37FBFBBD17FBFD5CF7FBFDDCD7FBFE6CB7FBFDEC97FBFC5C73D
:20A9CC007FBFACC57FBF93C37FBF6AC17FBF2FBF7FBFE4BC7FBF99BA7FBF4EB87FBFF2B5FB
:20A9EC007FBF85B37FBF07B17FBF9BAE7FBF0CAC7FBF7EA97FBFDFA67FBF40A47FBF90A1A9
:20AA0C007FBFE09E7FBF209C7FBF4E997FBF7D967FBF9A937FBFB8907FBFC58D7FBFC28AF3
:20AA2C007FBFBE877FBFA9847FBF95817FBF6F7E7FBF397B7FBF03787FBFCD747FBF76714E
:20AA4C007FBF2F6E7FBFC66A7FBF5E677FBFE5637FBF6B607FBFE25C7FBF58597FBFBD5554
:20AA6C007FBF22527FBF664E7FBFBA4A7FBFED467FBF31437FBF533F7FBF753B7FBF863708
:20AA8C007FBF98337FBF982F7FBF992B7FBF89277FBF68237FBF471F7FBF151B7FBFE3169A
:20AAAC007FBFA1127FBF5E0E7FBF0B0A7FBFA7057FBF43017FBFCEFC7EBF48F87EBFC3F3B8
:20AACC007EBF3DEF7EBF96EA7EBF00E67EBF48E17EBF90DC7EBFD8D77EBF0FD37EBF36CEC6
:20AAEC007EBF5CC97EBF72C47EBF77BF7EBF7CBA7EBF80B57EBF64B07EBF58AB7EBF2BA67E
:20AB0C007EBFFDA07EBFD09B7EBF81967EBF43917EBFE38B7EBF83867EBF24817EBFB37B04
:20AB2C007EBF32767EBFB0707EBF1E6B7EBF8C657EBFE95F7EBF365A7EBF82547EBFBE4E25
:20AB4C007EBFF9487EBF24437EBF3E3D7EBF58377EBF72317EBF6B2B7EBF74257EBF5C1F02
:20AB6C007EBF44197EBF2B137EBFF20C7EBFC8067EBF7E007EBF33FA7DBFE9F37DBF8DED7B
:20AB8C007DBF21E77DBFB5E07DBF38DA7DBFAAD37DBF1CCD7DBF8FC67DBFF0BF7DBF41B9B6
:20ABAC007DBF92B27DBFD2AB7DBF01A57DBF309E7DBF4E977DBF6D907DBF7A897DBF888285
:20ABCC007DBF857B7DBF71747DBF5D6D7DBF38667DBF145F7DBFDE577DBFA9507DBF524900
:20ABEC007DBF0B427DBFB43A7DBF4C337DBFD42B7DBF5B247DBFE31C7DBF59157DBFBF0DF8
:20AC0C007DBF14067DBF7AFE7CBFBEF67CBF03EF7CBF36E77CBF6ADF7CBF8CD77CBFAFCFCF
:20AC2C007CBFC1C77CBFC2BF7CBFC3B77CBFC4AF7CBFA4A77CBF849F7CBF63977CBF328F11
:20AC4C007CBFF0867CBFAE7E7CBF5C767CBF096E7CBFA5657CBF425D7CBFBD547CBF494CD6
:20AC6C007CBFB3437CBF2E3B7CBF87327CBFE1297CBF3A217CBF83187CBFBB0F7CBFE20626
:20AC8C007CBF19FE7BBF30F57BBF46EC7BBF4CE37BBF51DA7BBF46D17BBF3BC87BBF1FBF17
:20ACAC007BBF03B67BBFC5AC7BBF98A37BBF5B9A7BBF0C917BBFAD877BBF4E7E7BBFEF745E
:20ACCC007BBF7F6B7BBFFE617BBF7D587BBFEC4E7BBF4A457BBFA73B7BBF05327BBF41282F
:20ACEC007BBF8E1E7BBFBA147BBFE50A7BBF11017BBF2BF77ABF35ED7ABF3FE37ABF38D989
:20AD0C007ABF31CF7ABF19C57ABFF1BA7ABFC9B07ABF8FA67ABF569C7ABF0C927ABFC2874F
:20AD2C007ABF677D7ABFFC727ABF90687ABF245E7ABF97537ABF0A497ABF7D3E7ABFDF3369
:20AD4C007ABF30297ABF821E7ABFC2137ABF03097ABF33FE79BF62F379BF81E879BF90DDEC
:20AD6C0079BF9ED279BF9BC779BF99BC79BF85B179BF61A679BF3D9B79BF199079BFE484BA
:20AD8C0079BF9E7979BF486E79BFF16279BF9B5779BF344C79BFBC4079BF443579BFBB29FC
:20ADAC0079BF321E79BF991279BFEE0679BF44FB78BF9AEF78BFCEE378BF12D878BF36CC77
:20ADCC0078BF59C078BF7CB478BF8FA878BF919C78BF939078BF848478BF757878BF556C29
:20ADEC0078BF246078BFF45378BFC34778BF713B78BF302F78BFCD2278BF6A1678BF070A2F
:20AE0C0078BF93FD77BF0FF177BF8AE477BFF5D777BF60CB77BFBABE77BF03B277BF4CA562
:20AE2C0077BF969877BFBD8B77BFF67E77BF0D7277BF236577BF3A5877BF404B77BF363ED4
:20AE4C0077BF2B3177BF102477BFF41677BFC80977BF9CFC76BF5FEF76BF11E276BFC3D45E
:20AE6C0076BF65C776BF06BA76BF97AC76BF279F76BFA79176BF168476BF867676BFE4680F
:20AE8C0076BF425B76BF904D76BFDD3F76BF1A3276BF572476BF721676BF9E0876BFB9FAC0
:20AEAC0075BFC4EC75BFCEDE75BFC8D075BFB1C275BF9AB475BF83A675BF4A9875BF228A7A
:20AECC0075BFD97B75BF8F6D75BF465F75BFEC5075BF914275BF163475BFAB2575BF2F1762
:20AEEC0075BFA20875BF05FA74BF68EB74BFCADC74BF1CCE74BF5DBF74BF9FB074BFCFA145
:20AF0C0074BFFF9274BF1F8474BF3E7574BF4D6674BF4B5774BF494874BF373974BF242A02
:20AF2C0074BF001B74BFDD0B74BFA8FC73BF74ED73BF2FDE73BFD9CE73BF83BF73BF1DB0A7
:20AF4C0073BFB6A073BF3F9173BFC78173BF3F7273BFA66273BF0D5373BF634373BFB9333C
:20AF6C0073BFFF2373BF441473BF790473BFAEF472BFD2E472BFE5D472BFF8C472BF0BB5B5
:20AF8C0072BFFDA472BFFF9472BFE08472BFC17472BFA16472BF715472BF314472BFF033EE
:20AFAC0072BFAF2372BF4D1372BFFB0272BF88F271BF15E271BFA2D171BF1EC171BF8AB0D5
:20AFCC0071BFF59F71BF508F71BFAA7E71BFF46D71BF3E5D71BF774C71BFB03B71BFD82A9E
:20AFEC0071BFF01971BF070971BF0EF870BF14E770BF0AD670BF00C570BFE5B370BFCBA206
:20B00C0070BF9F9170BF638070BF266F70BFD95D70BF8C4C70BF3F3B70BFD02970BF61180A
:20B02C0070BFF20670BF73F56FBFF3E36FBF52D26FBFC2C06FBF21AF6FBF6F9D6FBFBD8B92
:20B04C006FBFFB796FBF38686FBF65566FBF80446FBF9C326FBFB8206FBFB20E6FBFBDFCC2
:20B06C006EBFB8EA6EBFA1D86EBF7AC66EBF63B46EBF2BA26EBFF38F6EBFBB7D6EBF726B86
:20B08C006EBF19596EBFBF466EBF55346EBFEA216EBF6F0F6EBFF4FC6DBF68EA6DBFDCD7C0
:20B0AC006DBF3FC56DBF92B26DBFE49F6DBF268D6DBF687A6DBFA9676DBFCA546DBFEA416B
:20B0CC006DBF0A2F6DBF191C6DBF29096DBF27F66CBF15E36CBF03D06CBFF1BC6CBFBDA96D
:20B0EC006CBF9A966CBF66836CBF22706CBFCD5C6CBF88496CBF22366CBFBC226CBF560FAC
:20B10C006CBFDFFB6BBF57E86BBFD0D46BBF37C16BBF9FAD6BBFF6996BBF4D866BBF93726A
:20B12C006BBFD95E6BBF0E4B6BBF33376BBF57236BBF7C0F6BBF8FFB6ABF92E76ABF95D34B
:20B14C006ABF87BF6ABF7AAB6ABF5B976ABF3C836ABF0D6F6ABFDE5A6ABF9D466ABF4D3269
:20B16C006ABFFC1D6ABFAB096ABF49F569BFD6E069BF64CC69BFE1B769BF5DA369BFC98EA0
:20B18C0069BF357A69BF906569BFEC5069BF363C69BF702769BFA91269BFE3FD68BF0CE9EB
:20B1AC0068BF24D468BF3CBF68BF43AA68BF4A9568BF418068BF386B68BF1D5668BF034171
:20B1CC0068BFD82B68BFAD1668BF710168BF25EC67BFD8D667BF8BC167BF2EAC67BFC096BC
:20B1EC0067BF528167BFD36B67BF545667BFC44067BF342B67BF941567BFF3FF66BF42EA2F
:20B20C0066BF91D466BFCFBE66BFFCA866BF299366BF567D66BF736766BF7E5166BF8A3B67
:20B22C0066BF962566BF800F66BF7BF965BF65E365BF3ECD65BF17B765BFE0A065BF988A5E
:20B24C0065BF607465BF075E65BFAE4765BF553165BFEB1A65BF710465BFF6ED64BF7BD760
:20B26C0064BFF0C064BF54AA64BFB89364BF1C7D64BF5E6664BFB14F64BFE33864BF2522F2
:20B28C0064BF560B64BF77F463BF87DD63BFA8C663BFA7AF63BFA69863BFA68163BF946A39
:20B2AC0063BF825363BF603C63BF2D2563BFFA0D63BFC7F662BF83DF62BF2EC862BFD9B00D
:20B2CC0062BF749962BF0E8262BF986A62BF225362BFAC3B62BF142462BF8D0C62BFE4F4B6
:20B2EC0061BF4CDD61BF93C561BFDAAD61BF209661BF567E61BF8C6661BFB14E61BFD636B3
:20B30C0061BFEB1E61BFEE0661BFF2EE60BFF5D660BFE8BE60BFCAA660BFAC8E60BF8E762A
:20B32C0060BF5F5E60BF204660BFE02D60BF901560BF3FFD5FBFEFE45FBF8ECC5FBF1CB4FE
:20B34C005FBFAA9B5FBF27835FBFA56A5FBF11525FBF7E395FBFDA205FBF35085FBF80EF33
:20B36C005EBFCBD65EBF06BE5EBF40A55EBF698C5EBF93735EBFAB5A5EBFB3415EBFBB28B8
:20B38C005EBFC30F5EBFBAF65DBFB1DD5DBF97C45DBF7EAB5DBF53925DBF18795DBFDD5F79
:20B3AC005DBFA2465DBF562D5DBFF9135DBF9CFA5CBF3FE15CBFD2C75CBF53AE5CBFD59475
:20B3CC005CBF577B5CBFC8615CBF28485CBF882E5CBFE8145CBF37FB5BBF76E15BBFB4C76A
:20B3EC005BBFF3AD5BBF21945BBF3E7A5BBF5B605BBF67465BBF732C5BBF7F125BBF7BF859
:20B40C005ABF65DE5ABF50C45ABF2AAA5ABF04905ABFDE755ABFA75B5ABF5F415ABF182765
:20B42C005ABFBF0C5ABF67F259BF0ED859BF94BD59BF2BA359BFB18859BF266E59BF9C5359
:20B44C0059BF003959BF641E59BFC90359BF1DE958BF5FCE58BFA2B358BFD49858BF077E24
:20B46C0058BF396358BF5A4858BF6B2D58BF7B1258BF7BF757BF7BDC57BF7BC157BF6AA693
:20B48C0057BF488B57BF267057BFF35457BFC13957BF8E1E57BF4B0357BFF7E756BFA3CC00
:20B4AC0056BF4FB156BFEA9556BF747A56BFFF5E56BF894356BF022856BF6B0C56BFD4F0DD
:20B4CC0055BF3DD555BF95B955BFDC9D55BF348255BF6B6655BFA14A55BFD82E55BFFD1260
:20B4EC0055BF12F754BF38DB54BF3CBF54BF40A354BF448754BF386B54BF2B4F54BF0D3385
:20B50C0054BFF01654BFC2FA53BF94DE53BF55C253BF16A653BFC68953BF766D53BF1651ED
:20B52C0053BFB53453BF441853BFD2FB52BF61DF52BFCEC252BF4CA652BFB98952BF166DDB
:20B54C0052BF725052BFCE3352BF091752BF55FA51BF90DD51BFCAC051BFF4A351BF0E8706
:20B56C0051BF276A51BF404D51BF493051BF511351BF49F650BF30D950BF27BC50BFFE9E80
:20B58C0050BFE48150BFAA6450BF804750BF352A50BFFA0C50BFAEEF4FBF52D24FBFF6B41F
:20B5AC004FBF89974FBF1C7A4FBFAF5C4FBF313F4FBFA3214FBF14044FBF86E64EBFE7C8E8
:20B5CC004EBF36AB4EBF978D4EBFD66F4EBF15524EBF55344EBF83164EBFB1F84DBFCFDAD3
:20B5EC004DBFEDBC4DBF0A9F4DBF06814DBF13634DBF0F454DBFFA264DBFE6084DBFD1EA73
:20B60C004CBFABCC4CBF75AE4CBF3F904CBF08724CBFC1534CBF7A354CBF22174CBFCBF824
:20B62C004BBF62DA4BBFF9BB4BBF809D4BBF067F4BBF8D604BBFF2414BBF68234BBFCD04A0
:20B64C004BBF32E64ABF86C74ABFCAA84ABF0D8A4ABF516B4ABF834C4ABFB62D4ABFD80ED3
:20B66C004ABFFAEF49BF0BD149BF1CB249BF2D9349BF2E7449BF1D5549BF0D3649BFFD16C0
:20B68C0049BFDBF748BFBAD848BF88B948BF569A48BF147B48BFD15B48BF7D3C48BF2A1D15
:20B6AC0048BFC6FD47BF61DE47BFFDBE47BF889F47BF028047BF8D6047BFF64047BF602143
:20B6CC0047BFC90147BF22E246BF7AC246BFD3A246BF1B8346BF526346BF894346BFC023B3
:20B6EC0046BFE60346BFFCE345BF22C445BF27A445BF3C8445BF416445BF354445BF292478
:20B70C0045BF0C0445BFEFE344BFD2C344BFA5A344BF778344BF396344BFFA4244BFAB22A5
:20B72C0044BF5C0244BFFCE143BF9CC143BF3CA143BFCB8043BF4A6043BFD93F43BF471F03
:20B74C0043BFC5FE42BF22DE42BF90BD42BFED9C42BF397C42BF855B42BFD23A42BF0D1A73
:20B76C0042BF48F941BF73D841BF9EB741BFB79641BFD17541BFDA5441BFE33341BFEC1206
:20B78C0041BFE5F140BFDDD040BFC4AF40BFAC8E40BF836D40BF594C40BF302B40BFF60985
:20B7AC0040BFABE83FBF60C73FBF16A63FBFBA843FBF5E633FBF03423FBF96203FBF19FF04
:20B7CC003EBF9CDD3EBF1FBC3EBF919A3EBF03793EBF64573EBFC6353EBF16143EBF67F241
:20B7EC003DBFB7D03DBFF7AE3DBF378D3DBF666B3DBF95493DBFB3273DBFD1053DBFEFE33C
:20B80C003CBFFDC13CBF0AA03CBF077E3CBF035C3CBFEF393CBFDB173CBFB6F53BBF91D3D0
:20B82C003BBF6CB13BBF368F3BBF016D3BBFBA4A3BBF74283BBF2D063BBFD6E33ABF6EC122
:20B84C003ABF179F3ABF9E7C3ABF365A3ABFBD373ABF33153ABFAAF239BF20D039BF86ADBB
:20B86C0039BFEC8A39BF406839BF954539BFD92239BF2E0039BF61DD38BF95BA38BFC897F1
:20B88C0038BFFB7438BF1E5238BF302F38BF410C38BF53E937BF54C637BF55A337BF458049
:20B8AC0037BF355D37BF263A37BF051737BFE4F336BFB3D036BF82AD36BF408A36BFFD660C
:20B8CC0036BFBB4336BF682036BF15FD35BFB2D935BF4EB635BFEA9235BF766F35BF014CE4
:20B8EC0035BF7C2835BFF70435BF61E134BFCBBD34BF359A34BF8E7634BFE75234BF302FCD
:20B90C0034BF780B34BFC0E733BFF8C333BF30A033BF577C33BF7D5833BF943433BFAA10AA
:20B92C0033BFC0EC32BFC5C832BFCAA432BFD08032BFC45C32BFA83832BF8C1432BF6FF07C
:20B94C0031BF42CC31BF15A831BFE88331BFAB5F31BF6D3B31BF1E1731BFD0F230BF81CE2E
:20B96C0030BF22AA30BFC28530BF526130BFE23C30BF611830BFE0F32FBF5FCF2FBFCEAA6F
:20B98C002FBF3C862FBFAA612FBF083D2FBF55182FBFB2F32EBFFFCE2EBF3BAA2EBF77855C
:20B9AC002EBFB3602EBFDE3B2EBF09172EBF24F22DBF3ECD2DBF58A82DBF62832DBF6C5EFB
:20B9CC002DBF75392DBF6E142DBF56EF2CBF4FCA2CBF37A52CBF0F802CBFE65A2CBFBD35D5
:20B9EC002CBF84102CBF4AEB2BBF00C62BBFC7A02BBF6C7B2BBF21562BBFC6302BBF5B0B39
:20BA0C002BBFEFE52ABF83C02ABF079B2ABF8A752ABF0D502ABF802A2ABFF3042ABF55DFE7
:20BA2C0029BFB6B929BF189429BF696E29BFBB4829BFFB2229BF3BFD28BF7BD728BFABB1C4
:20BA4C0028BFDB8B28BF0A6628BF294028BF481A28BF56F427BF64CE27BF61A827BF6F828E
:20BA6C0027BF5B5C27BF593627BF451027BF31EA26BF0DC426BFE99D26BFB47726BF7E5187
:20BA8C0026BF492B26BF030526BFBEDE25BF78B825BF219225BFCA6B25BF634525BF0C1F74
:20BAAC0025BF94F824BF2DD224BFA4AB24BF2B8524BFA25E24BF193824BF801124BFE6EA25
:20BACC0023BF4CC423BFA19D23BFF77623BF4C5023BF912923BFD60223BF0ADC22BF3DB58A
:20BAEC0022BF718E22BF946722BFB84022BFDB1922BFEDF221BFFFCB21BF01A521BF027E80
:20BB0C0021BF045721BFF52F21BFE60821BFD6E120BFB6BA20BF969320BF666C20BF354514
:20BB2C0020BF041E20BFC2F61FBF81CF1FBF3FA81FBFED801FBF9B591FBF48321FBFE50A2C
:20BB4C001FBF82E31EBF0EBC1EBF9A941EBF266D1EBFA2451EBF1D1E1EBF98F61DBF03CF7F
:20BB6C001DBF6EA71DBFD87F1DBF32581DBF8C301DBFD5081DBF1EE11CBF67B91CBF9F91FD
:20BB8C001CBFD7691CBF0F421CBF371A1CBF5EF21BBF86CA1BBF9CA21BBFB37A1BBFB952CD
:20BBAC001BBFBF2A1BBFC5021BBFBADA1ABFC0B21ABFA48A1ABF99621ABF7E3A1ABF5112B4
:20BBCC001ABF36EA19BFF8C119BFCC9919BF8F7119BF524919BF142119BFC6F818BF78D085
:20BBEC0018BF1AA818BFBB7F18BF5C5718BFEC2E18BF8E0618BF0DDE17BF9EB517BF1E8D3D
:20BC0C0017BF8C6417BF0C3C17BF7B1317BFD9EA16BF48C216BFA69916BFF47016BF4148AD
:20BC2C0016BF8E1F16BFDCF615BF18CE15BF55A515BF817C15BFBD5315BFD82A15BF0402E2
:20BC4C0015BF1FD914BF3AB014BF448714BF5F5E14BF593514BF630C14BF5CE313BF56BA8A
:20BC6C0013BF3F9113BF276813BF103F13BFE81513BFC0EC12BF98C312BF709A12BF3771C7
:20BC8C0012BFED4712BFB41E12BF6AF511BF21CC11BFC6A211BF6C7911BF125011BFA62648
:20BCAC0011BF3BFD10BFD0D310BF54AA10BFD88010BF5C5710BFCF2D10BF430410BFB6DA48
:20BCCC000FBF29B10FBF8B870FBFDD5D0FBF40340FBF910A0FBFE3E00EBF24B70EBF658D25
:20BCEC000EBFA6630EBFD6390EBF06100EBF36E60DBF66BC0DBF86920DBFA5680DBFB43E51
:20BD0C000DBFC2140DBFD1EA0CBFCFC00CBFDD960CBFDB6C0CBFC8420CBFB5180CBFA2EE7C
:20BD2C000BBF8FC40BBF6B9A0BBF48700BBF24460BBFEF1B0BBFBBF10ABF75C70ABF419D5F
:20BD4C000ABFFC720ABFA6480ABF601E0ABF0AF409BFB4C909BF4D9F09BFE67409BF804A2E
:20BD6C0009BF082009BFA1F508BF19CB08BFA1A008BF197608BF904B08BF082108BF6FF6A2
:20BD8C0007BFD5CB07BF3CA107BF927607BFE84B07BF3E2107BF83F606BFC9CB06BF0EA196
:20BDAC0006BF537606BF884B06BFBC2006BFE0F505BF04CB05BF27A005BF4B7505BF5E4A08
:20BDCC0005BF711F05BF84F404BF86C904BF999E04BF8A7304BF8C4804BF7E1D04BF6FF2E2
:20BDEC0003BF50C703BF419C03BF227103BFF14503BFD21A03BFA2EF02BF72C402BF3199EF
:20BE0C0002BFF06D02BFAF4202BF6E1702BF1CEC01BFCAC001BF799501BF166A01BFB43E2D
:20BE2C0001BF511301BFDEE700BF7BBC00BFF79000BF846500BF003A00BF7C0E00BFEFC5B4
:20BE4C00FFBEE76EFFBEBE17FFBE94C0FEBE4969FEBEFD11FEBEB2BAFDBE6763FDBEFA0B7C
:20BE6C00FDBE8DB4FCBE205DFCBEB405FCBE25AEFBBE9756FBBEE7FEFABE59A7FABEA94FD7
:20BE8C00FABEF9F7F9BE27A0F9BE5648F9BE84F0F8BEB398F8BEC040F8BECDE8F7BEDA90AF
:20BEAC00F7BEE738F7BED2E0F6BEBE88F6BE8830F6BE73D8F5BE3D80F5BE0728F5BEAFCF53
:20BECC00F4BE5777F4BE001FF4BEA8C6F3BE2F6EF3BEB515F3BE3CBDF2BEC364F2BE280CB7
:20BEEC00F2BE8DB3F1BEF35AF1BE3602F1BE7AA9F0BEBE50F0BE01F8EFBE239FEFBE454687
:20BF0C00EFBE67EDEEBE6894EEBE8A3BEEBE8BE2EDBE6A89EDBE6A30EDBE49D7ECBE287EE4
:20BF2C00ECBEE624ECBEC5CBEBBE8272EBBE3F19EBBEDBBFEABE7766EABE130DEABEAFB3CF
:20BF4C00E9BE295AE9BEC500E9BE1EA7E8BE984DE8BEF1F3E7BE6B9AE7BEA340E7BEFBE606
:20BF6C00E6BE338DE6BE6A33E6BEA1D9E5BED87FE5BEEE25E5BE03CCE4BE1972E4BE0D18DC
:20BF8C00E4BE01BEE3BEF563E3BEEA09E3BEBCAFE2BE8F55E2BE61FBE1BE34A1E1BEE546DD
:20BFAC00E1BE96ECE0BE4792E0BEF837E0BE87DDDFBE1783DFBEA628DFBE36CEDEBEA37319
:20BFCC00DEBE1119DEBE7FBEDDBECC63DDBE3909DDBE86AEDCBEB153DCBEFDF8DBBE289EB4
:20BFEC00DBBE5243DBBE7DE8DABEA88DDABEB132DABEBAD7D9BEC47CD9BEAB21D9BE93C66E
:20C00C00D8BE7B6BD8BE6210D8BE4AB5D7BE105AD7BED6FED6BE9CA3D6BE4148D6BE07ED1B
:20C02C00D5BEAC91D5BE5036D5BED3DAD4BE567FD4BED923D4BE5CC8D3BEDF6CD3BE411161
:20C04C00D3BEA2B5D2BE045AD2BE65FED1BEA5A2D1BEE546D1BE25EBD0BE658FD0BE833316
:20C06C00D0BEA1D7CFBEC07BCFBEDE1FCFBEDBC3CEBEF967CEBEF60BCEBED1AFCDBECE5300
:20C08C00CDBEA9F7CCBE849BCCBE603FCCBE3BE3CBBEF486CBBEAE2ACBBE68CECABE0072D2
:20C0AC00CABEBA15CABE52B9C9BEEA5CC9BE8200C9BEF9A3C8BE6F47C8BEE6EAC7BE5C8E90
:20C0CC00C7BED331C7BE28D5C6BE7D78C6BED21BC6BE27BFC5BE5A62C5BE8E05C5BEC1A8B4
:20C0EC00C4BEF54BC4BE07EFC3BE3A92C3BE4C35C3BE5ED8C2BE4E7BC2BE601EC2BE51C11B
:20C10C00C1BE4164C1BE1007C1BE00AAC0BECF4CC0BE9EEFBFBE6C92BFBE3B35BFBEE9D7E7
:20C12C00BEBE967ABEBE431DBEBEF0BFBDBE7C62BDBE2905BDBEB5A7BCBE414ABCBEABEC71
:20C14C00BBBE368FBBBEA131BBBE0BD4BABE7576BABEBD18BABE28BBB9BE705DB9BEB9FF74
:20C16C00B8BE01A2B8BE2844B8BE4FE6B7BE7688B7BE9D2AB7BEC4CCB6BECA6EB6BEF11038
:20C18C00B6BEF6B2B5BEFC54B5BEE0F6B4BEE598B4BEC93AB4BEADDCB3BE917EB3BE5320A8
:20C1AC00B3BE37C2B2BEFA63B2BEBC05B2BE5DA7B1BE1F49B1BEC0EAB0BE618CB0BE022EAE
:20C1CC00B0BEA2CFAFBE4371AFBEC212AFBE42B4AEBEC155AEBE40F7ADBE9E98ADBE1D3A27
:20C1EC00ADBE7BDBACBED97CACBE361EACBE72BFABBEAF60ABBE0C02ABBE48A3AABE634408
:20C20C00AABE9FE5A9BEBA86A9BED427A9BEEFC8A8BE0A6AA8BE240BA8BE1DACA7BE164D99
:20C22C00A7BE0FEEA6BE088FA6BE0130A6BED9D0A5BED271A5BEA912A5BE81B3A4BE3754AB
:20C24C00A4BE0EF5A3BEC495A3BE7A36A3BE30D7A2BEE677A2BE7A18A2BE30B9A1BEC559C5
:20C26C00A1BE59FAA0BEED9AA0BE603BA0BEF5DB9FBE677C9FBEDA1C9FBE4DBD9EBEC05D81
:20C28C009EBE11FE9DBE849E9DBED53E9DBE26DF9CBE787F9CBEA71F9CBEF9BF9BBE286078
:20C2AC009BBE58009BBE88A09ABEB8409ABEC6E099BEF58099BE042199BE12C198BE2061A9
:20C2CC0098BE0C0198BE1BA197BE074197BEF4E096BEE08096BECD2096BEBAC095BE85601C
:20C2EC0095BE710095BE3CA094BE074094BEB1DF93BE7C7F93BE251F93BEF0BE92BE9A5E9C
:20C30C0092BE43FE91BEED9D91BE753D91BE1EDD90BEA67C90BE2E1C90BEB6BB8FBE3E5BAF
:20C32C008FBEA4FA8EBE2C9A8EBE93398EBEF9D88DBE60788DBEC6178DBE0BB78CBE715656
:20C34C008CBEB6F58BBEFB948BBE40348BBE84D38ABEC9728ABEED118ABE31B189BE5550C8
:20C36C0089BE78EF88BE9B8E88BE9D2D88BEC0CC87BEC26B87BEE50A87BEE7A986BEE948C2
:20C38C0086BEC9E785BECB8685BECC2585BEACC484BE8D6384BE6D0284BE4DA183BE2D4061
:20C3AC0083BEECDE82BECC7D82BE8A1C82BE49BB81BE085A81BEC6F880BE639780BE223647
:20C3CC0080BE7EA97FBEFBE67EBE35247EBE70617DBE679E7CBEA1DB7BBEDB187BBED255AA
:20C3EC007ABEC99279BEC0CF78BEB70C78BEAE4977BEA58676BE59C375BE0D0075BE043D4E
:20C40C0074BEB77973BE6BB672BEDCF271BE902F71BE446C70BEB5A86FBE26E56EBE9621EB
:20C42C006EBE075E6DBE789A6CBEE9D66BBE16136BBE874F6ABEB58B69BEE3C768BE100475
:20C44C0068BE3E4067BE6C7C66BE99B865BE84F464BE6E3064BE9C6C63BE87A862BE71E460
:20C46C0061BE5C2061BE035C60BEEE975FBE95D35EBE800F5EBE274B5DBECF865CBE76C274
:20C48C005BBE1EFE5ABE82395ABE297559BE8EB058BE35EC57BE9A2757BEFE6256BE629EE7
:20C4AC0055BEC7D954BEE81454BE4C5053BE6E8B52BED2C651BEF30151BE143D50BE367830
:20C4CC004FBE57B34EBE78EE4DBE56294DBE77644CBE569F4BBE34DA4ABE55154ABE335044
:20C4EC0049BE118B48BEACC547BE8A0047BE693B46BE047645BE9FB044BE7DEB43BE182665
:20C50C0043BEB36042BE4E9B41BEA6D540BE411040BEDC4A3FBE34853EBE8CBF3DBE27FA0C
:20C52C003CBE7F343CBED66E3BBE2EA93ABE86E339BE9B1D39BEF35738BE089237BE60CC32
:20C54C0036BE750636BE894035BE9E7A34BEB3B433BEC8EE32BEDD2832BEF16231BEC39C12
:20C56C0030BED8D62FBEAA102FBE7B4A2EBE4D842DBE1FBE2CBEF0F72BBEC2312BBE946BA0
:20C58C002ABE65A529BEF4DE28BEC61828BE545227BEE38B26BE72C525BE00FF24BE8F389B
:20C5AC0024BE1D7223BEACAB22BE3BE521BE861E21BE155820BE60911FBEEFCA1EBE3A0478
:20C5CC001EBE863D1DBED1761CBE1DB01BBE68E91ABEB4221ABEFF5B19BE079518BE53CE73
:20C5EC0017BE5B0717BE644016BEAF7915BEB7B214BEC0EB13BEC82413BED15D12BED996CF
:20C60C0011BEE1CF10BEA70810BEAF410FBE747A0EBE7DB30DBE42EC0CBE07250CBE0F5E77
:20C62C000BBED5960ABE9ACF09BE5F0809BE254108BEA77907BE6CB206BE31EB05BEB323EC
:20C64C0005BE795C04BEFB9403BE7DCD02BE420602BEC43E01BE477700BE915FFFBD96D0C3
:20C66C00FDBD9A41FCBD9EB2FABD1C23F9BD2194F7BD2505F6BDA375F4BDA7E6F2BD26579C
:20C68C00F1BDA4C7EFBDA838EEBD26A9ECBDA419EBBD228AE9BDA0FAE7BD1E6BE6BD9CDB2E
:20C6AC00E4BD944BE3BD12BCE1BD912CE0BD889CDEBD060DDDBDFE7CDBBD7CEDD9BD745D3A
:20C6CC00D8BD6CCDD6BDEA3DD5BDE2ADD3BDDA1DD2BDD28DD0BDCAFDCEBDC26DCDBDBADD01
:20C6EC00CBBD2B4DCABD23BDC8BD1B2DC7BD8D9CC5BD840CC4BDF67BC2BDEEEBC0BD605BB9
:20C70C00BFBD58CBBDBDC93ABCBD3BAABABDAC19B9BD1E89B7BD16F9B5BD8868B4BDF9D714
:20C72C00B2BDE546B1BD56B6AFBDC825AEBD3A95ACBDAB04ABBD9773A9BD08E3A7BDF451C2
:20C74C00A6BD66C1A4BD5130A3BDC39FA1BDAE0EA0BD207E9EBD0BED9CBDF75B9BBDE2CA88
:20C76C0099BDCE3998BD3FA996BD2B1895BD168793BD01F691BDED6490BD52D38EBD3E426B
:20C78C008DBD29B18BBD14208ABD008F88BD65FD86BD516C85BD3CDB83BDA14982BD8DB869
:20C7AC0080BDE44D7EBDBB2B7BBD850878BD5CE674BD26C371BDF19F6EBDC87D6BBD925A46
:20C7CC0068BD5D3765BD271462BDF1F05EBDC8CE5BBD93AB58BD5D8855BD286552BDF24155
:20C7EC004FBDBD1E4CBD87FB48BD51D845BD0FB442BDDA903FBDA46D3CBD6F4A39BD39274A
:20C80C0036BD040433BDC2DF2FBD8CBC2CBD569929BD147526BDDF5123BDA92E20BD670AED
:20C82C001DBD32E719BDF0C216BDBA9F13BD787B10BD43580DBD01340ABDCB1007BD89EC40
:20C84C0003BD47C800BD234AFBBC9F01F5BC34BBEEBCB072E8BC2C2AE2BCA8E1DBBC3D9B80
:20C86C00D5BCB952CFBC350AC9BCB1C1C2BC467BBCBCC232B6BC3EEAAFBCBAA1A9BC365950
:20C88C00A3BCCB129DBC47CA96BCC38190BC3F398ABCBBF083BC6E507BBC66BF6EBC5E2E8C
:20C8AC0062BC569D55BC801049BC787F3CBC70EE2FBC685D23BC60CC16BC583B0ABCA0548E
:20C8CC00FBBB9032E2BB8010C9BB70EEAFBB60CC96BBA0547BBB801049BB60CC16BB801093
:20C8EC00C9BA801049BA000000008010493A8010C93A60CC163B8010493BA0547B3B60CC09
:20C90C00963B70EEAF3B8010C93B9032E23BA054FB3B583B0A3C60CC163C685D233C70EE7C
:20C92C002F3C787F3C3C8010493C569D553C5E2E623C66BF6E3C6E507B3CBBF0833C3F3928
:20C94C008A3CC381903C47CA963CCB129D3C3659A33CBAA1A93C3EEAAF3CC232B63C467BF4
:20C96C00BC3CB1C1C23C350AC93CB952CF3C3D9BD53CA8E1DB3C2C2AE23CB072E83C34BBB7
:20C98C00EE3C9F01F53C234AFB3C47C8003D89EC033DCB10073D01340A3D43580D3D787B78
:20C9AC00103DBA9F133DF0C2163D32E7193D670A1D3DA92E203DDF51233D1475263D569997
:20C9CC00293D8CBC2C3DC2DF2F3D0404333D3927363D6F4A393DA46D3C3DDA903F3D0FB47A
:20C9EC00423D51D8453D87FB483DBD1E4C3DF2414F3D2865523D5D88553D93AB583DC8CEDB
:20CA0C005B3DF1F05E3D2714623D5D37653D925A683DC87D6B3DF19F6E3D26C3713D5CE654
:20CA2C00743D8508783DBB2B7B3DE44D7E3D8DB8803DA149823D3CDB833D516C853D65FD0A
:20CA4C00863D008F883D14208A3D29B18B3D3E428D3D52D38E3DED64903D01F6913D16875C
:20CA6C00933D2B18953D3FA9963DCE39983DE2CA993DF75B9B3D0BED9C3D207E9E3DAE0E7C
:20CA8C00A03DC39FA13D5130A33D66C1A43DF451A63D08E3A73D9773A93DAB04AB3D3A95B7
:20CAAC00AC3DC825AE3D56B6AF3DE546B13DF9D7B23D8868B43D16F9B53D1E89B73DAC1997
:20CACC00B93D3BAABA3DC93ABC3D58CBBD3D605BBF3DEEEBC03DF67BC23D840CC43D8D9CA8
:20CAEC00C53D1B2DC73D23BDC83D2B4DCA3DBADDCB3DC26DCD3DCAFDCE3DD28DD03DDA1D6B
:20CB0C00D23DE2ADD33DEA3DD53D6CCDD63D745DD83D7CEDD93DFE7CDB3D060DDD3D889C8E
:20CB2C00DE3D912CE03D12BCE13D944BE33D9CDBE43D1E6BE63DA0FAE73D228AE93DA41978
:20CB4C00EB3D26A9EC3DA838EE3DA4C7EF3D2657F13DA7E6F23DA375F43D2505F63D219445
:20CB6C00F73D1C23F93D9EB2FA3D9A41FC3D96D0FD3D915FFF3D4777003EC43E013E420614
:20CB8C00023E7DCD023EFB94033E795C043EB323053E31EB053E6CB2063EA779073E254133
:20CBAC00083E5F08093E9ACF093ED5960A3E0F5E0B3E07250C3E42EC0C3E7DB30D3E747A05
:20CBCC000E3EAF410F3EA708103EE1CF103ED996113ED15D123EC824133EC0EB133EB7B2E7
:20CBEC00143EAF79153E6440163E5B07173E53CE173E0795183EFF5B193EB4221A3E68E915
:20CC0C001A3E1DB01B3ED1761C3E863D1D3E3A041E3EEFCA1E3E60911F3E1558203E861E5F
:20CC2C00213E3BE5213EACAB223E1D72233E8F38243E00FF243E72C5253EE38B263E5452C7
:20CC4C00273EC618283EF4DE283E65A5293E946B2A3EC2312B3EF0F72B3E1FBE2C3E4D844B
:20CC6C002D3E7B4A2E3EAA102F3ED8D62F3EC39C303EF162313EDD28323EC8EE323EB3B439
:20CC8C00333E9E7A343E8940353E7506363E60CC363E0892373EF357383E9B1D393E86E35B
:20CCAC00393E2EA93A3ED66E3B3E7F343C3E27FA3C3E8CBF3D3E34853E3EDC4A3F3E41102E
:20CCCC00403EA6D5403E4E9B413EB360423E1826433E7DEB433E9FB0443E0476453E693BBC
:20CCEC00463E8A00473EACC5473E118B483E3350493E55154A3E34DA4A3E569F4B3E776492
:20CD0C004C3E56294D3E78EE4D3E57B34E3E36784F3E143D503EF301513ED2C6513E6E8B2F
:20CD2C00523E4C50533EE814543EC7D9543E629E553EFE62563E9A27573E35EC573E8EB099
:20CD4C00583E2975593E82395A3E1EFE5A3E76C25B3ECF865C3E274B5D3E800F5E3E95D395
:20CD6C005E3EEE975F3E035C603E5C20613E71E4613E87A8623E9C6C633E6E30643E84F4AD
:20CD8C00643E99B8653E6C7C663E3E40673E1004683EE3C7683EB58B693E874F6A3E1613AA
:20CDAC006B3EE9D66B3E789A6C3E075E6D3E96216E3E26E56E3EB5A86F3E446C703E902F49
:20CDCC00713EDCF2713E6BB6723EB779733E043D743E0D00753E59C3753EA586763EAE4911
:20CDEC00773EB70C783EC0CF783EC992793ED2557A3EDB187B3EA1DB7B3E679E7C3E706152
:20CE0C007D3E35247E3EFBE67E3E7EA97F3E2236803E6397803EC6F8803E085A813E49BB46
:20CE2C00813E8A1C823ECC7D823EECDE823E2D40833E4DA1833E6D02843E8D63843EACC4FE
:20CE4C00843ECC25853ECB86853EC9E7853EE948863EE7A9863EE50A873EC26B873EC0CC4E
:20CE6C00873E9D2D883E9B8E883E78EF883E5550893E31B1893EED118A3EC9728A3E84D300
:20CE8C008A3E40348B3EFB948B3EB6F58B3E71568C3E0BB78C3EC6178D3E60788D3EF9D87C
:20CEAC008D3E93398E3E2C9A8E3EA4FA8E3E3E5B8F3EB6BB8F3E2E1C903EA67C903E1EDD60
:20CECC00903E753D913EED9D913E43FE913E9A5E923EF0BE923E251F933E7C7F933EB1DFD7
:20CEEC00933E0740943E3CA0943E7100953E8560953EBAC0953ECD20963EE080963EF4E07C
:20CF0C00963E0741973E1BA1973E0C01983E2061983E12C1983E0421993EF580993EC6E0B2
:20CF2C00993EB8409A3E88A09A3E58009B3E28609B3EF9BF9B3EA71F9C3E787F9C3E26DFA5
:20CF4C009C3ED53E9D3E849E9D3E11FE9D3EC05D9E3E4DBD9E3EDA1C9F3E677C9F3EF5DBD4
:20CF6C009F3E603BA03EED9AA03E59FAA03EC559A13E30B9A13E7A18A23EE677A23E30D73E
:20CF8C00A23E7A36A33EC495A33E0EF5A33E3754A43E81B3A43EA912A53ED271A53ED9D006
:20CFAC00A53E0130A63E088FA63E0FEEA63E164DA73E1DACA73E240BA83E0A6AA83EEFC8F5
:20CFCC00A83ED427A93EBA86A93E9FE5A93E6344AA3E48A3AA3E0C02AB3EAF60AB3E72BF69
:20CFEC00AB3E361EAC3ED97CAC3E7BDBAC3E1D3AAD3E9E98AD3E40F7AD3EC155AE3E42B402
:20D00C00AE3EC212AF3E4371AF3EA2CFAF3E022EB03E618CB03EC0EAB03E1F49B13E5DA76C
:20D02C00B13EBC05B23EFA63B23E37C2B23E5320B33E917EB33EADDCB33EC93AB43EE598BE
:20D04C00B43EE0F6B43EFC54B53EF6B2B53EF110B63ECA6EB63EC4CCB63E9D2AB73E7688CD
:20D06C00B73E4FE6B73E2844B83E01A2B83EB9FFB83E705DB93E28BBB93EBD18BA3E757686
:20D08C00BA3E0BD4BA3EA131BB3E368FBB3EABECBB3E414ABC3EB5A7BC3E2905BD3E7C62BA
:20D0AC00BD3EF0BFBD3E431DBE3E967ABE3EE9D7BE3E3B35BF3E6C92BF3E9EEFBF3ECF4C8E
:20D0CC00C03E00AAC03E1007C13E4164C13E51C1C13E601EC23E4E7BC23E5ED8C23E4C35D5
:20D0EC00C33E3A92C33E07EFC33EF54BC43EC1A8C43E8E05C53E5A62C53E27BFC53ED21B87
:20D10C00C63E7D78C63E28D5C63ED331C73E5C8EC73EE6EAC73E6F47C83EF9A3C83E820058
:20D12C00C93EEA5CC93E52B9C93EBA15CA3E0072CA3E68CECA3EAE2ACB3EF486CB3E3BE36C
:20D14C00CB3E603FCC3E849BCC3EA9F7CC3ECE53CD3ED1AFCD3EF60BCE3EF967CE3EDBC370
:20D16C00CE3EDE1FCF3EC07BCF3EA1D7CF3E8333D03E658FD03E25EBD03EE546D13EA5A25B
:20D18C00D13E65FED13E045AD23EA2B5D23E4111D33EDF6CD33E5CC8D33ED923D43E567F56
:20D1AC00D43ED3DAD43E5036D53EAC91D53E07EDD53E4148D63E9CA3D63ED6FED63E105A60
:20D1CC00D73E4AB5D73E6210D83E7B6BD83E93C6D83EAB21D93EC47CD93EBAD7D93EB13262
:20D1EC00DA3EA88DDA3E7DE8DA3E5243DB3E289EDB3EFDF8DB3EB153DC3E86AEDC3E3909F8
:20D20C00DD3ECC63DD3E7FBEDD3E1119DE3EA373DE3E36CEDE3EA628DF3E1783DF3E87DDA7
:20D22C00DF3EF837E03E4792E03E96ECE03EE546E13E34A1E13E61FBE13E8F55E23EBCAFB9
:20D24C00E23EEA09E33EF563E33E01BEE33E0D18E43E1972E43E03CCE43EEE25E53ED87FC3
:20D26C00E53EA1D9E53E6A33E63E338DE63EFBE6E63EA340E73E6B9AE73EF1F3E73E984D18
:20D28C00E83E1EA7E83EC500E93E295AE93EAFB3E93E130DEA3E7766EA3EDBBFEA3E3F19EB
:20D2AC00EB3E8272EB3EC5CBEB3EE624EC3E287EEC3E49D7EC3E6A30ED3E6A89ED3E8BE2C5
:20D2CC00ED3E8A3BEE3E6894EE3E67EDEE3E4546EF3E239FEF3E01F8EF3EBE50F03E7AA952
:20D2EC00F03E3602F13EF35AF13E8DB3F13E280CF23EC364F23E3CBDF23EB515F33E2F6E26
:20D30C00F33EA8C6F33E001FF43E5777F43EAFCFF43E0728F53E3D80F53E73D8F53E8830A8
:20D32C00F63EBE88F63ED2E0F63EE738F73EDA90F73ECDE8F73EC040F83EB398F83E84F045
:20D34C00F83E5648F93E27A0F93EF9F7F93EA94FFA3E59A7FA3EE7FEFA3E9756FB3E25AE13
:20D36C00FB3EB405FC3E205DFC3E8DB4FC3EFA0BFD3E6763FD3EB2BAFD3EFD11FE3E49695B
:20D38C00FE3E94C0FE3EBE17FF3EE76EFF3EEFC5FF3E7C0E003F003A003F8465003FF7902F
:20D3AC00003F7BBC003FDEE7003F5113013FB43E013F166A013F7995013FCAC0013F1CECF2
:20D3CC00013F6E17023FAF42023FF06D023F3199023F72C4023FA2EF023FD21A033FF145B3
:20D3EC00033F2271033F419C033F50C7033F6FF2033F7E1D043F8C48043F8A73043F999E83
:20D40C00043F86C9043F84F4043F711F053F5E4A053F4B75053F27A0053F04CB053FE0F5B9
:20D42C00053FBC20063F884B063F5376063F0EA1063FC9CB063F83F6063F3E21073FE84BF2
:20D44C00073F9276073F3CA1073FD5CB073F6FF6073F0821083F904B083F1976083FA1A0CF
:20D46C00083F19CB083FA1F5083F0820093F804A093FE674093F4D9F093FB4C9093F0AF436
:20D48C00093F601E0A3FA6480A3FFC720A3F419D0A3F75C70A3FBBF10A3FEF1B0B3F244624
:20D4AC000B3F48700B3F6B9A0B3F8FC40B3FA2EE0B3FB5180C3FC8420C3FDB6C0C3FDD96DC
:20D4CC000C3FCFC00C3FD1EA0C3FC2140D3FB43E0D3FA5680D3F86920D3F66BC0D3F36E66E
:20D4EC000D3F06100E3FD6390E3FA6630E3F658D0E3F24B70E3FE3E00E3F910A0F3F4034EB
:20D50C000F3FDD5D0F3F8B870F3F29B10F3FB6DA0F3F4304103FCF2D103F5C57103FD88088
:20D52C00103F54AA103FD0D3103F3BFD103FA626113F1250113F6C79113FC6A2113F21CC22
:20D54C00113F6AF5113FB41E123FED47123F3771123F709A123F98C3123FC0EC123FE8151E
:20D56C00133F103F133F2768133F3F91133F56BA133F5CE3133F630C143F5935143F5F5E56
:20D58C00143F4487143F3AB0143F1FD9143F0402153FD82A153FBD53153F817C153F55A527
:20D5AC00153F18CE153FDCF6153F8E1F163F4148163FF470163FA699163F48C2163FD9EA5C
:20D5CC00163F7B13173F0C3C173F8C64173F1E8D173F9EB5173F0DDE173F8E06183FEC2E32
:20D5EC00183F5C57183FBB7F183F1AA8183F78D0183FC6F8183F1421193F5249193F8F71E0
:20D60C00193FCC99193FF8C1193F36EA193F51121A3F7E3A1A3F99621A3FA48A1A3FC0B246
:20D62C001A3FBADA1A3FC5021B3FBF2A1B3FB9521B3FB37A1B3F9CA21B3F86CA1B3F5EF2B6
:20D64C001B3F371A1C3F0F421C3FD7691C3F9F911C3F67B91C3F1EE11C3FD5081D3F8C301C
:20D66C001D3F32581D3FD87F1D3F6EA71D3F03CF1D3F98F61D3F1D1E1E3FA2451E3F266DB1
:20D68C001E3F9A941E3F0EBC1E3F82E31E3FE50A1F3F48321F3F9B591F3FED801F3F3FA884
:20D6AC001F3F81CF1F3FC2F61F3F041E203F3545203F666C203F9693203FB6BA203FD6E1A3
:20D6CC00203FE608213FF52F213F0457213F027E213F01A5213FFFCB213FEDF2213FDB190F
:20D6EC00223FB840223F9467223F718E223F3DB5223F0ADC223FD602233F9129233F4C501C
:20D70C00233FF776233FA19D233F4CC4233FE6EA233F8011243F1938243FA25E243F2B85CD
:20D72C00243FA4AB243F2DD2243F94F8243F0C1F253F6345253FCA6B253F2192253F78B8FC
:20D74C00253FBEDE253F0305263F492B263F7E51263FB477263FE99D263F0DC4263F31EA13
:20D76C00263F4510273F5936273F5B5C273F6F82273F61A8273F64CE273F56F4273F481AFB
:20D78C00283F2940283F0A66283FDB8B283FABB1283F7BD7283F3BFD283FFB22293FBB48FF
:20D7AC00293F696E293F1894293FB6B9293F55DF293FF3042A3F802A2A3F0D502A3F8A75F7
:20D7CC002A3F079B2A3F83C02A3FEFE52A3F5B0B2B3FC6302B3F21562B3F6C7B2B3FC7A017
:20D7EC002B3F00C62B3F4AEB2B3F84102C3FBD352C3FE65A2C3F0F802C3F37A52C3F4FCA83
:20D80C002C3F56EF2C3F6E142D3F75392D3F6C5E2D3F62832D3F58A82D3F3ECD2D3F24F259
:20D82C002D3F09172E3FDE3B2E3FB3602E3F77852E3F3BAA2E3FFFCE2E3FB2F32E3F551869
:20D84C002F3F083D2F3FAA612F3F3C862F3FCEAA2F3F5FCF2F3FE0F32F3F6118303FE23C29
:20D86C00303F5261303FC285303F22AA303F81CE303FD0F2303F1E17313F6D3B313FAB5F64
:20D88C00313FE883313F15A8313F42CC313F6FF0313F8C14323FA838323FC45C323FD08074
:20D8AC00323FCAA4323FC5C8323FC0EC323FAA10333F9434333F7D58333F577C333F30A02F
:20D8CC00333FF8C3333FC0E7333F780B343F302F343FE752343F8E76343F359A343FCBBDCF
:20D8EC00343F61E1343FF704353F7C28353F014C353F766F353FEA92353F4EB6353FB2D960
:20D90C00353F15FD353F6820363FBB43363FFD66363F408A363F82AD363FB3D0363FE4F307
:20D92C00363F0517373F263A373F355D373F4580373F55A3373F54C6373F53E9373F410CBE
:20D94C00383F302F383F1E52383FFB74383FC897383F95BA383F61DD383F2E00393FD922AF
:20D96C00393F9545393F4068393FEC8A393F86AD393F20D0393FAAF2393F33153A3FBD37E7
:20D98C003A3F365A3A3F9E7C3A3F179F3A3F6EC13A3FD6E33A3F2D063B3F74283B3FBA4A96
:20D9AC003B3F016D3B3F368F3B3F6CB13B3F91D33B3FB6F53B3FDB173C3FEF393C3F035CB1
:20D9CC003C3F077E3C3F0AA03C3FFDC13C3FEFE33C3FD1053D3FB3273D3F95493D3F666B42
:20D9EC003D3F378D3D3FF7AE3D3FB7D03D3F67F23D3F16143E3FC6353E3F64573E3F037993
:20DA0C003E3F919A3E3F1FBC3E3F9CDD3E3F19FF3E3F96203F3F03423F3F5E633F3FBA847E
:20DA2C003F3F16A63F3F60C73F3FABE83F3FF609403F302B403F594C403F836D403FAC8E47
:20DA4C00403FC4AF403FDDD0403FE5F1403FEC12413FE333413FDA54413FD175413FB796F3
:20DA6C00413F9EB7413F73D8413F48F9413F0D1A423FD23A423F855B423F397C423FED9C64
:20DA8C00423F90BD423F22DE423FC5FE423F471F433FD93F433F4A60433FCB80433F3CA10E
:20DAAC00433F9CC1433FFCE1433F5C02443FAB22443FFA42443F3963443F7783443FA5A3C6
:20DACC00443FD2C3443FEFE3443F0C04453F2924453F3544453F4164453F3C84453F27A4B0
:20DAEC00453F22C4453FFCE3453FE603463FC023463F8943463F5263463F1B83463FD3A2D0
:20DB0C00463F7AC2463F22E2463FC901473F6021473FF640473F8D60473F0280473F889F75
:20DB2C00473FFDBE473F61DE473FC6FD473F2A1D483F7D3C483FD15B483F147B483F569A3D
:20DB4C00483F88B9483FBAD8483FDBF7483FFD16493F0D36493F1D55493F2E74493F2D93AE
:20DB6C00493F1CB2493F0BD1493FFAEF493FD80E4A3FB62D4A3F834C4A3F516B4A3F0D8AD7
:20DB8C004A3FCAA84A3F86C74A3F32E64A3FCD044B3F68234B3FF2414B3F8D604B3F067F55
:20DBAC004B3F809D4B3FF9BB4B3F62DA4B3FCBF84B3F22174C3F7A354C3FC1534C3F0872C0
:20DBCC004C3F3F904C3F75AE4C3FABCC4C3FD1EA4C3FE6084D3FFA264D3F0F454D3F1363E2
:20DBEC004D3F06814D3F0A9F4D3FEDBC4D3FCFDA4D3FB1F84D3F83164E3F55344E3F155203
:20DC0C004E3FD66F4E3F978D4E3F36AB4E3FE7C84E3F86E64E3F14044F3FA3214F3F313FDD
:20DC2C004F3FAF5C4F3F1C7A4F3F89974F3FF6B44F3F52D24F3FAEEF4F3FFA0C503F352AD6
:20DC4C00503F8047503FAA64503FE481503FFE9E503F27BC503F30D9503F49F6503F5113DB
:20DC6C00513F4930513F404D513F276A513F0E87513FF4A3513FCAC0513F90DD513F55FA0F
:20DC8C00513F0917523FCE33523F7250523F166D523FB989523F4CA6523FCEC2523F61DF87
:20DCAC00523FD2FB523F4418533FB534533F1651533F766D533FC689533F16A6533F55C24C
:20DCCC00533F94DE533FC2FA533FF016543F0D33543F2B4F543F386B543F4487543F40A364
:20DCEC00543F3CBF543F38DB543F12F7543FFD12553FD82E553FA14A553F6B66553F3482DE
:20DD0C00553FDC9D553F95B9553F3DD5553FD4F0553F6B0C563F0228563F8943563FFF5EED
:20DD2C00563F747A563FEA95563F4FB1563FA3CC563FF7E7563F4B03573F8E1E573FC1397F
:20DD4C00573FF354573F2670573F488B573F6AA6573F7BC1573F7BDC573F7BF7573F7B12B5
:20DD6C00583F6B2D583F5A48583F3963583F077E583FD498583FA2B3583F5FCE583F1DE990
:20DD8C00583FC903593F641E593F0039593F9C53593F266E593FB188593F2BA3593F94BD56
:20DDAC00593F0ED8593F67F2593FBF0C5A3F18275A3F5F415A3FA75B5A3FDE755A3F0490C0
:20DDCC005A3F2AAA5A3F50C45A3F65DE5A3F7BF85A3F7F125B3F732C5B3F67465B3F5B6036
:20DDEC005B3F3E7A5B3F21945B3FF3AD5B3FB4C75B3F76E15B3F37FB5B3FE8145C3F882E83
:20DE0C005C3F28485C3FC8615C3F577B5C3FD5945C3F53AE5C3FD2C75C3F3FE15C3F9CFAFA
:20DE2C005C3FF9135D3F562D5D3FA2465D3FDD5F5D3F18795D3F53925D3F7EAB5D3F97C44A
:20DE4C005D3FB1DD5D3FBAF65D3FC30F5E3FBB285E3FB3415E3FAB5A5E3F93735E3F698CEA
:20DE6C005E3F40A55E3F06BE5E3FCBD65E3F80EF5E3F35085F3FDA205F3F7E395F3F1152A1
:20DE8C005F3FA56A5F3F27835F3FAA9B5F3F1CB45F3F8ECC5F3FEFE45F3F3FFD5F3F9015AA
:20DEAC00603FE02D603F2046603F5F5E603F8E76603FAC8E603FCAA6603FE8BE603FF5D60F
:20DECC00603FF2EE603FEE06613FEB1E613FD636613FB14E613F8C66613F567E613F2096D4
:20DEEC00613FDAAD613F93C5613F4CDD613FE4F4613F8D0C623F1424623FAC3B623F225306
:20DF0C00623F986A623F0E82623F7499623FD9B0623F2EC8623F83DF623FC7F6623FFA0DA9
:20DF2C00633F2D25633F603C633F8253633F946A633FA681633FA698633FA7AF633FA8C6DB
:20DF4C00633F87DD633F77F4633F560B643F2522643FE338643FB14F643F5E66643F1C7DB1
:20DF6C00643FB893643F54AA643FF0C0643F7BD7643FF6ED643F7104653FEB1A653F55314D
:20DF8C00653FAE47653F075E653F6074653F988A653FE0A0653F17B7653F3ECD653F65E364
:20DFAC00653F7BF9653F800F663F9625663F8A3B663F7E51663F7367663F567D663F299374
:20DFCC00663FFCA8663FCFBE663F91D4663F42EA663FF3FF663F9415673F342B673FC4404B
:20DFEC00673F5456673FD36B673F5281673FC096673F2EAC673F8BC1673FD8D6673F25ECEF
:20E00C00673F7101683FAD16683FD82B683F0341683F1D56683F386B683F4180683F4A958B
:20E02C00683F43AA683F3CBF683F24D4683F0CE9683FE3FD683FA912693F7027693F363C21
:20E04C00693FEC50693F9065693F357A693FC98E693F5DA3693FE1B7693F64CC693FD6E0BF
:20E06C00693F49F5693FAB096A3FFC1D6A3F4D326A3F9D466A3FDE5A6A3F0D6F6A3F3C836E
:20E08C006A3F5B976A3F7AAB6A3F87BF6A3F95D36A3F92E76A3F8FFB6A3F7C0F6B3F57235E
:20E0AC006B3F33376B3F0E4B6B3FD95E6B3F93726B3F4D866B3FF6996B3F9FAD6B3F37C15F
:20E0CC006B3FD0D46B3F57E86B3FDFFB6B3F560F6C3FBC226C3F22366C3F88496C3FCD5C8E
:20E0EC006C3F22706C3F66836C3F9A966C3FBDA96C3FF1BC6C3F03D06C3F15E36C3F27F616
:20E10C006C3F29096D3F191C6D3F0A2F6D3FEA416D3FCA546D3FA9676D3F687A6D3F268D06
:20E12C006D3FE49F6D3F92B26D3F3FC56D3FDCD76D3F68EA6D3FF4FC6D3F6F0F6E3FEA2129
:20E14C006E3F55346E3FBF466E3F19596E3F726B6E3FBB7D6E3FF38F6E3F2BA26E3F63B4D0
:20E16C006E3F7AC66E3FA1D86E3FB8EA6E3FBDFC6E3FB20E6F3FB8206F3F9C326F3F8044EA
:20E18C006F3F65566F3F38686F3FFB796F3FBD8B6F3F6F9D6F3F21AF6F3FC2C06F3F52D26A
:20E1AC006F3FF3E36F3F73F56F3FF206703F6118703FD029703F3F3B703F8C4C703FD95DAE
:20E1CC00703F266F703F6380703F9F91703FCBA2703FE5B3703F00C5703F0AD6703F14E76E
:20E1EC00703F0EF8703F0709713FF019713FD82A713FB03B713F774C713F3E5D713FF46DCA
:20E20C00713FAA7E713F508F713FF59F713F8AB0713F1EC1713FA2D1713F15E2713F88F2DA
:20E22C00713FFB02723F4D13723FAF23723FF033723F3144723F7154723FA164723FC17485
:20E24C00723FE084723FFF94723FFDA4723F0BB5723FF8C4723FE5D4723FD2E4723FAEF405
:20E26C00723F7904733F4414733FFF23733FB933733F6343733F0D53733FA662733F3F7261
:20E28C00733FC781733F3F91733FB6A0733F1DB0733F83BF733FD9CE733F2FDE733F74ED50
:20E2AC00733FA8FC733FDD0B743F001B743F242A743F3739743F4948743F4B57743F4D6671
:20E2CC00743F3E75743F1F84743FFF92743FCFA1743F9FB0743F5DBF743F1CCE743FCADC48
:20E2EC00743F68EB743F05FA743FA208753F2F17753FAB25753F1634753F9142753FEC500A
:20E30C00753F465F753F8F6D753FD97B753F228A753F4A98753F83A6753F9AB4753FB1C2E4
:20E32C00753FC8D0753FCEDE753FC4EC753FB9FA753F9E08763F7216763F5724763F1A3292
:20E34C00763FDD3F763F904D763F425B763FE468763F8676763F1684763FA791763F279F93
:20E36C00763F97AC763F06BA763F65C7763FC3D4763F11E2763F5FEF763F9CFC763FC80979
:20E38C00773FF416773F1024773F2B31773F363E773F404B773F3A58773F2365773F0D728F
:20E3AC00773FF67E773FBD8B773F9698773F4CA5773F03B2773FBABE773F60CB773FF5D7A2
:20E3CC00773F8AE4773F0FF1773F93FD773F070A783F6A16783FCD22783F302F783F713BF4
:20E3EC00783FC347783FF453783F2460783F556C783F7578783F8484783F9390783F919C7E
:20E40C00783F8FA8783F7CB4783F59C0783F36CC783F12D8783FCEE3783F9AEF783F44FB53
:20E42C00783FEE06793F9912793F321E793FBB29793F4435793FBC40793F344C793F9B5757
:20E44C00793FF162793F486E793F9E79793FE484793F1990793F3D9B793F61A6793F85B1AA
:20E46C00793F99BC793F9BC7793F9ED2793F90DD793F81E8793F62F3793F33FE793F030941
:20E48C007A3FC2137A3F821E7A3F30297A3FDF337A3F7D3E7A3F0A497A3F97537A3F245E4E
:20E4AC007A3F90687A3FFC727A3F677D7A3FC2877A3F0C927A3F569C7A3F8FA67A3FC9B0B7
:20E4CC007A3FF1BA7A3F19C57A3F31CF7A3F38D97A3F3FE37A3F35ED7A3F2BF77A3F110156
:20E4EC007B3FE50A7B3FBA147B3F8E1E7B3F41287B3F05327B3FA73B7B3F4A457B3FEC4E8C
:20E50C007B3F7D587B3FFE617B3F7F6B7B3FEF747B3F4E7E7B3FAD877B3F0C917B3F5B9A0C
:20E52C007B3F98A37B3FC5AC7B3F03B67B3F1FBF7B3F3BC87B3F46D17B3F51DA7B3F4CE348
:20E54C007B3F46EC7B3F30F57B3F19FE7B3FE2067C3FBB0F7C3F83187C3F3A217C3FE129BB
:20E56C007C3F87327C3F2E3B7C3FB3437C3F494C7C3FBD547C3F425D7C3FA5657C3F096ED9
:20E58C007C3F5C767C3FAE7E7C3FF0867C3F328F7C3F63977C3F849F7C3FA4A77C3FC4AF87
:20E5AC007C3FC3B77C3FC2BF7C3FC1C77C3FAFCF7C3F8CD77C3F6ADF7C3F36E77C3F03EFBB
:20E5CC007C3FBEF67C3F7AFE7C3F14067D3FBF0D7D3F59157D3FE31C7D3F5B247D3FD42B55
:20E5EC007D3F4C337D3FB43A7D3F0B427D3F52497D3FA9507D3FDE577D3F145F7D3F38669B
:20E60C007D3F5D6D7D3F71747D3F857B7D3F88827D3F7A897D3F6D907D3F4E977D3F309EA2
:20E62C007D3F01A57D3FD2AB7D3F92B27D3F41B97D3FF0BF7D3F8FC67D3F1CCD7D3FAAD323
:20E64C007D3F38DA7D3FB5E07D3F21E77D3F8DED7D3FE9F37D3F33FA7D3F7E007E3FC8064F
:20E66C007E3FF20C7E3F2B137E3F44197E3F5C1F7E3F74257E3F6B2B7E3F72317E3F583731
:20E68C007E3F3E3D7E3F24437E3FF9487E3FBE4E7E3F82547E3F365A7E3FE95F7E3F8C65B8
:20E6AC007E3F1E6B7E3FB0707E3F32767E3FB37B7E3F24817E3F83867E3FE38B7E3F4391F7
:20E6CC007E3F81967E3FD09B7E3FFDA07E3F2BA67E3F58AB7E3F64B07E3F80B57E3F7CBAD4
:20E6EC007E3F77BF7E3F72C47E3F5CC97E3F36CE7E3F0FD37E3FD8D77E3F90DC7E3F48E16B
:20E70C007E3F00E67E3F96EA7E3F3DEF7E3FC3F37E3F48F87E3FCEFC7E3F43017F3FA705C2
:20E72C007F3F0B0A7F3F5E0E7F3FA1127F3FE3167F3F151B7F3F471F7F3F68237F3F8927DF
:20E74C007F3F992B7F3F982F7F3F98337F3F86377F3F753B7F3F533F7F3F31437F3FED46C1
:20E76C007F3FBA4A7F3F664E7F3F22527F3FBD557F3F58597F3FE25C7F3F6B607F3FE5635D
:20E78C007F3F5E677F3FC66A7F3F2F6E7F3F76717F3FCD747F3F03787F3F397B7F3F6F7EA7
:20E7AC007F3F95817F3FA9847F3FBE877F3FC28A7F3FC58D7F3FB8907F3F9A937F3F7D96AF
:20E7CC007F3F4E997F3F209C7F3FE09E7F3F90A17F3F40A47F3FDFA67F3F7EA97F3F0CACA3
:20E7EC007F3F9BAE7F3F07B17F3F85B37F3FF2B57F3F4EB87F3F99BA7F3FE4BC7F3F2FBF56
:20E80C007F3F6AC17F3F93C37F3FACC57F3FC5C77F3FDEC97F3FE6CB7F3FDDCD7F3FD5CFD8
:20E82C007F3FBBD17F3F91D37F3F67D57F3F3DD77F3FF1D87F3FB6DA7F3F59DC7F3FFDDD34
:20E84C007F3FA0DF7F3F22E17F3FB5E27F3F26E47F3F97E57F3F08E77F3F68E87F3FB8E93D
:20E86C007F3F07EB7F3F46EC7F3F74ED7F3FA2EE7F3FD0EF7F3FDCF07F3FFAF17F3FF5F22A
:20E88C007F3FF1F37F3FEDF47F3FC7F57F3FB2F67F3F7BF77F3F44F87F3F0EF97F3FC6F9DF
:20E8AC007F3F6EFA7F3F16FB7F3FADFB7F3F33FC7F3FB9FC7F3F3FFD7F3FA4FD7F3F19FE63
:20E8CC007F3F6DFE7F3FC1FE7F3F15FF7F3F47FF7F3F8BFF7F3FACFF7F3FCEFF7F3FEFFFC8
:20E8EC007F3F0000803F070C0700160406000913080014140B001315090006200D00031681
:20E90C000C003323150033230E0002060601020500000203040102040501020001010202DC
:20E92C0003010201020102010020020401010020020603010020020500010020020200011D
:20E94C0000200003000000010101010100010000000001FF0001040000010601000105026D
:20E96C0000010203000203000001000401000200030004000500060001000101010201035C
:20E98C0001040106FF130000FF0100000000000000000000000000006E004C1F00000F0065
:20E9AC007F00FF010000000000000000CD7FFC000F00020000000000000000000000000073
:20E9CC00000000000300FF1F000000000000000000000000FF030000000000000000000008
:20E9EC000000000000000000000000000000FFFFFFFF54FFB70F87F096F174FFB72F04F0AB
:20EA0C00007054FFB70F87F096F174FFB73F04F00070544FB70F87F096F1744FB72F04F092
:20EA2C000070544FB70F87F096F1744FB73F04F00070913000FFD9FF28A60070FFA90B80CD
:20EA4C006100CA0161007501BCF509F058083F0A0380DA150070FFAA0B806100BD016100BE
:20EA6C007301BCF509F058083F090380DA150070C56F0AC001F800F6DA0014F00070610046
:20EA8C00870161004301610070010070084008598F1000F1858214508F4F001009F4C008A4
:20EAAC008F1900F160228F4F00803700E2F0BBF0FFAF0F14004090240F1A0050007053A874
:20EACC00200061008E0101F000F6C582000001F900F60128022614F0D4228650012000F6C4
:20EAEC0001FA02F654F000706100330161001B01012A0026142F865F10FF49FF100A0070F7
:20EB0C0053A820F061006D0110FC01C900D66100FD000070D4EF14DF865F10FC61004C0140
:20EB2C0061000701C82F10FDDA010070FFAA0B806100330161000801BCF509F058083F088D
:20EB4C000380DA15007053A520F061004A0110F5C58F00000154002601F50266142FD46F5B
:20EB6C00865F10FF0070A00253C82300610015016100EA00C82F01F000F6D4FF0070858F4E
:20EB8C00185009F4C20860F23709E2F00F8400400F8A005090240070858F1850820460FF95
:20EBAC00370BE2F090F48F1B00F1064F0FFC00500070858F1850820460FF370AE2F090F4FE
:20EBCC008F1A00F1064F0FFB0050007001CA00F689FF1C086100C500A8AA029440D402855A
:20EBEC0000706100F9006100A400C82F01FB00F6007002293708EBA28FF801816100BC00C4
:20EC0C000070856F088801F502F66100BC0049F2150AA0270070105CD46F14CF0940EC0889
:20EC2C00865F10FF09FFD8080070856F088801FA02F6C81F0070856F088801F602F66100DA
:20EC4C00A200007001C40056D4E4145486540144004600708562088853CA23F0012902F6BD
:20EC6C00C812007061005F0001280026007049FF150AA022007061007400DA0089FF1708D0
:20EC8C0000708562088853C923F0012802F60070C21137016810007085620888012202260C
:20ECAC000922840900704C41370F6884370F6890544F0070085B084FBBF0FFCF8580145074
:20ECCC000070481F370F68B4370F68C054FF007082100F50100037007000260F0070085A0F
:20ECEC000840BBF0FFBF85811450007082048F1000F1064F0FFB00500070481F370F68A48F
:20ED0C00370F68B054FF0070C58F000001F802E661004D0000700228370FEB928FFF01A156
:20ED2C00007091200028D92216F110220070C81F01F902F6D4FF00700228370FEBA28FFF33
:20ED4C0001910070C81F01FA02F6D4FF0070C58F000001F902F653A920F0D4FF007009DF0B
:20ED6C00770890CF0070481F570F6119482F570F61F90070C56F0AC001F900F6DA0014F07F
:20ED8C000070C81F01F402F6D4FF00706100190001FA00D60070856F088801F902F600703F
:20EDAC006100160001F902F60070D4EF14DF865F10FF007053CA23F061000E0000708200C3
:20EDCC0053A820F061000D0010FF007061000400C81F0070856F088801F802F600709120DD
:20EDEC0000F8D9FF16F1007002486D00194D61FF02FFDF20058085600880F60782743BA083
:20EE0C0000506D009C06DA0AEE1361FF91FE6E05827402F56D009306EE0B61FFA6FE7DF2E1
:20EE2C00088082743B8001506D008906DA18EE08821061FF5BFE5700212849F2400800905A
:20EE4C002008024F6D00EC4C61FF67FF61FF12FEDF20058085600880F60782543BA0005063
:20EE6C006D006D06DA0AEE2E61FFEAFD6E05825402F56D006406EE2653CA23B061FFB3FE33
:20EE8C0009F07008DF10080082543B7001506D005606DA17EE1761FF14FEF60782543B905D
:20EEAC0001506D004C06DA19EE0D61FF9CFE09F07108DF10088082543B6001506D003F06F1
:20EECC00DA16DF0F46816D00D47061FF1BFEF4AF820561FF67FFD4F2D4AF481FEE0548304C
:20EEEC004C2326F0760882543BB000506D0027063BB00050DF05408061FF5EFF61FF19FF44
:20EF0C00C82210220920EC08DF001F000921EE0861FFAFFE14F4DAFFBE4361FF95FE094F54
:20EF2C00D808260FEE05094FDA08261F6E0982543BB000506D0003063BB000503C1CB01FDE
:20EF4C00FD20EA7F3C1809FF5408DE25D4AF0920E80809FFD808260FEE0709FFDA080920A3
:20EF6C00EA08260F6E0882543BB000506D00E7053BB0005076531D007E7061FFCDFD49C23A
:20EF8C00040A57F0212A4922400849C2080ADA0057F0212A4922400849CF0C0A57F0212A16
:20EFAC0049F2400861FF14FE6D00F9056D0063700B9A104802866D00220561FF5EFE858FBC
:20EFCC000C5009D0770860FF8FA900F009DC840910F28F5020F010243B00D0F0494E004A77
:20EFEC006CE1DA010F0F00F0892F186909DFE808892F106909DFEA08892F146909DFEA08A4
:20F00C00892F387909DFEC086E1F6D00094C61FF45FE01290226A024D4224922150A0420F3
:20F02C00DAFFBE008FA020F010F509DFEC08895F106909DFEE08895F146909DFEE08895FA3
:20F04C003879FD40EE7F82014CD68582105009D07808A62F74EFDA8040CF3C0E8F0F4221F8
:20F06C00081FA6F2481F49FF080AA6F289E21009DA0061FF0FFE8BF01F203F21F17F01C155
:20F08C0003F696600810A6F0481FA6F089E010094CD96E036CE63C53CCD4BCFA61FFF8FC27
:20F0AC006D00D54C61FF6DFD6D00D14C3C1F09D48809BD041C0061FFF8FDEE0D6D00855822
:20F0CC000B8910486D00A35882160B8910486D0057583C0C6D005D570B8910486D007757A0
:20F0EC0082160B8910486D003057CCD5BCFA61FFCFFC6D00AC4C61FF44FD6D00A84C3C1F48
:20F10C0009D48C09BD041C0061FFCFFDEE0D6D005C580B8910486D007A5882160B8910489D
:20F12C006D002E583C0C6D0034570B8910486D004E5782160B8910486D0007574CD76CE1D3
:20F14C004CD96E0609EF5A08960189EF1A08009082296D00654B022861FF8CFCDF20058091
:20F16C0085600880F6083B0003403BA000506D00E604DA0AEE04856F3CA0AE0382093C19E1
:20F18C00820061FF29FEB04FA092D4F401400246544F6E0C858F0C508FA00010421F60F457
:20F1AC00094F43282E4382193C04C210FD20EF7F02920090404C82086D00324B022A8209FC
:20F1CC0076ADBCCD856F08887DCF0A80C56F0AC001FA00F614FF5E2F3C087CC43BE000905F
:20F1EC003C06056F0AC45E273BD00090820402956D00A504DF09BC80F6AE9120004F8204DE
:20F20C006D00AA4B912000FF54FFAE14A56C08883C028218DF08AC80DA00A09C61FF07FDB5
:20F22C0090FFD4F4BC4402F46D000503C21FFCC7DF0A41808200858F304060F27420858FB2
:20F24C003C4060F47440912000FF89F0382959F000A07B0000F859FF00C07B0010F089FF1D
:20F26C00203989F0005989F02459858F005089FF2059858F045060F57450858F085060FFB0
:20F28C00BB0000F874FF85660888D467547FB71F81F774FFD46F481F742FD46F482F744F28
:20F2AC00D46F483F745FC56F3CA05700212049F24008856F08888201A09401FA0226B0422A
:20F2CC00D42F01F102F6D4FFBD0F2A008FA100F085800C50D4FF42F0600554FF895F082915
:20F2EC00482F895F0429483F895F2029484F895F2429485F895F00393B0021F0895F00797D
:20F30C00DA00895F2069BF410480895F2469895F3069895F3469481F895F0029C211FD400F
:20F32C00D17F8201A09261FF82FC01F102F6D4FFBD0F12008FA100F085800C50D4FF42F0BD
:20F34C008B0008F060F4481F144037F002F0344F0D008004C211FD20E87F02A46D00F6037F
:20F36C00C56F0AC001FA00F6DA0234FF009002486D00564A856F0888BD0F1E0001F202F643
:20F38C00C81FBD0F1900FFA8178001F802F654FF6E1285800C508FA800F042F0600F09FF62
:20F3AC0048682E09DA0189FF18698205028402261D0066030090024F404C6D00314A61FF06
:20F3CC00BDFC61FF57FBDF20058085600880F60782443BA000506D00B203DA0AEE1261FF71
:20F3EC003CFB6E05824402F56D00A903EE0AA00F7DCF088082443B4001506D00A003DA1476
:20F40C00EE116D00366E61FF3CFBF619EE0882443BC000506D0093033BC0000076056D003D
:20F42C002A6EDA013C50D4EF14DF865F10FD61FF2AFC61FF89FCC82F10F401D900F64CD1C6
:20F44C0049FE1C0A570F61B94CD214E1570F61F90940740809457808DF1B0580EE03DA0102
:20F46C003C3001D902F640C5D4FF01F101F6820149FF3EFA40F23C080924C008A4540120FA
:20F48C00012661FF07FC3F51F9FF094FEC086E0A01C50166E2500BA8104801F001566D006B
:20F4AC001503DA0049DF080A57F0212949F2400849DF0C0A57F0212949F24008F6B234EFE3
:20F4CC006D00D96D02F20090024F404C6D00A84961FF23FC61FFCEFADF2005808560088016
:20F4EC00F6083BC000403BA000506D002803DA0AEE1461FFA5FA6E063BC0004002F56D000C
:20F50C001E03EE0BA00F7DCF09803BC000403B4001506D001403DA14EE1E6D00AA6D61FFD8
:20F52C0050FC01F900D661FFF1FB482F570F611A481F570F61FA1E13DF110A803BC00040F1
:20F54C003BB000506D00FB023BB00000020F6E056D00916D8212009061FF29FC01FA022654
:20F56C0001FA00F6DA00F42C89FF1C086D00836D820200908200856F08806E0F02013C17A6
:20F58C00856F088801F102F6481F6E10C56F0AC001F100F614FF1E2A3B1003403BA0005012
:20F5AC006D00CD023BA000003C04C211BF21EAFF760382120090858108508210601FDA1F47
:20F5CC005700212F49F24008DA01C56F3CA0820057F0212049F24008820200900B45108881
:20F5EC0085800C502008600D8FA800F0404C10DF8F5920F0F4AF10F23B00D00009CE84095B
:20F60C008920044985801050892000493B0010004CC83E0389F0302909CFEC086E216D0057
:20F62C00FF48856F088801F202F6C81F01F802F6D4FF61FF1EFB04F0DAFFBE008FA020F01A
:20F64C0010D409CFEC08894F106909CFEE08894F146909CFEE08894F3879FD20EE7F820A0D
:20F66C0009CB780802AC40EFD4A2081508260125022649FF080A592C0080D4A2012602261A
:20F68C00592C00A009CFEC0861FF24FB6E0402846D001A00C21A370A68A03FBAE7FFD4AFE8
:20F6AC00DA010F9F00F089FF186909CFE80889FF106909CFEA0889FF146909CFEA0889FFD2
:20F6CC0038790090024F0B5610886D00A948856F088801F202F6C81F90FFD4FF61FFC9FA5A
:20F6EC0004F1DAFFBE108FA1201085800C50DA00421060040148025601490246595F0080A6
:20F70C00594F00A0FD20EE7F009061FF1EFABBF0FF1F0940E80809FFD808C610260FACFC66
:20F72C000940EA0809FFDA08C610260FACFD094FEC086E1461FF67FA042F3BF00F003E0D9D
:20F74C0061FF6BFAC610260FACFC0940EE0809FFDA08C610260FACFDFC700090856F0888C8
:20F76C0054AF90FF61FF0FFB61FF83FA04F1DAFFBE108FA120F085800C5042F06004DA00F7
:20F78C00014502560147024659560080594F00A0FD20EE7F00900B451088027A53C923F00B
:20F7AC0061FF45FA01F802F6D4FFC82F10FC53AA20F0C58F000001FA02F6D4FF61FF54FA02
:20F7CC001420865001F000F6483F570F610909CF7008EE0409CF71086E0609CF7308EE2964
:20F7EC00DF102880DA0189FF170809CF7008EE0909CF7108EE06820540C46DFFF1FE3C0531
:20F80C00820540C46D00EE01DAFFACFA6D00316C028440C402A56DFF7AFF6D002C6CDA0077
:20F82C003709680049FF040A57F0212049F2400800900248858F0C508FA80000094A58087F
:20F84C00420F094D880960FC82093C7609DF7008DF1F6E804CD9EE6BCCD4BD0F150061FF20
:20F86C002BFA6002370FE2001601064F012002460FFC005082046D00EA4861FF8FF96D0023
:20F88C00E6483C20CCD2BD0F1E0061FF1CFAEE0E0BBC10486D0057540BBC10486D00285499
:20F8AC000BBC10486D00B3543C0D0BBC10486D0030530BBC10486D0010530BBC10486D00D6
:20F8CC008653CCD5BD0F150061FFF6F9600F370FE2001601064F01F002460FFC0050820455
:20F8EC006D00B54861FF5AF96D00B1483C20CCD3BD0F1E0061FFE7F9EE0E0BBC10486D00CC
:20F90C0022540BBC10486D00F3530BBC10486D007E543C0D0BBC10486D00FB520BBC1048F4
:20F92C006D00DB520BBC10486D005153C21949DD3C0A370968903FA98BFF40CFA0223B00F4
:20F94C00D0F089FF0449858F105089FF00497B00FCFF89FF184949FF200AFC22820089C007
:20F96C0000290D0080047B0000F86CC4820189C10429D9CF0080858F344089CF08293B00B0
:20F98C0010F089C1202989C1242989CF3029BB0000F889C1382989C1003989CF3079DA03C1
:20F9AC0089C134790B8F30F18F3F20208B82002064F061FF6FF93F21FDFFD9CF00A0A0F2FC
:20F9CC0064F0FC2FBBF0FF1F89C13879827289C2186989C1146989C0007989C0306989C064
:20F9EC00346989C020696E0689C1106989C024690090DAFF89CF106900900B4610888580C7
:20FA0C000C5020088FA800104210600C61FFC5F9C81F53C523F03B00100001F802F6D4FF12
:20FA2C00C822C81D102E4CE8CCE109EA78083E0389CF3029820B0815082709FF480053CF1C
:20FA4C0020F010D28F0701F0542601C50226A6F65926008001C70226DA00592F00A009EF34
:20FA6C00EC0861FF37F96E0574A902846DFF78FEC21B370B68B03FABE0FF00900B46108885
:20FA8C0061FF67F961FFF0F8142F865F10FC09CF5708EE1A09CAD40861FFDEF8012802F6D9
:20FAAC0002A5D4FFC82F10FF6D00320182060B8A104802976DFF71FE4CC4570F61FA5E14EE
:20FACC00D4FFBCF2DC0F009085620888024F09437408820609478409012502F60264A02CD9
:20FAEC00C8129022D4224922150A1420DAFF5F0F22008200017003F682120941EC08081F6C
:20FB0C000FF20020370270202621761D015401D6016601F609D1C0084234B4F18B1600101D
:20FB2C0037016860C21037006800094F78083FF0E3FFB012FDC0DB7F00900B4510683BB043
:20FB4C00074082051D009619C58F000001F40226C58F4C6001F400468200144F02016E1DE0
:20FB6C00D42F8F5120F0A005C506030010FFDAFFF4F589F01C08ACFA89FF1608DA0189FFF6
:20FB8C00170849F5040A6450FC6FA8C0A8D061FF81F8144F3FF1E6FF009061FFD6F709FFD9
:20FBAC00D8080940E808A60FACFC09FFDA080940EA08A60FACFD094FEC086E1261FF23F8F9
:20FBCC00042F3BF00F003E0B61FF27F8A60FACFC09FFDA080940EE08A60FACFDFC72009002
:20FBEC000B45108885800C50404C8FA8001042101B0010008F5920104210600F084FB70F6A
:20FC0C0002F02CF43B00D0F06CF109CF7008DF1F6A804CC96E057B00FCFF6CF63C63CCC4A7
:20FC2C00BD0F110061FF5DF860123700E2F0902461FF5EF86D000B4761FFBDF76D000747B3
:20FC4C003C20CCC2BD0F1E0061FF59F8EE0E0BAB10486D0078520BAB10486D0049520BAB06
:20FC6C0010486D00D4523C0D0BAB10486D0051510BAB10486D0031510BAB10486D00A751B7
:20FC8C00CCC5BD0F110061FF2CF8601F3700E2F090F461FF2DF86D00DA4661FF8CF76D00F8
:20FCAC00D6463C20CCC3BD0F1E0061FF28F8EE0E0BAB10486D0047520BAB10486D001852D2
:20FCCC000BAB10486D00A3523C0D0BAB10486D0020510BAB10486D0000510BAB10486D002C
:20FCEC007651858F38408F480000420F60FF01F902F66D00BE6954FFB71F81FC74FF6D0012
:20FD0C00BA690B89104840C41DFF6AFC8FA4001085800C5053A620F0C58F000001F602F652
:20FD2C004210D4FF6004025861FFFDF70124002653C823F01420865001F000C661FF7DF772
:20FD4C0001C80026C82F492D1C0A01C8022610F614DA09697408D4223A9ACC61AA0A09602E
:20FD6C007808012A01268205082140253C0F014102F619F700C0B70714F6B45F01590156AF
:20FD8C0061FF88F7C215370568503F05F2FF096FEC086E07E2900285012001466D001A00AF
:20FDAC00C21A370A68F034DF82103708681049CF080A5700212149F240087E9ADA013708EE
:20FDCC00680049CF0C0A57F0212049F24008009061FF33F753C523F0C822820549F6150A62
:20FDEC00A027102209247408092584090461DAFF5F1F270085800C508FA120104210600C38
:20FE0C008200015003F682130922EC08081F08210FF30030370370302632762B01C102D667
:20FE2C00014501F619D100C04245B70114F6B4FFC21037006800092F78083FF0E4FFFD702B
:20FE4C00D77F00900D00000382041DFF92FA0D0000033B8000401DFF8CFA61000500C81F78
:20FE6C0054FF0070910000F8D9FF8CA210FF00704DC0E1FF1607EE0682046D004B006D00FC
:20FE8C00A20092146D0046001D005B0053C420F061FFE5FF8F0F1F2076694252BBC0FFFFAF
:20FEAC00A2F2BBF0FFFF0BF290210090024F02546D002A0053CF20F061FFD1FF6F7F13001A
:20FECC008F1200008FF21FF08F521F10C61F8F421F10C61F8F321F10C61F1601A6F0B700D2
:20FEEC001227009053C420F061FFB9FF2E8954FF82F08F0F1FF0C60FB70F102800908F05CE
:20FF0C001F20009006E4B70412F78FFF8321009002480D004003820502566D006C0053C829
:20FF2C0020F061FFA1FFC82F0284DA0874FF7723005882166D005F000D00000300900D00D0
:20FF4C0040038214820502566D005500911000F7D9FFF02980FF6E0E0D008004911000F76E
:20FF6C00D9FFF02980FFCD8FE20F0D00C0040D00C004912001F8D9FF000880FF6E090D0089
:20FF8C008004CD4FE20F0D00C0040D00C004911001F8D9FF000680FF6E0CB70F9306F60953
:20FFAC000D008004CD0FE20F0D00C0040D00C00482147723005802466D001D000D000003CB
:20FFCC0000900D0040038214820502566D001300858F1C50821460FF7723005854FF02463E
:14FFEC00B70F06F0961574FF6D0005000D00000300900B45C5
:02000004800179
:2000000010A8026E53CA20F061FF34FFD4FF54F902956DFF53FF02280BA910486DFF6AFF78
:20002000022F02946DFF76FF372C10C082008F001F00B70C10C80BAB104802E6370D10D000
:200040006DFF2CFF370C70108F0F01F00628A68F06218F1F40018F0201F0A61F76E3960305
:200060003C089602372C10C88F021F20372D10D074F00BCD102854F074FF54FF00908214B1
:200080008565149002461DFFBCFF8214820502566DFFB7FF25631698A562129000906DFF41
:2000A000EFFE6D07CBFF6D07CDFF6D00271C3C003BA00240820500708207056F0DC4007097
:2000C0008208056F0DC4EE0382183C0F764382483C0CBF55048082583C08825625650CC0CC
:2000E000821502476D007400768761FFE3FF825602871D00C516009061FFE0FFEE0382174E
:200100003C07764382473C048B3560F2EA57767761FFD0FF3BE000601D00B2160090DA00A1
:20012000256F0DC06D079AFF256F0EC01D079AFF61FFC4FFEE0382173C32DA325F4F30002D
:20014000DA335F4F2D00DA505F4F2A00DA405F4F2700DA445F4F2400DA105F4F2100DA1132
:20016000BE4EDA12BE4CDA20BE4ADA30BE48DA21BE46DA22BE44DA23BE42DA24BE40DA2576
:200180003E4EDA263E4CDA493E4ADA4D3E48DA4E3E46DA903E448B0408F2EA57767761FF42
:2001A00089FF3BF000601D006B16009061FF86FFEE0382173C048B7560F2EA57767761FF6F
:2001C00079FF3B0001601D005B1600900B4510880B6710A8821CFF2932806D073FFF056D3F
:2001E0000FC4F6D3256C0FC0C56F0EC001F800F63C1A14FFEE05256C10C034FC3C105E2457
:20020000823034F03C0C6D072DFF61FF53FF3B000A7002A66D0034166D0720FFC218B01F1E
:20022000370868803F98E7FF6D071CFFF6D702B46D007200DA00256F0FC000908208056F1E
:2002400011C40289EE043B1008903C2F056F0DC46E043B0008903C29DA01256F0FC0256844
:2002600010C0C56F3C50A06224F8FC2F910000F8D9FF80B2A022081FC5641890104449FFBC
:20028000080A3448FC29858F1808DA01256F0DC0028425680CC025680EC02D0F000002843F
:2002A0006D003A0025680FC076980B89106802853BA002401D00E4150090DA00256F11C098
:2002C00000908208056F0DC4EE0382183C156D07C5FE056F0FC4EE04821025600FC06D0719
:2002E000C1FEEE0482046D001700EE0682046D001300256F0FC0768761FFDCFE823682175E
:200300001D00BE150090DA00256F0DC0DA01256F11C00090024A821B02B8820C02C96D07E2
:200320009DFE3C43820805600EC4256C10C0DF102480C58C4E60A02D04CF910000F8D9FFEE
:2003400080B2D0FFC81F02A42D0F0000FF720A80C56F3C5001F200F614FFEE03822934FB51
:20036000FDD0EC7FDF290680DA02824982183C02DA00256F0EC0DF081900C56F3C509100AB
:2003800000C8D9CCA4A2A06D14FF5E1CDAFF34FF6D0768FED4C202A42D0200006D075EFEEF
:2003A00034FCB01FB04CFCD17684056F10C4EEBB6D0758FEDF490B806D0750FE056F0EC405
:2003C000056010C45E24DA003C0500905E338210020F256010C0256F0EC01D0743FE8204E1
:2003E0006D00D70E8202009082046D00DB0E8202009082046D002B0F820200908204024599
:200400006D00F20E8202009082146D00200F82020090821482056D00E70E82020090A004DE
:200420006D002615A0046D00A310A0046D00101AA0046D004205A0046D005309A0046D003F
:20044000BA0EA0046D002A6AA0046D002D0D6D005A606D00FB7CA0046D0006106D007510C0
:20046000820200901DFFDDFF827205600CC4056F189476051E17DA0182223C046E03DA006D
:200480008212256F18900090827205600CC4C56F1A9014FFDF2006801E17DA0182623C0429
:2004A0006E03DA00825234FF0090827205600CC4C56F199014FFDF2006801E17DA018242E8
:2004C0003C046E03DA00823234FF009061000A0009FF58080070910000F8D9FF94C20070B0
:2004E000910000F6D9FF2CA100703B0005408205007054CF60FF09FF105900701B8F11F0DB
:2005000060FF54FF0070C250DA0A4BF01102007053C420F0910000F8D9FFB0C210FF00708C
:2005200082053B000660007014FFC56F1C9090FFDAFFB4FF00702070820334A489A3010883
:2005400091000068D96694C2546060021B801AF078061B401AF07807092F65689100002832
:200560008FFF0311058F166419208CD2C5825160102289A128181422912000288B82002064
:20058000D9222AF1E221421089A01409D80554FF7808481F78095809370F64F81024144087
:2005A000DF00110001A3024609A59409015302F6C213482F370368306C4A8F2320F03F0FE4
:2005C000F37F49AF200AF80149AF280AF80209AF6608160F102F14FF89AF100858088FEF9F
:2005E0001EF0B70F95F5ACA709A02409EF500500B71F01F7ACA75809EF5F068009AF5008CA
:20060000FF9F128014A40C6A3FF405800C683FF4048082283C1509A0500861FF7BFF087F3C
:200620007F0F048082383C0C89A40C0809A5CE0809A6500809A488096D0061088208D8075D
:2006400054FF167F6E07D80609AF6818163F74FF3C083B00054061FF65FF82476D0010147D
:20066000768761FF44FF0B4810681D0009140090910000C8D9CC94C254C182082008601FAB
:200680007B00200009F21059EF921A0009F204596F721600910000F6D9FF3CA114FF1E13F1
:2006A000821134F154C1601F89F0105954C1601F09FF1059EF9FF8FF821A3C02028A09FF14
:2006C00010597B200090EF1F1C003B00054002853B3005603B3001706D00D21354CF61FFD4
:2006E0000FFF2E2654FF821AB70F01F174FF54CF60FF89F9105961FFFEFEEF1FFAFF02AFFD
:200700006E5B61FFEFFE49FD130A14DFEE556D009D7BDA0134DF3B900040820502566D0060
:20072000F1020229DF19330049FD3A0A820440D46D089C033B900040820502566D00E202FD
:20074000820A54DF0229780102AB49A4040A02A440A56D08BB04F62854A061FFD6FEFFA0EA
:200760000680821B3C033B1001A076A83B00054061FFD8FE02A76D00831302BF6E03DF1981
:20078000DBFF820440D46D087103DF390A80DA0989FF1708DA0089FF110889FF190809FFA4
:2007A0005608160C960289FF16086D004F7B05845B646D00FD0654C0DA00600F09F01059CD
:2007C0006F300D003BC00C0054CF60FF89F0105961FF91FE16CCEEF9DA01AA7861FF8BFE64
:2007E0002E3B3BC00C0054CF60FF89F0105961FF82FE16CCEEF9768861FF79FE3B300560D7
:2008000002871D003D1300908207056F3554202889A70408DF0F840191000056D9552CA1F3
:200820004952140A142FB4AF4956160A146F91000078160C346FD97794C2547F60F4094F24
:20084000145989AF0A0989A71A09DA0189A79808894F1849547F1B8F11F060F4544F6F0FB6
:20086000FF7FDA03744F547F1B8F11F060F4544F6F1FFF7F544FB70F8107142FC5825D60A1
:200880001022142F6E04B73002F43C03B70002F4744F0270497C090A547F60F2858F2050F2
:2008A000892F1059C5820A60547F60FF89F0144909AFC00854719022601F542189F10C49A4
:2008C000C5821C6050225471601F0921C00889F10859C582026090225471542F601F89FF28
:2008E0001C49547F60FF89F02049547F60FF89F02449547F60FF89F02849547F60FF89F0A0
:200900002C49547F60FF09FF005989AF1A09058F5C6489FF0069547F60FF858F1E6089FFE3
:200920001069910000F8547FD9FF88C260F2088F892F2C69C5821660058F186405801764BD
:200940008F8F00F00640A60F1420A60F54706004894F3C69547F1B0F1AF060F414CF6E0351
:2009600054FF3C02027F744F0270547F60F489403069547F60F4481F894F0079547F60FF96
:20098000092F430489FF0879547F60FF89F0307989A0060989A00E098580245014CF8B0F0D
:2009A00020F2A6F06E038F80400189A006090C766E06547F60FF027F59FF0880547F60FFDB
:2009C000058F5B646CF5547F60FF058F5B646CF6547F60FF027F6CF85470600F6CF9547009
:2009E000600F6CFA5470600F6CFB5470600F6CFC5470600F09705208B710010589F0001988
:200A0000C58C0E6005801164C58F126001F002F6F80589AF1A0940CF09FF41046E1B09AF79
:200A2000D808910000488F2F002009AD940909A01A09194194D201D002D64221601454D19B
:200A4000C21F7441C210ACAC89A01A0914FF3FF0E8FF821089A00408910000480C7D2CA26A
:200A600053CF20F0D944B0C2104F083F2CA361FF5DFD142F910000F819F2A0D2C58F516038
:200A800010FF09A1430814FF0F1000008B8F00F0E21F42F289A22009027FD8086CF189A0A6
:200AA0000E090C7A53CF2000014000F6097048083C07C21F0831370F68F049FF0C0A3F0FB0
:200AC000FAFF89A103082CA2DA012CA4547F14C060FF09AFD8088F0F01F0A60F89FF046998
:200AE000547009AF0E09600F89FF20795470600F89FF247909A006097450547F1B4F15F0BD
:200B000060FF146F2E2509AF0A0974FF3C0274F0DA012CA4146F9604346F3C028257767652
:200B200061FFE5FC82266D00AB1109A2440800902048820934A489A9010889A6020861FF7D
:200B4000CCFC08DF3FF4058008BF3FF4048082293C2961FFDFFC14FF2CA38210910000F66A
:200B60000F600080D9FF38A154F02680F6093B00054061FFD7FC3B600A706D0081116D07B1
:200B80006DFA82F054FFC608268F74FF6D076AFA0CA3C56F1C9090FFDAFF0824B4FF6D0018
:200BA000C007769861FFA3FC3B10056002971D0067110090910000C8D9CC94C254CF60F22A
:200BC00009281059092F1459268F2E3F6DFF52FD3BC00C0054CF60F28920105954CF60F2F6
:200BE000092F105916CCEEF754CF82091B4F15F060FF7B0020A054FF268FEF9F0D006DFFC7
:200C000039FD54CF60FF89FA105961FF74FCEF9FFAFF3C1354FF7B2000A026F8EF180D00CA
:200C20006DFF28FD54CF60FF89FA105961FF63FCEF1FFAFF3C028219029F6E6254C03B0056
:200C40002010600F1B40150009FF1059600F54F0260F6F9F2F0054CF60FF89F1105961FF2A
:200C60004AFC6F9FFAFF821882093C1A05805B64910000F84290D9FF58D401F002F65420AC
:200C800008242680760B54C0600F09F0187926807605820502966DFF4DFFC2190618DA2009
:200CA0007FF90880910000F6D9F238A1542FEEDF910000F619F02CA1DA016F00220054C0DC
:200CC0001B001500600F54F06F001B0054F06F00180054C0600F89FF105954C0600F09F0EC
:200CE00010596F00F8FF3C0609C44A0882056DFF24FC54CF60FF09FF6468167FEEF6009052
:200D0000024802648202DF385F00DF483800DF581400DF680800DA095F8F3100DA0A5F8F5C
:200D2000C58061FFD5FB7E8409FF55081E356DFF6DFDDF12BB80821261FFCFFB54F01B80E5
:200D40001100600254206F00B100542FB70F01F2742F54FF1B8F11F060F2542FB70F01F023
:200D6000742F54FF1B8F11F060FF54FF6F0FFFFF54FF1601AA321D00990061FFA9FB7E84A2
:200D800009FF55081E356DFF41FDDF12828061FFA4FB54FF60F2092F18496F0F138082FF2F
:200DA000892F147954FF1B8F11F060F2542F9601742F54FF60FF09FF1849AE0382323C68BD
:200DC00082123C6691000058D95594C2545F1B8F1100600F54F06F00118060FF82FF89FFE7
:200DE0001479545F61FF8CFB960174FF545F61FF87FBAE0382323C028212DF125780545F7B
:200E000060FF09F0005961FF7BFB960274FF61FF69FBDA006CF354501BC01CF060F2542FE3
:200E20006E056004542F894F1479545F1B8F11F060F209FF5408C58F5D6010FF14FF6E122C
:200E40005E16542FB73F02F4742F3C18542FB70F02F4742F545F61FF53FB8F0F50F174FF23
:200E60003C0D542FB70F02F4742F3C08545F60FF09FF6568163F89FF2869545F60FF09FF94
:200E80006468167FEEF4858F205089FF1059910000F839FFA1C253CF20F0910000F8D9FFE3
:200EA000B0C210FF61FF42FB61FF1CFB89F8180889F2150800908208056035542010DF004D
:200EC000AA80028F256F2AC06DFFE1F8C582066054208209600F7B0000FC74F95420600FB2
:200EE0006CFC5420858F2850600F6CFCDAFF5420600F6CFC542F60FF68D9542F60FF89F908
:200F00000019542F60FF89F904196DFFBAF8910000F8D9FF88D24840485F600FA20F06EF1A
:200F200082013C05C21164F9370170103FF1FCFF82442564355061FFD5FA820049FE160AEE
:200F400034E049F2170ADA1089A28809821589FF170849FD110A34D549FC190A34C089F0FE
:200F6000130889F0120889F010086839DAFF74F989FF180889FF150891000028058F5E64EF
:200F800039209BC20256420F89FF14086DFFBAFE0229DF19320049FF3A0A820440F46D071B
:200FA00065FF8244821502566DFFACFE820A54FF0229780102AB49A4040A02A440A56D08D7
:200FC0008500F62854A061FFA0FAFFA00680821B3C033B1001A076A83B00054061FFA2FAF9
:200FE00002A76D004D0F02BF6E03DF19DCFF820440F46D073BFFDF390880D802DA0434FF87
:20100000DA0134DF34CF029F5E1514EF960234EF3C028268768761FF6AFA0B5810681D002C
:201020002F0F0090DA00256F35500090820A056F3554EE03825A3C446D00087761FF52FAF1
:2010400049FC160A14CFAE23825A3C3849FD170ADA1014D809F5510809F659085F8F2F0016
:2010600002846DFF4FFE0229DF380900DF480700DF581300DA0ABE803C21DF19208014CF74
:201080008215160C960234CFDA1034DF05845B646D00AF023C13DF190D8014CF8225160C19
:2010A000960134CFDA1034DF05845B646D00A102DF190580DA0089FF13086D00C77676A87F
:2010C00061FF15FA3BC0006002A71D00D90E00908207056F3554EE0382573C06056F2AC415
:2010E000EE03256F2AC0767761FF01FA3B8000601D00C60E00908209056F35540258200893
:201100000B9910A86E09910000D6D9DD2CA149DE160A14EFAE24825A1D00CC008F2F000172
:20112000F602768AF606AE75DF380700DF2805002E76DF180580826A1D00BC006D00867620
:201140007689DF185A00DF28A400DF3858001D00AE0049DF130ADA0A14F08205AB5F80809C
:20116000028402566DFFCEFD022BDF1B320049DC3A0A820440C46D0779FE820502560284BE
:201180006DFFC0FD820C54CF022B780102CD49A4040A02C440A56D0799FFF62854A061FFDC
:2011A000B4F9FFA00680821D3C033B1001C076C83B00054061FFB6F902C76D00610E02DF20
:2011C0006E03DF1BDCFF820440C46D074FFEDF3B098089D81708DA0089DF110889DF190877
:2011E000DF1B0480820034F0DF1B628014EF8225160C96013C5282083C028218823482065E
:2012000002856DFF7FFD022BDF1B320049DF3A0A820440F46D072AFE8234820602856DFF13
:2012200071FD820C54FF022B780102CD49A4040A02C440A56D074AFFF62854A061FF65F9B7
:20124000FFA00680821D3C033B1001C076C83B00054061FF67F902C76D00120E02DF6E0359
:20126000DF1BDCFF820440F46D0700FEDF3B0A80DA0389DF170889D81108DA0089DF190888
:20128000DF1B168014EF8215160C96023C0614EF821B160C9680823534EFDA1089DF170805
:2012A00005845B646D00A5013C02826A6D00CE75AB19A09B76A761FF1AF9823602A76D009C
:2012C000DF0D029200908207056F35540278404F20306E0AFF24178091000056D9552CA10B
:2012E000095F5608AE2482571D00F40053C420F091000068D966B0C210620C261E261E5540
:201300001E6482271D00E600BD0F1C00481FEE03082FEE170820BF900980095F5408C58416
:201320005D601044144F6E040C277F0F058082371D00D00009F0C0083B0080F3260F6E04C5
:2013400082171D00C700095F53086E0482081D00C10034A408210C232CA289A09C0889A17E
:201360001E08C81289A2A009088F89AF2408FF910C80095F5408C5825D601022142FEE0453
:20138000B70095F5ACAEDA00780509A2DC086FE20E00095F5408C5825D60102F3B00020029
:2013A00014FF5E15DA1078053C028200912000F889A01009D9FF3AF101F1002689A1180830
:2013C000912000F8142FD9FF2AF1160F10FF53C420F014F0106F89A019088204082F89AF11
:2013E0001A0889A40108821814FFC56F1C9090FF2CA3DAFF09F0C0085F0F6B80028009AF7D
:2014000064082CF2B4F0C58F5160058F196409A5420810FF14F0910000F88B80000019F3DD
:20142000A0D203050AF3780A8F220100142F7BC0FF21160F7802262089A0040909A2A809EC
:20144000742058028F0F010058048F0F01F0A6F058058F0F01F0A6F089200409D808BD0F9A
:201460002A00F803024009A359080242DF0323008F3000F110AF49FF2C0A7F10088009A4FE
:201480008C0901400046144F3C0309AF5A08C21034FF370068008F3000F1EEEB012202F62C
:2014A000C212580B370268206CF28F2220F03F3FE17F910000F819FF94C2028060FF0F5000
:2014C000000089F010794C53A60F6C533C028228767661FF0CF882666D00D20C0282009078
:2014E00034FFC58F2E5001F002F66100240014FF007061001B0001F403F60070610020009B
:2015000009FF41040070910000F8D9FFB8B201F803F60070610006003B40016002870070A5
:201520003BC0034082050070910000F8D9FF98B2007014FFC56F12C010FF0070081FC56F68
:20154000209050FF00706D0789F505802D54C58F5B6001F0005605812C543C25045F61FFA4
:20156000E5FFD0FF0852084FDF121D80C58F2E5090FF0832C5825E60012200263C0C042F15
:20158000C58432509044C2120C41C56420905044DA002C41081F3FF2F4FF61FFCCFFDA0087
:2015A00034FFC2103F10DCFF1D075CF5DA00858F1C087643DA0E3C13056014B4760F82351C
:2015C0006D0096018210256014B082046DFFBDFFBCF682042D0F00003C02DA1E6E0861FFFE
:2015E000A1FF3B60016002F71D004A0C0090820876443BE000803C22056F14B4EE043BE0CD
:2016000001803C1CDF150700DF250C00DF350D003C0E92E037006800FF200A80DA013C07A3
:201620005E16DA023C041E125E32DA03858F2408256F14B0BCF32D0F0000768861FF72FF2B
:201640003B70016002871D001B0C00902008820861FF51FF14FFEE1C056F14B4EE043BE059
:2016600001803C29DF2F2880056F15B41E341E13DF5F2280C58F280001F503F6086F7FF6D7
:2016800005803BD003803C17085FBF2F05803BD002803C1191000028D922A8B2D0220C2400
:2016A0005E1AF4A489A60408D422BC25084440A42D020000768561FF2FFF1D00E10B009087
:2016C000910000F8D9FFB8B201F403F6086F0824C58F300090FFD4FFBCF2DC0F0090820419
:2016E0006DFF33FFDA01256F14B0DA00256F15B00090DA00256F14B0009082087C453B40CE
:2017000001801D009400BBF0FF0B26503BF07F107F0106803BA000801D0089003B0000145C
:2017200026158F253FF0C58F596010FF14F17F6105803BB000803C7ABF2405803BC0008001
:201740003C753701101061FFD6FE082F37F10818370168383BF00F505F536900086FDF1FDB
:201760005E00EE5EC58F280001F3032682110922C2083B0000726FD216803C10092FC008CE
:201780007E0302353C04092FC2082EE382013C0A8BF31F20B082370268300922C2086FD27F
:2017A000EF7FDF01400001F303263B000096BBF0FF293C18092FC0082ED80921C208260165
:2017C000B71181167E1B3C083FF009800921C20826213F01048002353C0AC2F3B082370378
:2017E0006830092FC208269F5F7FE67F01F303F609F1C2080F9180F0FE9509F2C0086FD2EF
:2018000007002601B71181F67E2D3C083F200B80BBF0FFF926F13F01068002353C033BD081
:201820000280DAFF3E536DFF13FF768561FF74FE1D00260B00900258821A820976443BF02D
:2018400000903C4CC56F14B014FFEE043BE001903C456D00FB72DF180700DF281B00DF3835
:2018600022003C3314FF9E131E258235DF3F35803C26820402A56DFF40FCDF122E808210DE
:20188000256015B082046DFF60FE3C1682153C1714F0C2F037006800FF201F808204024592
:2018A0003C0F14FF1E131E3A3C17820482256DFF24FCDF121280820A3C0F822582046DFF42
:2018C0001CFC8B1220A23C0861FF2CFE82363B5001706D00D50A6D00B972769761FF22FE9E
:2018E000823602976D00CC0A02A2009002588219820A76443BF000A03C37056F14B4EE0479
:201900003BE001A03C31BF7805803B6001A03C2CDF2F2B8082096D07A1F3C56C15B014C028
:20192000912000F8537020F0D9FF7B0110F2DAFF012800261421BE167685DF380400DF6847
:201940000A80C2E0370068F0FF2F058082046DFFFCFD14CF537F20F010FF01F800F614FF58
:2019600034CF6D077FF376A861FFDCFD3B90006002A76D00850A029200900248404C8219C2
:201980002010820ABF2806803B2003A01D00C000910000D8D9DDB8B201D803F6084F7CC550
:2019A0003B4001A01D00B400C56214B05022142FEE053BE001A01D00AB00DF2FA6800C21C2
:2019C0001E33DF2F9C806D0749F30CC42CA2820008717FF10880083F6E0489A102083C0220
:2019E0008210DF00878009FFC008B4AF028FD4CFF801D0DF89A8080840A408546DFF65FC12
:201A0000DF22518009A04808910000C801D003F6D9CC98B2085F3BF00F10D0CF8208084FB8
:201A20005F1F380009A584097C560CA26E043B4001803C2F085FDF1F2D80C58E325001E094
:201A400002F6082FC5823A50902209A442080C213F4F1E8061FF74FD34F4910000F60C22D6
:201A6000D9FF406110F46D00E17A0CA8D0DF085001C003F6084090EF61FF42FDEE06DA0177
:201A800061FF30FDC21F34FF82093C033BB00080DF08320061FF46FD825602876D00F009ED
:201AA0003C2ADF02290009A048089100002801D003F6D92298B2085FD02F085FDE180841E9
:201AC000C58F325001F002F6C5622090081F502F09FF41045E1CDA0034FFC58F2E5001F132
:201AE00002F661FF28FD14FFC2FF34FF82093C033BA005A06D07B6F23C0A1E425E56820917
:201B00006DFFE0FD3C045E133B6004A076A761FF09FD825602A76D00B309029200900248F1
:201B20008209BF2805803BD000903C2261FFEDFC084FC56214B05022142FEE043BE00190D7
:201B40003C17DE260C211E32DE23085A61FFEEFC01FA03F60840DAFF3E086D077FF202A41E
:201B60006D006E006D077EF202846DFFABFD769861FFD8FC3B30016002971D00810900902E
:201B8000024820108219820ABF2805803B2003A03C4C61FFBAFC40FC09C44504910000D8E1
:201BA000D9DD98B201D403E609E04504DF101D8009F0C008B4A0C58F325001F802F6081FA6
:201BC000C56220905022142F2CA2082FC58F3A5090FF082F910000F6D9FF406110FFF801C8
:201BE00089A808083C05DA00B4AF3BD002A040A46DFF6BFBDF12148014EFDE1314CFD0DFB8
:201C00000840C58F325001F802F661FF79FC5E19DA0061FF67FCC2FF34FF3C03DF22048014
:201C200082093C033B5003A076A861FF7BFC3BA00F6002A76D00240902920090821261FF12
:201C40005AFC0850084FDF102280C58F2E5090F2142FC56F12C010FF14FF6E180C21C58F28
:201C60005E6092F001F000463C0E1444C58F325001F402F661FF64FC081F6E031DFF82FF93
:201C8000C2F0B0F40C237FF0F2FF0090910000F6D9FF8C9100703BC0084082050070404F1A
:201CA00008BFFE57DA012CFB08D508CF3E5528C582046DFF07F2085F08607E03087F5E1999
:201CC00082042874086F89FF050440F41D00160300908208056F36541E3382183C2D76434B
:201CE00082483C2A61FFD4FF49F20E0A1420DAFF7FF00480C2103420DA012CFF6D07AEF1EF
:201D000049F2090A1420DA113E03DA107E0E823028D0DA012CF6DA00B4FF342049F20B0AC7
:201D2000142F5E13DA04342F6D079CF1820440F482456DFFB6FF768761FFAFFF82460287AF
:201D40001D009E0800900258056F36548209EE0382193C54764382493C516D00777061FF6C
:201D600097FF49FC090A14C0DF180C80DF200580823034C03C1DDA225F0F3480DA233C172D
:201D8000DF380980DA235F0F2D8040F46D006E013C28DF302780DF282580DA002CFA40F283
:201DA000092F4404167F342FEE05DA6034CFDA003C1749FD0E0A14DFEE06820440F46D00E2
:201DC00026003C0F820482356DFF92FDDA1434CF3BC0120014DF8B5FA0F2AB4086FFB4FFCA
:201DE00049F20B0A142F5E13DA07342F6D002E70820440F482756DFF54FF769761FF4DFF67
:201E0000827602971D003C080090404F084FDE282CF408F0F60D82042CFD82552CF66DFF25
:201E200067FDDA112CF93B401FF0B4FF0090DA032CFD821028608200B4F02CF900908204E0
:201E40001D000200DA01404F82042CFD82252CF66DFF4EFD820482356DFF4AFD084F167FEE
:201E60002CF4DA202CF9DA00B4FF2CFE00908207056F365482181E3302873C0D7C43822730
:201E80003C0A764382373C078208910000F639FF9191344F767661FF00FF82366D00F007F2
:201EA000028200906D00F000056F3654DE13DA02256F365091000046D9448C91494F0B0A0E
:201EC000820434F46D007D00DA0134FFDA03256F36500090DA00256F36500090056F365453
:201EE000DE3361FFD5FE40FD09DF440449FC090A09F0C00814C15E293B0002207F12068048
:201F0000820082213C0C0090EE0ADA203F1F0880820028D03B20021089F0110834C1B4F0DA
:201F20006D00946F49F20B0A142F5E13DA05342F49FE0F0A14EF5E1B14C0DA207E08820435
:201F400082256DFF7AFCDA002CFE34EF49FE0A0A14EFBFBF138061FFA0FE82563BA0007041
:201F60006D008E07DA0034EF2CFDB4FF3B20020034C089FF110834DF09FFC0086E0CC2FF76
:201F8000B4FFEE0914C0DA113E06DA143E0414EFC21F34EF6D005A6F6D00586F09FFC00823
:201FA000EE0814CF160F6E05820440F46D0009006D004C6F8204825540F41DFF72FE8209B0
:201FC000404F029A0898DA0AB4FF089FDF2F37001E3B3B100100BE0D3B400100BE053B3099
:201FE00002003E0D3C1D822502946DFF26FC022A089F1E33820A02F828F93C2682350294F6
:202000006DFF1BFC3C20029440F46DFF00FF3C06DA102CF928E9DA00B4FF08983C15DA22D0
:202020002CF96D00136F08FF5E17822502946DFF04FC28E928F96D00096F821502946DFFB7
:20204000FCFB28E9022A76A6DA00B4FF08AFC21F2CFA0890DA407E05820A28A9B4FA089805
:20206000089F5F8FB1FF0090820089400A080C44167F2C44DA402C49B44089400608DA01A4
:202080002C470090056F3654EE1961FF01FE2CFA2CFE2CFFBBF0FF0FA8102CF42CF52CF68A
:2020A000821028B02CFC2CF7B4FF3B20021028912560365089FF11082CFD0090025805606E
:2020C00036548209821ADF30040002A93C44764382393C417685DF280400DF180C80DF18A0
:2020E0000D80910000F639F095913B0002107F0105803B8000903C2F61FFCAFD820A40F290
:20210000092044045F80280034286D07A7EFDF280E80089F3B0002003E043B0006007E0661
:20212000820440F46DFF73FE3C09DF280800089F2E45820440F46DFF87FE49F20B0A142F5C
:202140005E13DA02342F6D078DEF820440F482256DFFA7FD769761FFA0FD822602976D00B6
:202160008F0602A200901DFF27F53B200340820500708207056F3044EE0382273C048B24CF
:2021800060F2EA1700708208056F3044007061FFF2FF767661FFEBFF82561D007106009017
:2021A00061FFE9FF767661FFE2FF82661D006806009061FFEAFFAA486D0026046D002D0437
:2021C0006D0094026D005504821625663040768661FFCDFF02871D0053060090DA00256F7E
:2021E000304000900258056F30448209EE0382293C25BF24048082193C21910000F8D9FF55
:2022000090F201F403F68B1400B014FAC56F06C001FA00F63C1114FFEE0BDA0234FF0BA8EB
:2022200010486D0036030BA810486D006703C21AB01F370A68A03FBAF0FF769761FF97FFDF
:20224000823602971D001C06009061FF9EFFEE0382283C07BF24048082183C036D006B0269
:20226000768761FF84FF824602871D000906009061FF8BFFEE0382283C0D764382183C0A0A
:20228000BC45544FEE050C446E0382383C036D006503768861FF6BFF3B20046002871D00EB
:2022A000EF05009061FF71FFEE0382283C07BF54048082183C036D008303768861FF57FFD5
:2022C0003B00046002871D00DB0500908207056F1BC48218007061000D003B0006600070E4
:2022E0003B000170825800708207056F1BC400703BC00040820500708208056F1BC4EE049B
:202300003B0001803C10F645BC441440BF30048082283C09056F18C43E06256018C014457A
:202320006DFFECEE768861FFE5FF3B30036002871D00A6050090404FDA0034FF6D078EEEDA
:202340008208056F1CC46E048228DA0134FF7684056F17C45E23056817C46D0783EE0282FA
:20236000009061FFC3FFEE043B0001703C06764382273C03256519C0767761FFBBFF3B5035
:2023800003601D007D0500908208056F1BC4EE043B0001803C0A056F16C4EE07256F1BC028
:2023A000256F1AC06D008900768761FFA3FF822602871D006505009061FF98FFEE043B004E
:2023C00001703C0C764382273C09056F16C4056017C41602EA20256017C0767761FF8AFFBB
:2023E0003BA002601D004C05009061FF71FFEE0461FF78FF3C1CF6427C4382273C18056F49
:2024000016C4344F056F16C4EE118200056F17C4EE06020F3C07056F1CC46E0382103C0363
:20242000DA016EFA7603DA01344F8208767761FF61FF3B9003606D002305028200908207EB
:20244000DA017C4382273C07056F1BC48B0F20F2344FDA00767661FF4DFF82366D001005C8
:2024600002F200908207056F37541E143B8000703C1C056F1AC45E1382673C17058F5B6449
:20248000256F0C90DA00256F0E98256F1090256F19C0256F18C0256F16C0256F17C0256F82
:2024A0001CC0DA01256F1AC0767661FF23FF82161D00E6040090DA00256F3750009082084B
:2024C000056F1BC420086E39764382283C366D00BD6C820440A46DFF30FF0229C56C16C038
:2024E00014CF53592000912000F8D9FF651101F000F610FF14FAFF5F1C80FF5A1A805E17D0
:20250000BF2A0680056019C4AB198090BE92534A2100910000F8D9FFACD201F000F690FFD3
:20252000D4FF82042D0F000034CA02AF3C0202F95F9FD9FF6D008A6C768661FFCEFE028734
:202540001D009E0400908200056F1AC425601BC0BA1FEA10F605DA01256F1BC0009061FFF0
:20256000C9FE3B30066082171D008A04DA00256F1AC0256F1BC0DA01256F375000900258E8
:20258000056F1BC48209821AEE053B000190825A3C14F6447685DF28040082293C0E820A15
:2025A0006D075CED056F1CC4F68316FE3C029601256F1CC06D0756ED769761FF9BFE8256A3
:2025C00002976D005D0402A20090C56F17C001F400F6822534F5C58F380001F403F6C81F39
:2025E0002D0F0000DF12078061FF77FE82371D004704009061FF71FE82471D004104C56F73
:2026000016C001F400F6DA0034FF009082041DFF58FF3BF00F3061000500EA033A3F0070BD
:20262000536420F0910000F8D9FF58F410FF081F0070820054A802010202F65461FFEBFF67
:20264000AA10767461FFE7FFAA117603AB12A021762E61FFE7FFEE0BC5825B6001280026AA
:20266000C56F08C001F600F6142F34FF0090536420F0910000F8D9FF820410FF0834DF048F
:202680001200085F3BF00F003E0D910000F6D9FF9CE110F4912000F8D9FF7E1110F51D002A
:2026A000C5740090536420F0910000F8D9FF58F410FF8F740001081F8202EE0F084F325049
:2026C00014418B8F00F1325F0F0110103BF00F000FF000000F0180200090910000F8D9FFFF
:2026E00090F201F403F60070DA00C56F06C0A01224FFFC2F0090C56F16B001F401F6DA01D5
:20270000B4FF0090C56F1AB001F401F6DA01B4FF0090C56F16B001F401F609FFC0086E0446
:20272000C2FFB4FF00906DFFE8FF6D00AA541D00A654910000F8D9FF90F22008F4AF01F41D
:2027400003F6C214C56D06C014F9D4AF37046880820A01F903C61D00890001D900261420D6
:20276000DF007F00342A09CB4108DAFF5FBF360009CC44086D008354536C20F0D4A2C58F55
:20278000246010FF012903E63C208B1C0010081F37016810B06F10D282103C091422762302
:2027A00082003C07C21FB012370F68F03F1FF8FF7606C56215C0012C0026342A02B46DFF73
:2027C000AAFFC21C370C68C00CE33FFCE0FF02B46DFF93FF6D00555409CB4208DAFF5FBF1F
:2027E000400009CC46086D004A54536C20F0D4A2910000F8D9FF820410FF012903E63C28B9
:202800008B1C0010081F37016810C582606010228210B06F3C0C142201D2004614427623BA
:2028200082003C07C21FB012370F68F03F1FF5FF760902C46D00DE02C5622EB0012C002656
:20284000342A02B46D001500C21C370C68C00CE53FFCD8FF02B46DFF57FF6D001254C21970
:2028600049CC080A370968903F8979FF0090C56F1AB001F401F609FFC0086E04C2FFB4FF89
:2028800000906DFF41FF6D00FC531D00F853025A61FF25FF081BDAFF3EBB08496D00EF5303
:2028A000820CC56215C0012900C682183C1E009014CFEE14DF1A058002946D00AC0053694C
:2028C00020F0C582246010221420DAFF3E06C56213C001200026342C34C802B46DFF1BFFC1
:2028E000C219B01C37096890083F3FF9E3FF02B46DFF03FF1D00C553025861FFF0FE082966
:20290000DAFF3E99086A6D00BA53C5622EB0012A00C63C12009014CFEE08DA01DF18058017
:2029200002A46D00860034CF02946DFFA2FFC21AB01C370A68A0085F3FFAEFFF02946DFFD7
:20294000E3FE1D009E53536420F0910000F8D9FF820410FF083F0070024AC56F15C001FAC4
:2029600000F6820B14FF6E290C44C58F246037F908905448536A20F0821B10FFDAFF14F048
:20298000BE0C6D076BEBF6AF028F60F5BC5C058F28646E0937096800C56414C00B0F9041D9
:2029A0006D00447314FFC56F13C010FF370968F0C21F34FF6D0756EB02B200906D074EEB78
:2029C0001D0750EB61FFC1FF6E06C56F33B001F400F634FF00902008A00FF4AF61FFB5FFB1
:2029E0006E08085F91000026D9229CE11022F4A2C56233B001240026142F2CA414F440A4AF
:202A00001D00F55782046D000600DA00256F15C000901D009D00DA00C56F2EB0A04C02F4F9
:202A20006D000700820024F0C21FFCCA0090024F6DFFCAFF02F46DFF1CFE02F41D00FB0045
:202A400082041D00050082041D000900056F30446E04F6431D0017000090056F30446E076E
:202A6000F6466D00390182041D008D010090DA01256F16B8256F1AB8256F1CB8256F18B843
:202A80000090DA00201878010248A00FF4AF78026D00F552C58F5B6001F800F614F9DAFF6D
:202AA0005F9F4B00536920F0C58F2460820B10FC9A18C56F18B001F801D6370F68A0C56F90
:202AC00015C001F900E63C36820014CF3BF00F103E1914E17617C56F13C010FF14F1AB1071
:202AE000A001DF001800C56F13C010F2A00F142FC2FF89AF1008F696058F28646E03C56FE1
:202B000014C0342BF80349A40C0A40A502946D004D0009DFC0086E04C2FFB4DF3C06028411
:202B20006D000E006D00AB52C219B06C37096890B01E3FA9CBFF02841D000200C56F18B060
:202B400001F401F6DA01B4FF1D078CEA536420F0C58F2460C224200810FC910000F809C84E
:202B6000430837046890D9FF58F4536820F010FFDAFF3C0F08303E0908263E67028474A0C9
:202B8000820582176DFF57FDC218B06F370868803F98F2FF14CF3BF00F003E06C56F13C005
:202BA00010FFDA0034FF0090536420F0C5822460C224404C102F910000280858D92258F4C6
:202BC000536820F037046890102FC5826560012800D63C1D0CC414D03F0F1580D4C4A00283
:202BE0007D421100081FEE0E02846DFF5DFD082F3BF00F003E070810F605C56208C01022AC
:202C00003422C218B06F37086880B01D3F98E4FF0090370468F0610008000070910000F832
:202C2000D9FF64F40070910000F8D9FF6EF490FF00700248C56F348001F800C661FFF0FFF2
:202C400001F801F614FF8B0F20F234CF6D001D00C56F069001F800F6DA0034FFC56F0090AE
:202C600001F800F614FF6E0F14CF6E07370868F061FFDBFF081F3C02DA01C56F3A8001F885
:202C800000F634FF0090370468F0C56F348010FF14F0760761FFC9FF14F08B0020023C0C4F
:202CA00061FFBEFF50FF0810C58F6B6001F000F614F08B400102C56F009010FF76068210D7
:202CC00034F0C56F3A803C0434F0C56F069010FF34F00090024FC58F226050FF14F86D07FB
:202CE000BDE99240C56F1CB050FC37006890C58F676001F800D63C4004DFC56F2EB010FF77
:202D000014F0DF002B00C56F069010F2C56F009010FF142014F18B002002DF011E00C56FEE
:202D20003A8010F41441C2F137016810DF011480C56F348010FF821014F1761561FF75FFBC
:202D400008213C0961FF6CFF50FF081FC58F6B6010FF14F13441342009CFC0086E04C2FFF5
:202D6000B4CF3C07DA01B4CF6D077CE96D0776E9C218370868803F98C1FFDA01B4CF1D0769
:202D800071E9024FC58F226050FF08186D0766E99250C56F1CB050FC37006890C56F069059
:202DA00001F800F6820AC5622EB0012800D63C1B14DF6E0814FF6E0602846DFF0EFEF62237
:202DC00034FA09CFC0086E0492F0B4C03C078210B4C06D0747E96D0741E9C218B01F37084A
:202DE0006880B01D3F98E6FFDA01B4CF1D073AE9C56F069001F400F6DA0034FFC56F348013
:202E000001F400F614FF6E0561FF05FF081F3C02DA01C56F3A8001F400F634FF00903700CA
:202E200068F0BBF0FF1F9607B70F85F137F00800370068F4B70F01F0B70F81F0B70F02F12F
:202E400096F037F008043B1002F137F01008BA162A15DA003C070441C21F6B101015370112
:202E600070503F4FFAFF025200903C00DA01256F38500090DA00256F38500090056F3854DE
:202E80005E136DFFF4FF82020090056F385482020090858F2E608F892010421F60FF007020
:202EA000858F2E608F892000420F60FF0070858F2A604B0F20023B3010F000700F1F00F005
:202EC0004B0F20F2C2FF420F00700F90001085802A6026100070DA018B091E000F0F00F085
:202EE0008F0F10F10070910000F8D9FFA004007061FFDFFF8BF9031161FFE2FF0070910036
:202F000000F899FFA0F290FF14FF0070DA1F7F9F09808B091E000F0300008F3010013C0409
:202F2000023061FFD4FF0070DA1F3F9F0480022F3C0361FFD2FF007061FFD7FF01F901F629
:202F400009FFC00826F10070858F2A608BF901010F0F00F04B0F20F2C2FF00703B00FF0011
:202F6000200826408202024F3B9028108FFF0081022A8FC03F9082133F412A80DA1F7F9FBC
:202F800009808B091E100F1300108F3110013C04023061FF9CFF02310F81001061FFCEFF76
:202FA000DF001600DF011400DA207FF9058061FFCDFF3C0361FF9EFF61FFA3FF6E0802301F
:202FC00009FFC2080F801000260FEE020223F6363B1001403BA000503C0761FFA7FF6E0795
:202FE00082343B4001506D00D3008212DF021B8061FF58FF01F800268210092F50080F8078
:2030000000002E79858F32600F8F00F06CF1481F74AF54AF489F325826F00F80000037009E
:2030200068A002A2009082083B00FFF0264F8FCF3F90024F8FFF00A1028282133B90280072
:203040003F401F8061FF64FF02310FA1001061FF75FFDF001600DF011400DA207FF90580E8
:2030600061FF74FF3C0361FF45FF61FF4AFF6E08023009FFC2080FA01000260FEE0202830E
:20308000F63702843BA000506D0082008212F62A82100FA0000061FFFEFE489F26F0AB1852
:2030A000A08002820090025982053B0001803B00FF0026408FC03FA0024F8FFF00B1821648
:2030C0003B9028103F413C80DA1F7FAF09808B0A1E000F0600008F3010013C0702600FA015
:2030E000001085802A602610026F0FBF00F061FFFCFE01FA01F609F1C008261FDF0020007A
:203100006E1EDA207FFA0C80858F2A608BFA01010F0F00F04B0F20F2C2FF3C0761FFC9FE5A
:203120008BFA031161FFCCFE61FFEBFE6E08026009FFC2080FB01000260FEE020256766EA9
:20314000DA1F3FAF0480025F3C08DA018B0A1E000F0F00F08F0F10F16E0782143BA00050EE
:203160006D0016008215DF0512808F8A201085802E60DA014210600F0FBF00F0B04FAB08D7
:20318000A08957F0302849F2400800900B4510683B80074082051DFF73FE09FF650809F008
:2031A0006408C58F001090FFD4FF61003E008FF28FF126F134F10070C58F001001F202F642
:2031C000D4FF61002800007061001E00DAFF0070C58F081001F202F6D4FF14FF007061004D
:2031E0002400A62134F100706100290090FF54F83708E1010070858F3A608F582000420F53
:2032000060FF0070856F0C8801F801F609F0640800708FD03FF010FF8F7000F114F1325F6F
:203220000FF1101000708FD03FF010FF8F7000F114F182120FF21020007085802E70600F25
:203240000070024F3B80004002F56D001B02F62F6D00154F61FFCAFF6F380B80370868F445
:20326000AE1754FFB71F01F874FF3C11009076073B8000403B9000506D00A402370868F4D6
:203280002E163B80004082656D009C021D00F94E024882096D00CA2A85620C88BD023900F0
:2032A000DA407FF83680012801F649FF240A081F5F2F2F8001220226542F6E2A85803A60C8
:2032C0008F58201042108BC001F060F45440B73082FC744F14F1DAFFBE1BD42F534121F0DA
:2032E000D4FF10FFC81FBD0F1400370068F8370F6101AE222E33AB29A0902E138F89409187
:203300002E038F494091AB0981590284DC0F0090024982083BB0004002956D00B301DF02AB
:2033200011806D00AC4E61FF8AFF01F902F654F0B710810874F0821074F0BBF0FF0F3C03D4
:203340000090C21814FF2E033F08FDFF14FF2E073BB000403BC000506D003402856F0C8893
:2033600001F901F661FF1BFF1D008B4E0248404C405D82096D005A2A022A7CC382553C1A65
:20338000C5820810012A0226D42F14FFEE0382153C11DA407FF8058061FF18FF7E038235CB
:2033A0003C0961FF4CFF01F802F614FF2E363B90005082441D00060261FF1FFF6D005F4E17
:2033C000BD0D18003C04486FC21960FF486F6E04DAFF3FF9FAFFDAFF7E9382193C0A820951
:2033E0006D00242A80D502246D008901686240DFDF095E8009CF60082E3C4CC3EFFF0480C6
:203400006CF73C0782443B3001506D00DB01821909CF60082E234CC26CF409C060086F50B1
:203420001700484F370F64F8BF5F0C001E7A6D00FD2909C5140902246D00610168623C07FA
:2034400082443BE000506D00BD018219DF09268009CF60082E734CC774FF09CF60082E63AF
:203460004CC66CF109CF60082E086D00DF2954C502246D004401682209CF60082E196D0083
:20348000D52909C5040902246D003901683209CF60082E434CC46CF5F69A61FFB5FEC58FD3
:2034A000001001FA02F6D4FF61FF9BFE1D00E94D404F82086D00BA2902297CF382553C0ACA
:2034C000C5820810012902C6D4C2142F5E163BA0005082141D007601DF0957809110004F4A
:2034E0005444B70401406D003D2A9110002F14206F104A808580366009F4600860046D0046
:20350000532A8580127009F4610860046D004C2A8580167009F4620860046D00452A8580C3
:203520001A7009F4630860046D003E2ADA009110002F592F0881592F0C81482F892F2049F8
:20354000483F592F20417B3073F0892F2849592F2841858F1E70484460F46D00252A858F81
:203560002270485460F46D001F2A858F2670486460F46D00192A858F2A70487460F46D008E
:20358000132A3C028218DF082E8001F902D654DF6E25C5820010012902E63C18534821F080
:2035A000D422102409444C086D001301D4E28FD83FF0821110228F7800F114200FF1101062
:2035C000A6103420C21837086880D4D20C243FF8E7FFD4C2DA01342F3C05F694DA01256FDF
:2035E00034C0A56F0C880090820A856F0C8002AB6E47911000FF7B30738009F524490F85F4
:2036000080F019F924416E053B800C406D007D002698DF0832003B900C4002956D007500F8
:203620003C2B856F0C8801FA02F609F824293C200F08B0018BF0010137006800821282FF05
:203640000F020010C6F18F5A20F042F0858F2E703700684060FF261801F402F654FF8F4F1B
:203660000101DA147E05022B82056D004E007683DF0BE07FC21AFF2A0480DF0BD47F0090D0
:203680000B5410886D00D22861FFA4FD1E14DA0102F53C0FDA407FF8058061FF97FD7E03F1
:2036A00082353C0661FF8AFD6F0108808225DA0102946D0087003C02DA0002F200900C423C
:2036C00082028F1F0001AB02A8202E138F025021094043086F000400B71281256F10040006
:2036E000B71201266F200400B71281262E43B71281242E53B71201250090025F6D00992869
:203700002BF24022009020080248A00C820974A56D008C28DAC83E85DAC93E83028A3C0C1A
:20372000DAC87E84858002703C0385800670600C14AF8FFF07A185620C88012A01F649FF6A
:20374000240A081FBE2185800A70C5823270600F902254F0542FB700830585810E70A61F5D
:20376000A6F074F000909022D422BD02FD7F14F0DAFF5F0F2600534021F0D42F10FFC84F9E
:20378000BD0FF27FDAC83E83DAC97E8940A46DFF98FF02297B3073F074CF3C0E858F2E7080
:2037A00060F2012A0226142F2E27542F3B000290B71F01F9742F76940BA91048DC0F009078
:2037C0000B4510683BF00F4082051DFF59FB0249404C6D002B2885803E60022809C44D082A
:2037E0006002012902466D00DF2885803A608F5920104210600FDA0074FF6CF1D4C2542550
:2038000002846DFF7CFF68220284D4C2092504096DFF75FF6832D4C24C226CF4D4C24C2377
:203820006CF57B0060F06CF7858F2E7060FF01F902F64CC274FF009082441DFF2BFD825405
:203840001DFF28FD0D0000031DFFD0FE6D00FE62DA01256F395000903BA0004082050070C6
:2038600005601EC4DA120070A5602CA0A56030A0A56034A00070DA32256F1EC06D00E66283
:203880003B401FF0256F1EB83B2003406DFF52E482141D004A560248820905601EC4DA119A
:2038A0007FF005803B0001903C1F6D07D7E382F0856F30A0C68085612CA0260FA56F30A078
:2038C0002601856F34A0A5612CA0260F05601EC4A56F34A0DA117F0F0680820502846DFF4B
:2038E00067E46D07BFE3769861FFB8FF3B60016002971DFFC5FA0090DA10256F1EC06D0079
:20390000A5626D001602820061FFB0FF858F1818DA0125602DC0256F2EC0DA11256F1EC01A
:20392000BBF0FFFF256F1EB825601DC0256020C025601FC0256021C02D0F00008214D569D3
:203940002CA0DA80D56930A0256F2CC0DA00256F2BC01D000B0202428218DA1305601EC41E
:203960003B2001103F010480DA103C21DF052080056021C40F6080107613DA143C180561D2
:203980001DC42661DF011480A660256021C06F060800056F20C4C21F256F20C03C06056FFF
:2039A0001FC4C21F256F1FC08208028F6E0761FF55FF0B2F10686DFF63FA02820090856F09
:2039C00034A020086E1F40A46DFF3BF514AFDE1ADA063C14C2FF82180FF800802680760EE7
:2039E000C58F6D6010FF14F46DFFE8F482F1856034A0C6182680A56034A0856034A076028D
:203A0000EEEA056F1EBCBBF0FF0F3E048AFF256F1EB8056F1EC46D00580005601EC45F0FC2
:203A2000FAFF009082082008028440A46DFFDFF4F62314AFAA18028200900245823482165B
:203A40001DFF8BFF820805601EC4DA113E043B0002803C316D00FA616D007255A0046DFF8C
:203A6000EFE36D007055858F1C18DA12256F1EC02D0F00006D00EA616D001255858F1C188C
:203A80002D0F00006D07EAE2856F2CA06E10856430A0822526F46DFF8BE382FF85612CA0E5
:203AA000856030A0C6F12610A56030A06D07DAE26D000B00768861FFD1FE3BA001600287F5
:203AC0001DFFDEF9009061FFCDFEBE07DA225F0F6200DA235F0F6800DA255F0F7200DA32E9
:203AE000BE0CDA335F0F3B00DA445F0F5100DA4D5F0F78001D009F006D001455DA833E2C03
:203B0000856F2CA0EE533B20024025641EC06DFF11E382343C6400906D07A0E2056F20C40C
:203B2000EE1B6D00FF54DA83BE276DFF7DFFDF021480056F1EBCEE1082F46DFFAEFE6D07CF
:203B400091E26D0083613B30034025641EC06DFFF1E282043C441D0785E26D00E354DA83BB
:203B60005F2F6800856F2CA0EE216DFF5DFFDF021E80056F20C4EE1A056F1FC4EE5A6D00CD
:203B800065613B40044025641EC03C0B6D005E613C1CDA23256F1EC06D0058613B3002402C
:203BA0001DFFC8E2856F2CA06E031DFF66FE3B50024025641EC06DFFBDE282543C106D00C0
:203BC000B154DA835F2F3600DA4D256F1EC06D003D613BD004406DFFADE282241D00A55415
:203BE0006D00A054DA835F2F25006D008D546DFFCDF36DFF96E26D009A5405602CC4DA80EC
:203C0000FE026D072BE2856F2CA06E0B6D0726E2DA90256F2CC0DA03256F2BC06D0722E2B0
:203C20006D0720E282046D009F00DAFF256F1EC000903B9000401D00930060FF14FF9604DA
:203C400034FF0070C5FFC2913C0385FFD0A114FF370FE3F1EEFB3B0040F0A5FFD49100905C
:203C600091000048D944C0526D00462A82046D00222D6D00272ADF02FEFF6D003829910022
:203C80000048D94428546D00874F91000048D94494026DFF97DA91000048D94430D46D0030
:203CA000C45091000048D944ACF26DFF03FCA0046D00F122A0046D004E4E91000048D9442A
:203CC000D4426D009C1C91000048D944EC326D0077016D00BB236D00D02491000048D9440E
:203CE00048246D001B566DFFAFFF82146D00B256858F3A7061FFA3FF858F3E7061FF9FFFD5
:203D0000858F028061FF9BFF858F068061FF97FF858F0A8061FF93FF858F0E8061FF8FFF63
:203D20006DFF30DC6DFF1CDADF22FEFF00906DFFC6E26DFF79E96DFFDEEC6DFFCDF06DFF6E
:203D40004FF26DFFBAF36DFF97F86D00BC4D6D007D60A0046DFFD9E21D00B222DA087E42F0
:203D60003C0000901D0776E11D0770E16CF1821819FF981082006CF27B1000F059FF90107D
:203D80000070B70909F01B0F20F0007061007300E9FF8B200070610069006CF800706CFB74
:203DA000822819FF98106CFCDA0059FF9010007001DD0026DA0A342F00706100530049FF38
:203DC000180A007039DF8020D9DE8410370F61A154EB00707B1000F059FF901059FF8010FC
:203DE000DA000070DA0059FF901059FF80107B1000F0007028398F891FF02CF48F091FF085
:203E00002CF50070DA6534FFDAAF2CF1DAF52CF22CF3007010CFB70309F068731B0F20F0D6
:203E20006CF8007039C08320DA0E0070095FC008C21FB45F0070B70C09001B0020E01B0E16
:203E40002050007001C000268FEB1F50D9243C80007039CF8020370F61F18F1F804100706A
:203E6000C210370070000070B70F09F01B0F20F0007061000400DA000070DA02E9FF8C20D1
:203E8000DA01E9FF8E200070856F1088D4FF0070DA083E03DA097E03DA013C02DA00007088
:203EA000856F1088D4FC007019FF841019F0A210420FB70F09F01B0F40F059FF8410007009
:203EC000856F1088D4F2007009FF5068B70F81F089FF1068007061FFD9FF6D008B1B39FF36
:203EE0008B207E2861FFCBFF8200E9F08B20E9FF9820009061FFCAFF6D007C1B022F39F08A
:203F00008B207E0461FF44FF3C0C39F482206D006B0C7E2ADA02E9FF8D20DA01E9FF8F204B
:203F2000DA01E9FF992000908208856F108082196E0302893C068244821502866D007517B0
:203F4000DF092880DA006D00290CDF22090082443B80005082066D006817DA01EE1A61FFC3
:203F600095FF39FF82201E3A1E591E6E3B8000003E0B3B9000003E083C0839FF8D205E14C8
:203F80006D002F1A3C028218768482041D00FC0D0090856F1088BCF5D4FF39F2A0100090E2
:203FA0008264821582066D00401782120090856F10806E031D00F20B820200902020820827
:203FC000BD04B402D44FF804BD0FB0024C41DF0FAD0249F2101AA0C5402F4922180A74F871
:203FE0006818A84828A868386848FC57D804C5021F00E9F88820F9F8B810E9F89320F9F855
:20400000BA1089F89A6889F8986889F8146989F81C6849FF306A64F8FC2FD804DA0EA00200
:204020008210E9F88520E9FF8320F9F8B61059F8801059F8BC00E9F89620E9F89720E9F828
:204040008620E9F88720E9F88920E9F88420E9F08220E9F8812089F8086989F88E6889F83C
:204060008C6889F8106859F8841059F88C10B5F29C10A56410886D006F046D006304F9F8E8
:20408000AE10F9F8B210F9F8B010E9F89120D9F2802089A298091420B7008101B700010010
:2040A000B7000102B70082F0342FE9F89020DA00E9FFA010E9F88B20E9F88C20E9F88E200F
:2040C000E9F88D20E9F88F20E9F89220E9F88A2059F88810A01289F8250874F889F8240842
:2040E0006818682809FF6608B70F02F089FF26086878688868686838684849FF280AFD2045
:20410000EC7FD804820959F83880E9F89520F9F8AA10F9F8AC1059F8941059F89810E9F807
:204120009420D9FF9010F8058B0920F2D8058F0F01A0BB00E00F42A074F061FFC3FE89A258
:204140008C09538922F0D92C3C80192B9010102F02B440C482456D002E1BDF02A18054CF9C
:20416000EE084CC1EE064CC2EE044CC3DF0F9C0040F402B46D00601814C0DA595F0F948057
:20418000856210883BE00150D422D92D3C8040D4192490106D000F1B09D04108DF123F00A2
:2041A000DAD13E04DA1E5F0F3A8085621088820CD422D9273C80D925249054515470B70160
:2041C00008F04074B70008005F0F2980A08609400405095F04053E03822C3C02FC69DF2CD7
:2041E0001100D9240CA091000058D955AC24A0865440545F3E03822C3C04B044B045FC6934
:20420000DF2C0E00D92230A08200C5041C00447F4B0F3000FC4D542F3E02822CDF2C210020
:2042200085621088820C8225D42D19DF9010D9DE34A08B8F074040E46D00BD1ADF121000DC
:2042400054E019DF38A0F604EE03822C3C09858112805F100580858016803E02821C76C33E
:20426000DF1C22804CC154F07FF01E8009F0660837C0010089F0260809A28C0939203D80E7
:2042800089F0250839203F8086C089F0240874FF4CC36CF14CC56CF2687B3C0540F402B419
:2042A0006D00CA17856C1088820B486C09FD6508D4C209FE6408192090105FA08B80821BEA
:2042C000F6C4688A1D008A0048144820483174A1484F7801485F7802487209F365085F4145
:2042E0000380F6E55F013A80DF0E3800DA1EFE30B70209F03C04488FB70F09F01B0F20F039
:204300006CF802F46D00920FDF02F7FF3C2B58015F41098061FF41FD5F4F2580B70409F0D0
:204320003C1EFE4058023C02488FB70F09F01B0F20F06CF802F46D00790FDF02F7FF3C1209
:20434000488FB70F09F01B0F20F06CF802F46D006D0FDF02F7FF3C06B70109F01B0F20F046
:204360006CF87B1000F0488442AF7FF41B80D4C23B000850D92C3C8040C46D001C1ADF1211
:204380000E0082003C03C210B04CDA807FF0048054CF6EFADA807FF00580488F61FFFDFC2A
:2043A000DA1EFED1F6E3DF1C0A00DF1E0480DF2C0600DF2E0980DF3C078009FF6608B70F52
:2043C00081F03C0409FF6608960289FF26083C051B00E0FF592F9010DF0BB17EC219BF2929
:2043E000A5FE85621088D42F09F0650809FF660809F24E18370FE1F009F14D183702E120AB
:20440000F604EE0382133C028203F614F62382123C028202DAD17E05DA1E7E13DA013C15FD
:20442000DA1E7E05DAD17E13DA023C0FDAD17E023E157E027613F6047E13DA033C067634C3
:204440007623DA003C02DA04D8048230E9F89820E9F89920D42FD9F48620344054F148A2F3
:2044600009F3660809F54E183703E1403705E1608F1500518F1300710B21B03159F338807D
:204480006E089E119E275F0F2200DF4F31003C33DA07344FDA02E9FF87208207488F59FF4D
:2044A00090103C1AD9F584207663DAD53C14DAD13C1C39FF8020D9F584209604E9FF80204D
:2044C0007643DA5D3C11DA1D3C10D9F584207F120680DADF345F82053C0E39FF8020960444
:2044E000E9FF8020DAFD8207345F3C0582070275DA01344FF6727655DA02344FE9FF89207F
:2045000009FF6608377F01F089FF260809FF4E18375F01F089FF0E18092F5608AE15D806EE
:2045200014FF960234FF00908245028402861D007C140248856F108082196E0382093C06E4
:204540008274821582066D007014DF09348061FFA9FC02846D0055090228BBF0FFFF7E878B
:204560008274822582066D0060143C056D001609DF3203808219DF091E806D000F0939CF26
:204580008220DE12DF121180856F108839CF8020D9C43C80C81F9608E9CF802001F803564B
:2045A0006D0020143C078274826582066D003D14821902920090856F1088BD0F6900D4FFA1
:2045C0006D0018180228D9F28B20142F7E89DA02E9FF8C20DA00E9FF8E20342F009039F454
:2045E00082206D0001095F825980DA00E9FF8D20E9FF8F20DF385280856F1088D4F6D96763
:204600008220147FDF5F4A80096FEA6882110960EC686E143C0D10654962206AD42439514C
:204620003D80C21F3441C2F0D424B014F424FF7F0480DF00F2FF3B900010D96CA610496D83
:20464000206A3C1901610026DA00D9223C803C081025D4D4C2F014521044C21F3442FF7F00
:204660000480DF00F7FFD4D28B8100F0370F7010B072F4D254CF3FF1E7FFDA01347FDA00F0
:20468000E96FA010C82FBD0FAB7FDC0F3B000140821582061D00C9130090856F1088BD0FBE
:2046A0006300D4FF6D00A6170228DF681C8061FFEDFB39F482206D009708DF12058061FF94
:2046C000F5FB3C03DF320C8082046D005D0ADA00E9FF8D20DA01E9FF8F20009061FF58FB90
:2046E0000090D9F28B20142F7E8561FFC4FB342F009039F9822002946D0076085F280680FA
:20470000DA0C7E941D00620A009061FFBFFBDF180F8039FF80202E37B70F81F1E9FF8020EB
:2047200082643C02821461FFC1FB3C1BD9FCB21009C4C0086D006508BBF0FFFFBE215382E9
:2047400021F010F2092F5A18B70F81F0892F1A1809CFC00809F0CE687E0361FFB7FB822473
:204760001D00120A3B100140821582061D005D13856F1088BCFBD4FF6D00000139FF90205C
:204780001E161E2A9E301E4A9E53009039FF8C209E161D00590A1D00951339FF8D201E1FE7
:2047A0001D003C0F39FF8D201E1A1D00390E61FF6DFB39FF8C201E131D0061010090856F30
:2047C00010880B451088404C026ABD0F2B00820B6D001708BBF0FFFF7E24822402453C12CB
:2047E000C81F01F203F609F0C6083F09048082353C087CC382453C051AA97FF00880825580
:20480000822482066D001113821BDF0B118082070B89104840C402A66D00A612022B3C070B
:20482000821B822402B582066D00FF1202B200900248856F10806E13DA006D00AF07DF12F7
:204840000A00DF2207808214826582066D00ED12DA01EE0402841D0005180090821402455B
:2048600082061D00E212856F1088404CBD0F1B006D00C707C81FBBF0FFFF820801F203F65F
:204880007E2382253C037CC78245028682346D00CC128218F68D40C440F56D008D12022872
:2048A0003C0782188234028582066D00BE1202820090025961FFEAFA8FF41FF109FAEA687E
:2048C000EE043B001C803C073B002000A2F086D0537020800BA880007F900D006E0BB704A3
:2048E00009F01B0F20406D00A10C3B001CF02BF84082A2A8370870407F940780A2493709F1
:204900007090DA033C030294DA058270E9FF8220DA01E9FF8D201AA47FF00B008B7A00F1EC
:20492000A2F4370470406D000707C2F23C046D000307C2E23702682089F9AC6886320090CD
:2049400061FFA4FADA00D9FF7C00C5023F1064FFFC2F009061FF9AFADA00D9FF3C80C502CE
:204960003F1064FFFC2F009061FF90FADA0059FF742059FF7820009061FF94FA39CF9020F4
:204980006E761E1C9E29DF3F2800DF4F3E00DF5F57003BA000003E08009039CF8620DF5F4E
:2049A0006D80DA023C6839C08220DF60550061FF71FA6E633C5A39CF8820DF3F5F8039C083
:2049C0008220DF60490061FF65FAEE4F61FF2CFA5F0F39003C2D39CF8220DE1009FF56081D
:2049E0002E1639CF8020AE43DA013C02DA00EE2A61FF1AFA5F0F27003C1B39C0822061FF74
:204A000049FA6E3B3C3239CF82205E1561FF0CFA7E0F3C183B8000003E043B9000007E0A88
:204A200061FF02FA5F0F2A00B9CFAC10EE26DA053C2239CF8220DF6F21803C0D61FFF4F9BE
:204A40007E03DA0A3C1839CF82205E676D00D70BDF021400DA033C0F39C0822061FF1AFAB3
:204A60006E0C6D00000C7629DA043C0539CF80202E14DA01E9CF9020009061FF13FA6D00EE
:204A80008403D9CD832014DFDF5F5380856210888200D424494F101A08AFB70F01F1B70F52
:204AA00081F22CFA61FF8BF9092FD4085F0FF6FFD94F802014FFAE27094F0819594FBC0075
:204AC000DA003C064C48594FBC007B1000F08200594F8010F940AE10821114FFB70F01F039
:204AE00034FFF940B610E9408520092F56086F0F1E00D94FBA1009FFC0086E18092FD40828
:204B0000420F538F21F01045095F5A18B70F01F1895F1A1861FFA6F909FFC0083FF0F0FF63
:204B2000DA00F94FB8103B000110E941832061FFADF98208D9FF832014F0DA107E036D008B
:204B40007F0314FF5E646D003304022814FFEE036D006F0014FF5E136D00720314FF5E7405
:204B60006D002604022814FF5E236D00620014FF3B8000407E446D008301022814FF3B9048
:204B800000407E446D007C01022814DF5E3582346D00B400022814DF5E4582446D00AE0001
:204BA000022814DF3BA000407E446D006901022814DF3BC000407E446D006201022814DF1D
:204BC0003BB000407E446D005B01022814DF3BD000407E446D0054010228768EDA00E9CF73
:204BE0008C2002848210E9C08E20BBF0FF5FE9CF8B201D0021010090856210888202D42464
:204C0000B940B610538021F0104F49FF101A3C0808AF2E14AE2382123C0361FFD0F8F625FC
:204C2000092FD4085F0FF6FFF940B610009061FF2DF919FFBC0019F880108FFF1FF13C0594
:204C4000B70809001B00208002846D00EF0ADF02F9FF0B8F104859F880101D00B70261FF03
:204C600015F9538421F010FF09FF5A18B70F81F089FF1A18DA0089FF1019009061FF22F92E
:204C8000BBF0FFFF3E47538421F0102F49F4101A3C1909FFD4088204538F21F0102F49F42A
:204CA000101A3C06C214370470404944180AB92FBA107FF40880092FDA680940C8085F0F6A
:204CC000F3FFB92FBA108200C2FFF92FBA10D922BA103C0E538021F0C214104F37047040E8
:204CE00009FFE008ACF4486F74FF61FFBBF8092FC0083FF4F1FF009002492008820861FFD7
:204D0000C5F8D9F28C201420DF20358034283B2089F039F08E20DF10088039F19820F6140D
:204D2000825810F23C1D10F2DF001D80DF390480DA0A3C0719FF3880C21F59FF3880DA0C56
:204D4000E9FF832019FFBC007B1000003A0F538F22F010FFDA0089FF24086CF16CF2DA00FA
:204D60003C078200E9F09820142FEE07DA01342F3C6039FF95206E50856F1088D4FDD9DE0C
:204D8000952014EFEE0759DF941059DF9810E9DF94207B1000F0D9D4941019D4BC00F4A421
:204DA0000BF400A1D9DC942014E540C56D006F15DF120D803B2089F010DFDA0034FF8254D7
:204DC000BBF0FF5F6D0038003C3414EFC21F34EF14E0DA105F0F2E80538A22F010DF14CFF3
:204DE00089FF2408D4A2542F6CF119DF98106CF2DF390480DA0A3C0719DF3880C21F59DF1F
:204E00003880DA0CE9DF83203B2089F010DF820034E034F03C0EDA01342FDA02E9FF8B2015
:204E20007B10005019F4BC006D006A13BA12AA580282009061FF36F8DF341B00DF4407001C
:204E4000DF541700DF741500009039CF83203B0001003E02EE0602546DFF12FFDA103C05F7
:204E600002546DFFFEFEDA01E9CF83200090DA0FE9CF8320C86FBD0FE97FDC0F024820109A
:204E8000820961FF0FF8D9C28C201420DF202E810290342039CF8E205E1739CF9920EE0433
:204EA00082391D007001D4FFF8023BE000A0D9FC992014CF8202D9FDBC0054DBD9F47C0022
:204EC000EE063B00025002B46D00BE12DF12050014C0DF103180D9FF922014FFEE258200C2
:204EE00034C014FFC21F34FFB70B09F01B0F40F074DFDA083E8DDA093E8BDA0A3E8DDA0B42
:204F00003E8BDA0C3E8DDA0D3E8B1D00EB003B8000A01D00E7003BA000A01D00E3003BC08A
:204F200000A01D00DF008234BBF0FF5F6DFF84FF1D002901856D10883B800000DA0ED4DC03
:204F4000D9CEBC00D9CF822054E3F8015F8018003B9000005F8017003BA000005F80AA0058
:204F60003BB000005F80AA003BC000005F80A4003BD000005F80A2001D00B300DA091D00E3
:204F8000B0008200E9C0922039C18020370161218F12802137210111E9C180203701618120
:204FA000538822F061FF38F759CF841089C08E68028409CF5068B70F81F089CF1068488590
:204FC0006D00C70349DF100AF4AF863254F01B02E0FF7F0F0400DA0A3C5BBA088F0F01F05F
:204FE00074EFD80114F0DA083E04DA095F0F608009C4E8686D00050409D28409D4DD8218D6
:20500000012203F661FFE0F62E33822C3C0609F4C6086D009103022C8FFB1FF16E15B70B14
:20502000090002A41B0020F01B0F20506D009103370BE601D4A242C0A202542086327F0209
:20504000040002FB74EF0BAB10486D008203D4A25AC2863F54207F0F1800083F6E0A39DFA4
:205060008020AE373FC20680DA01E9DF9720820839D08320DA0E7E0939DF9620EE06DA0584
:20508000E9DF83203C028208028F6E11DA018274BBF0FF5F6DFFD0FED80134FFDA00E9CF1B
:2050A0008C20DA01E9CF8E20DA0F3C1ADA033C18DA0B3C16DA0D3C14DA00E9CF922039CFD9
:2050C0008020370F61F18F1F80F1538F22F061FFA3F68BB800F23BE00000AB5080FF02FAC6
:2050E000D802E9FA83203C4ED9CFBC0054FA7B1000F00BFA5041DA083E8FDA095F8F37004C
:20510000DA0A3E8ADA0B5F8F3200DA0C3E85DA0D5F8F2D003C3739CF9220EE0DDA087E8625
:205120003B100D506D00DA0D3C0D3BE001506D00D50D3C086DFF1AFC3C05B70A09F01B0F84
:2051400020A002A46D007208DF02F9FF74FA61FF82F602A56D00FD02DA407FF204808279C6
:205160003C11DA78820502A43C086D00AC0DDA088B8A07403B80075059CFA6106D009D02BF
:2051800002290292009061FF81F6D9F28C20142FDE2B39FF8320EE07342F39FF8E201E19D6
:2051A000DA063C10DE21DA00342F39FF8E205E1909F4DA686D002503824402251DFF3CFE13
:2051C000DA07E9FF832000900249025A3B80008061FF5CF609F0D868B9F1AE10A2103700B5
:2051E00070F08F3F00006E113B0020F052A10B1090818FF91F01A20F7F8F08801B09204025
:205200006D0014082BF8508201FA00260B981048D9247C006D009212F62A59F8A610DA0168
:20522000E9FF8C20DA03E9FF8B20009009F4DA686D00E702824402251DFFFEFD61FF32F6B9
:20524000D9CF8C2014FFDE25DA0034FF39CF8E205E1709C4DA686D00D40202283C7AD9CFD2
:20526000832014FF5E13DA073C02DA0634FF0090D9CD8320DA1014D0D9CFBC0054F97E08F7
:20528000B9CFB810B9C0BA100B0F30213C106DFFB5FCF62D39CF80202E0AB70F01F0E9CF35
:2052A0008020DA00F9CFB6106DFFA8FCDF02560014D0DA10FE03856F1088B9C0B810D9CD5D
:2052C000801009FFD408420F538F21F010CF09FF101974DFB9C8B8103C0DB9CFB610538FF1
:2052E00021F010CFD9CD801009FF101974DFB9C8B610DA00F9CFAE108FF91FF1EE036DFF68
:2053000021FB10CF822554D4D9F47C006D005312DF02208061FFBAF519F0BC0019F28010B8
:205320008FF01F0101F0002602F519207C00B9214210068089F21469B701911789F09A6886
:20534000821089F1986889F01C6854D41DFF3EFF824402851DFF70FD82088FF91FF16E0558
:20536000B70909001B0020906DFFECFA74F98200E9C0922014D1DF1118808562108853803E
:2053800021F010CF49FF101A08AFAE56683808AFB70F83F12CFA61FF65F5092FD4083FF03C
:2053A000F0FFDA083C02DA0134DF0090856E108882092018D4ECD9C28C20142F49CF146A32
:2053C0005E2C029F342F39CF8E205E1B39CF9920EE0882391D006F01B9C0AA10DF003701C7
:2053E000D4ED820249DF101AF805D9DCBC0009E0D408D9DE9920538021F010DF49FF101A2E
:20540000F80449DF146AF803D9DFA21054C0B9D1AA10B70009A014EF8FF01F8154F042081D
:205420000B1880303B0020000B0390B1EE1001D100268FEB1F50D9247C000B1A00406D00C5
:205440000310B9DFAA1042BFF9DFAA10DF12050014EFDF1F7E808200F9D0AA1034E0D9DF8E
:20546000922014FFEE6EDA0134FF39DF8520D9DD832014D1DF6133806E2F61FF23F509FFF2
:20548000D408538F21F0102F49FF101A3C0361FF96F4B92FBA107FF0088009FFC808B92108
:2054A000BE105F1FF6FFF920B8108200D92485204922306A3C0C08AFB70F01F12CFA0120A3
:2054C0000256545F89FF180161FFCCF4144F3FF0F4FFDA00344FDA103C2C6E2A856F1088A8
:2054E000D4FEB9E4BE106D008C01538221F0F9E2B6108200D9E2852010EF49FF101A3C134C
:2055000008AF2E2AB70F01F12CFA01E00246094F306974FF3C04B70F81F22CFA49FF180A08
:2055200061FFA0F4142F3FF0EDFFDA00342FDA0134DF1B0A20F061FF99F474CF1D00BB00B1
:205540008234BBF0FF5F6DFF77FC1D00B40037087000B9DFAA105F0FAE808201F9D1AA1038
:20556000D9D2AE1019DF801054F0420F59DF801054CF54F0420F74CFD9DC832054F0092F0E
:20558000C00806D0420FB42FD8030920C00809FFC408C21F5F0F5580D9D2BC1089A2880942
:2055A00009F0C608092FC0083E03E9D1922009F4C60849DF306AF4AFD9DF8C10F801D9DE43
:2055C000852014CFDE6BD9D2B810092FC008D804538F21F010FF08AF96042CFAD4A414EFB7
:2055E000904454FF744F09A48409544F74FF092FC008C21FB42FDA103C196D000201538229
:2056000021F0D80510FF08AF96042CFAD4A214EF902254FF742F09A28409542F74FFB9DF2F
:20562000B610C21FF9DFB610DA0134CFD80309FFC608D802B4FF14EFC21F34EF3C3B14CFA8
:205640008B6F20F2861F34CF3C35D9CDBC0054D83C05B70809F01B0F208002846D00E605F6
:20566000DF02F9FF74D8D9CDAE1009DFC008EE0D61FFF1F302856D006C0009CFD868A2F2A6
:205680004CE486327AF2AA79DF0915808FF81F51F65809FFC608F9CFBE10DA00E9CF85202E
:2056A00009DFC008EE0359C88C1002846D00050002290292009061FFE9F301F50026DA0112
:2056C000E9FF8C20E9FF8B208208D9247C0019F5A61059F5A2106D00DE10BA12AB38A02F03
:2056E000009061FFDFF3DA0059CF308059CF3480538421F082F210CF09F41015DF04150005
:20570000D9C4308082256D005610DF0211004834764CD9C4308082256D004D10F62619CFD0
:205720003280068F9212009082F2009019C2328006820090DA023C05C21F370F70F0C2944B
:20574000FF74FCFFAB1F00F4370F7020009061FF9DF38B0420F28F0F01007B1000F042F0DA
:205760000B508010DA084BF10162538422F0820110FF09FF6408B04F3C0B44F23F5206803B
:205780000B2050218662A226C211370168103FF1F6FF8B064023009061FF94F38212392FAE
:2057A00082203BF000003E031E1382220090392080206F10180039218320DA0FBE13392FC7
:2057C00086209E60392F88205E3CDA0E3E1B09FF56082E156F400480DA013C02DA00EE027B
:2057E000823200908202DF340A00DF540800DA0A3E43DA0C7E428212009082320090856F22
:2058000010888200BBF0FF3F09F1D408020FC81FC2F10232BF0116005A0182254B5F0162EB
:205820001A60D0F20925C4085F450580370F70203C0B7F45048092103C0292F17F01EE7F54
:20584000D0FF09F5C4083A456A32009061FF3AF3DA06E92F8620C86FBCF2DC0F009061FF19
:2058600015F319FFA61059FFA21019F884108FF81FF1EE163C05B70809001B0020800284BE
:205880006D00D404DF02F9FF59F88410820089F08E6809F05068B700810089F01068B9F091
:2058A000AE10F60359F88C1010F219F0A210B9FFAE1006D0D9243C80420FF9FFAE10DA01A0
:2058C000E9FF8D20DA0CE9FF8220028419F5A2106D00E10FDF1204801D0078010090201055
:2058E00061FFE0F2C81F538421A0820901F403F609F8C60801CA00F609FF10196E046DFFDF
:20590000F2FE0229D9CF841054FC02C08FF01FF1EE18820B3C05B70C09001B0020C002C42E
:205920006D008404DF02F9FF74FC820089C08E6809C05068B700810089C01068E9CB8A2090
:205940008562108810CF820BD42DD9C2802089A284093B2088D0D9FF3C801420C2196F3073
:20596000420009D0E868F9D0B210D9D2AE10092FC0088F803F10EE26DAA334FF2810282125
:2059800061FF3AF201DA004682102860287B4944101A0C4A8F1F0011371F81F1370FE110D2
:2059A000371F01F2370F6111371F811289410A08544F6C434C416C44B70181F02C4AB4201F
:2059C0003C0A61FF21F228402851DA012CF6287BDA02B42FDA08F9DFAC1061FFEBF11D00FF
:2059E000B60009DFE868780249D2246AF4A202BED42E02846DFFA0FEC2F2F9DFB210370227
:205A00007010D9D5AE10095FC008FE1661FFFCF158022CF48F8F3F0028508F813FF02861F2
:205A200096802CF761FF04F261FFC4F1DA08F9DFAC101D008C00EE3BDAA334FF58022CF153
:205A40008F8F3F00282061FFD7F101DA0026286186814922101A8F0148F12CF7DA08F9DFAD
:205A6000AC100C2A8F1F0001370F81F12C2A370FE100370F01F22C2A370F6101370F810250
:205A800089200A08542F6C234C216C24B70081F02C2A61FFCDF119DF8410B9D0AC10420F7E
:205AA0008FFF1FF1EE04821E61FF84F1DF0E4F803B002020B9D0AC10D9D28410D9D4B010B9
:205AC000D9D6AC10B9DFAC1010F71607EE0ADA9C347F61FFADF1B9DFAC10C21FB46F3C0B25
:205AE00004EF347FB9DFAC10C21FB46FB9DFB010C21FB44FB9D1AC10542F421F8FFF1FF1A4
:205B00006E07B9DFB0103E845A013F2FDD7FB9DFB010FE838F7100F16E15D9D2AC10092FE5
:205B2000C00810F4344B092FC008C21FB42F092FC0081607EEF53C06542F42F18FF11FF1CE
:205B4000EE0361FF37F1D4A2F42E01CD00261420DA0AFE08B9C5AC1059C5A210DA01E9CF85
:205B60008D2002C440F46D00960EDA00F9CFAC10DF120980D801826414FF1608EA141D008A
:205B80000300009061FF9EF1D924A0107648DA01344FDA00F92FAE103C040090DA03344FCA
:205BA000DA01E92F822039208020B7008101E92080208200E9208D20E92F8F20E9209120BC
:205BC000C83FBD0FEC7FDC0F61FF7CF1DA0FE92F8220C86FBCF2DC0F0090856210888218B3
:205BE000404FD42C19C990103C031B09209002946D001C03DF02FBFF59C99010DA01E9CF2F
:205C00008C20E9CF8B2039CF87201E271E3A1E451E581E631E763C0D3B80075002943C0509
:205C20008B8907403B80005040F46D00340E0228DF180980DA00E9CF8C20E9CF8B201DFFB4
:205C400007FE0090201061FF21F1F4AFD9FF8C20F80314FFDF2F6C81D4AF39FF8E205E1BFB
:205C600039FF9920EE0839FF9820EE056DFFF0FD1D005B01D9FC862014CFDF2F698039FFFB
:205C8000802019F49010370F61818202538822F010FF09FF6608AE078F188081D4AF5388DE
:205CA00022F010FFD4A2D92D892014DFDF1F3B00DF2F4E80D92E992014EFEE07D9247C0065
:205CC0003B0002506D00C00BD4A2D9229220DF12040014EFDE12DA0034EF142FEE338B0800
:205CE0002002488F8F000100BB00E01F42103FF00780DA01342F3C2ADA00342F09FF660802
:205D0000B70F01F089FF2608D4AF09FF66086F0F1F8009FF4E186F0F1B80DA03E9FF86200E
:205D20003C16D92F992014FFEE07D9247C003BE001506D00890BDF12040014FF5E16DA000C
:205D400034FF6DFF85FD3C03DA0234DF14CFDF4FEC80856210888202D42FE9F2942059F297
:205D6000941059F29810D9F4872089A48809D9FD9010144854D9DF083680D42F0228D9F2C6
:205D8000982089A28409D9FE92201420DF10208014EF6E17D9FC9420D9FD9410022440D482
:205DA00040C56D00700DDF120780820034E06DFF4FFD3C0814CF89FF240854DF61FFD8EFF9
:205DC00034E0D801820034F01D00AD0039FF942089FF240819FF941061FFCAEF34E01D00C0
:205DE000A200DF183680D42FD9F2982089A28409D9FE9220142FDF1F228014EF6E197B1095
:205E00000040D9FC9420D9FD941040D440C56D003A0DDF120780DA0034EF6DFF19FD3C0A35
:205E200014CF89FF0C1854DF61FFBBEF3C02DA0134EFD801DA0034FF3C7539FF942089FF4F
:205E40000C1819FF941061FFACEF34EF3C6BD9FC992014CFEE080294D9F47C003B000250CA
:205E60006D00F20ADF12050014C0DF102580820034C0D9FF922014FFEE1B821034F061FF29
:205E800082EF61FFF3EF74DFDF280D00DF380B00DF480B00DF580900DF680900DF780700A6
:205EA0003C4182283C3F82483C3D82683C3B6DFFCFFC3C38DF280D00DF380D00DF48120080
:205EC000DF581200DF681E00DF781E003C2B82383C298200E9F0922061FF55EF82483C0F53
:205EE00082583C20DA00E9FF9220687961FF4BEF826859FF84106CF87B1000F074DF3C1227
:205F000082783C10DA00E9FF922089F9041961FF3AEF89FF0819DA0EE9FF8320DA05E9FFBC
:205F20008620D80234F8D803DA0034FFD4AFD9FC862014CFDE13856F108809FF64085E1C81
:205F4000DA0434CFDA00D4AFE9FF872059FF901059FF38803C036DFF7BFC14CF5E73DA04B8
:205F600034CF14CFDF2F5380856F10888204A0040245D4FE39EF8020370F6101538022F036
:205F800010EF09FF6608AE068F1080F1538F22F010EF39EF89209E1DDF2F2980D9ED90102C
:205FA000487F74DF39EF9220EE0A6DFFCBF4D9E47C0054D43BE001506D00FD0B6D00830692
:205FC00054DF3B800050D9E474208B8F07403C0ED9E29010488F742F6CF7D9E47C00542F93
:205FE00061FFDBEE3B8007505424D9EF8B20DA0134FFD9ED8C2034DF6D004D0CDF120780AA
:20600000DA0034DF34FF6DFF23FC14CFDF3F388061FF3CEF39F08420DA1D5F0F2100DA5D07
:206020003E0ADAD1BE0CDAD53E09DADFBE00DAFD3E0B3C2261FFD0EE3C0361FFD5EE59FFE0
:20604000BC00DA043C0961FFC7EE3C0361FFCCEE59FFBC00DA03E9FF83203C0EDA0EE9FF5D
:20606000832039FF8020370F61F18B0F20F28F0F01F059FF9010DA05E9FF862014CFDE4369
:2060800061FF04EF39FF87206E0F1E1EDF2F2300DF3F3B00DF4F2400DF5F3700DF6F27004F
:2060A000DF7F3300009019F49010D9FC8C20DA0134CFD9FF8B20DA0234FF7B1000506D00D9
:2060C0001F0ADF120780DA0034CF34FF1DFFC0FB009039FF9220EE1382043C0C39FF922005
:2060E000EE0E82043B100D503C0739FF9220EE0782143BE001506D00F1053C036DFF36F41A
:20610000D9F47C003C056D00DE05D9F474201DFF66FD61FFBBEE49FC086A09F4CE686DFF66
:2061200070FBBBF0FFFF3E28538221F054C010F2092F10197E038212009061FFC7EE82024A
:2061400089F28E68DA02E9FF8A200090856C1088024A8202D4CF19F08810D9FD7C808FF0E2
:206160001F81BF984B80B70009B0C28801DA00F614F0DAA35F0F3A80082F0BAB00C0D4CEDA
:206180008F8F2090081F820DA6F902946DFF39FBBBF0FF0F5F021D8009CFD4088200538FD7
:2061A00021F010EF49FF101A3C0C09FFC8087E9554FF7EC3821D3C0361FF54EE49FF180AAC
:2061C000B9EFBA107FF00C80DF0DF17F3C08538221F010EF09FF10193ACFAA1D76D5F9E99F
:2061E000B21059EC901002D28B8A00F0370F70A07F8A0480DF02BC7F009061FF47EE39FFC3
:20620000832082029E503B0001007E0439F08C20760A5E1439F08C2076061E325E4539FF68
:206220008C201E128212009061FF30EE7B1000F00BF45001538022F0820110F20212B704DC
:2062400009303C0A012102F6481F7E3382123C04C21137016810092F64083E13DF02F47FED
:206260000090856F1088D4FD820839D08220DA097E0E39DF8020AE3B39DF83203B000100F5
:206280003E025E1539DF8C20EE563C5439DF8320DF3F528009D4E8686DFFB3FAC81282194D
:2062A000012203C661FF90ED2E33822C3C0609C4C6086DFF41FA022C8FFB1FF16E14B70B76
:2062C000090002A41B0020D01B0D20506DFF41FA370BE601484F42C0A20286327FF2040032
:2062E00002DB74ED0BAB10486DFF33FA0BC28000484F86307FF018000CC36E0A39DF802099
:20630000AE373FC20680DA01E9DF97208209D9DF832014F0DA0E7E0839DF9620EE05DA05BF
:2063200034FF3C028209029F39D08C20DF100400EE02821802820090856C1088D4CDD9DE99
:20634000B21009E4C0086DFF5CFA538221F0D9D48C1009C2840910DF544F89FF101501221B
:20636000032608AFD9D5802096022CFA14506F300600B70F01F02CFA3C0696012CFA092F14
:20638000C6086CF139DF83203BE00000BE001E3F1E4E08AF2E2396203C03B70F81F22CFA19
:2063A000B70F01F12CFA145F9601345F19DF841054419280B70F09F07FF114803FF01280AB
:2063C00009EFC00889DF8E68B9DFAE1089DF8C68544F89DF086909DF5068960289DF106859
:2063E000DA01E9DF8220145FB70F81F1345FDA00E9DFA010E9DF9120F9DFAE1039DF8320FE
:20640000CCC21E53BCFBDC0FBCF32D0F0000DA00E9DF9720DA05E9DF90200090200861FF28
:2064200041ED49C2206AF4A2820A0928C80802AC092DCA080284D42D82196DFFE2F939C05E
:206440008220DF607E80538221B001CB0026092F5A18AE1382403C03AE068250E9C0A0107A
:20646000821C3C02820CDF0C3D80D4F2012B00464925206A0940141949242C6A37007000BA
:206480000942C0080921EA68D456DF0221007F100A80DA00C21F246A370F70F03F2FFCFFD0
:2064A0003C161A217FF01E00A210370070F0B44FD45FA2F23702700010FFDA003C05C21FFB
:2064C00024FA370F70F03F0FFCFF3C0BDA01E92F8220DA00E92FA010C82FBCF32D0F00004F
:2064E000856F1088D4FE09EDEA6876CADA01E9EF8220C83FBD0F21002D0F00003C1D01EBEC
:2065000000F609FF10198B8F00A08FFA1FF1EE0B3C05B70A09F01B0F20A002A46DFF86FE8D
:20652000DF02F9FFBF7D05808B8A00A0C29DFF7DEEFF59EA901039C0A010BA20EA1CD9CE31
:206540009C10F4EDD9CD822014DFDF3F2F80DF0D12003C0BD4EF01CD0026392F3D8034FF52
:20656000C21DD4EFB01FF4EFBF7DF6FF820D3B900090D9CFA6103C1601C90026DA00A0642E
:20658000D9223C80D4E504201055C21F3450370F68F0FC49D4E28B8900F0370F7090B07298
:2065A000F4E254FF3FF9EAFFF6C314DF5E1414DFDF3F3380D9CF9010F80154F9D4AF029408
:2065C000A85D09F5CC086DFF76F1022A6DFFC4F159CAA610D9C43C800B9A10486D00AE0872
:2065E000DF12058082241DFFCFFAF9C8B21014DF5E3E42A93C05B70909F01B0F2090029433
:206600006DFF14FEDF02F9FFD80174F9D4AFA85DD4A2D4EFF42F0090856C10882010D4CD0F
:2066200009D4E8686DFFEDF8D9DF8220F803DA0814F002283E03DA097E0382103C02820080
:20664000DF003201CCC18202022901F803F6F801D9DF8220F802022AB9D0AC10DF00BD8020
:20666000538821F010DF09FF10196E0402846DFF3AF839DF9120EE15820961FF23EC09A405
:2066800084095440370078F06E0C7E2BDA01E92FA010E92F8220C83FBCF32D0F000082192D
:2066A000DF099B8061FFFEEBD9CE841054EF3C0361FFDCEB02F46DFFB9FDDF02FBFF74EF54
:2066C0008FFF1FF16E4009CF50686F1F3D00D4F2392F8020D92C8410370F619154CC092427
:2066E000CE68092BCC686DFF8CF8022D61FFA5EB02946DFF2EF88FFC1F01BBF0FFFF7ED320
:2067000082013C06C812012D03260921430806D0484F420B370B70300B32800086307AF095
:20672000F612EE05DF110A807F32088002EC3C05B70C09F01B0F20C002C46DFF77FDDF022F
:20674000F9FF74CCD4FC8219D9C28020F4A2D9CE8410142F54EC370F61B12E33822D3C085B
:2067600009A284090924C6086DFFE6F7022D8FFC1FF16E1061FF61EB02B46DFFEAF7370C63
:20678000E601484F42D0A20286327FF2040002EC74EE0BBC10486DFFDCF70BD28000484FF6
:2067A00086307FF01900D801083F6E0AD4AF14FFAE373FD20680DA01E9CF97208209D9CF74
:2067C000832014F0DA0E7E0839CF9620EE05DA0534FF3C028209DF096780D9DC841054CBE1
:2067E0008FFB1FF16E50B70B0990B9D0AC103B00202052010B2190A1DF0A3C0001D000F68A
:206800008FEA1F50D9F47C800B0900406D00D307DF121A80820AF9DAAC101B0920B009D0B9
:206820005068B70081F089DF106889DA8E68E9DA8A203C031B0B20B002B46DFFF7FCDF02A7
:20684000FBFF3C23B9D0AC101A0A370F70F001D000F63C07C21039F17C80E9F13C80B01F69
:206860003FF0FAFFB9DFAC1042AFF9DFAC103C0D09DF5068D9DF8A202E13DA013C02DA0296
:2068800034FF3C03E9DF8A20F6AEDA00F9DFAC10F9DFAE10F9DFB01059DB8C1074CBDA02E9
:2068A000D80234FFD80314F0DA0A5F0F9F8061FFF9EAC81FD9CDA2103B002010D9CE99202E
:2068C00001F803F6F4AF49CF086AF802D9CF8220F801D9CF841054F954D0B70909A014EF43
:2068E0008202A2A94209B9C0AA100B0980300B1390B1EE0C0B0A004061FFA6EA6D00A405D3
:20690000B9CFAA1042BFF9CFAA10DF12050014EFDF1F4E80DA00F9CFAA1034EFD9C2912022
:20692000142FEE35DA01342FD9CD8C1054DF59CF88101B0A20F01B0F209074F949CF246A5C
:2069400054FFB9C0B010A20F74FF6DFFE4FB762D39CF8A205E1AD80254FF59CF901009CFA2
:20696000CE68F9CFB2103C0882046DFFF1FB762A39CF8A205E27DA00F9CFAE1074D9DA0DCA
:206980003C32D4F4D4A56D002D023C2F1B0A40F074FFD9CF802014FF2E36B70F81F134FF4F
:2069A00082643C0282146DFFEFF83C1FB9CFAA10FE9CDA00F9CFAA1054FF54D0420F74FFFC
:2069C00039CF80202E34B9CFAE101E29D4AFB9CFAE1009F4C6086DFFAFF67E246DFFAEFCC3
:2069E0003C04DA02D80134FFD80314FF5E2402846DFF77F714F0DA0C5F0FB3808562108895
:206A000082093B002030CC21D42C029201F803F6F802D9CE84100920D408538021F010CFF0
:206A200049FD101AD9CF8220F801D9CFA21054E8F4AFB708094054F0D9CF99201A08524009
:206A400014FF370070A0B9C0AA100B0A8010370170100B3190B1EE0B420461FFF5E96D00E5
:206A6000F304B9CFAA1042BFF9CFAA10DF12040014FF5E17DA00F9CFAA106DFFA7F83C70CA
:206A8000B9CFAA105FAF6D80DA00F9CFAA108FF81F01D4AF54F1DA085F1F458001C000F612
:206AA00039F03C80DA655F0F3E8054E0D9CF8C10B700091054F2B9C8B21049C2086A7F12A7
:206AC00011803F100F8089C88E68B9C0AE1089C08C6854F0742009CF5068960289CF1068BC
:206AE00002846DFF8EF6BBF0FFFF3E28538221F010C254FF892F10193C1582003C0D538036
:206B000021F010D2092FC8087E8554FF742F82193C0361FFA7E9B9CFBA107FF00480DF098A
:206B2000F07FD4AF54EF54F0420F74EFDA0DD80134FF39CF8A20DE24DA00F9CFAE1019CF39
:206B400090108FFF1F416DFF03FBF62A09C4A46909A588096D00460154EF59CF8C10D8036E
:206B600014F0DA0D5F0FA88061FF9CE919CF8810D9CD9010B70F09A019CF841054D98FFF43
:206B80001FF1EE036DFFE8EE10CF3B002000D9C28A20A2F0142FD9FE3C80DF1F50803FA915
:206BA0002880029FB9C2AE108FFF1F1109CFCC68D9CF7C80A22F370F70F05E163B800080BF
:206BC000822034203C07063FC28F370F70F00BF09081820001F100F63C0504F124E161FF2F
:206BE00041E93F80FCFF54D0428074D03C5F020861FFC9E85291370170B07F0B098002F48D
:206C00006DFF14FBF6233FAF038002B88FE81F5040E402946D00CF05022F42893C05B709D7
:206C200009001B00209002946DFF00FBDF02F9FF74D96E3C6DFFCAF73C3C8FF91F21D9C4A9
:206C40007C805E453B80008082203C15D9C5B410DE24014200F6087F8F8F2010086FA6F1E7
:206C6000B7019117B4518631370170807F8010800208823034203C0D0950C008B9C1AE108F
:206C8000A210370070F0863F370F7080DA04342FDA00014200F63C06C21F04F0370F70F09F
:206CA00024E03F8FFBFF428974D9DA0EE9CF822059C8A610D80314F0DA0E7E031DFFD1F5AD
:206CC000009061FFE3E8858F128059FF7420858F168059FF782000900B45108861FFE2E82B
:206CE0006DFF30EE538822F0D9CF7C0019C0388010C2DA5909216408092204090923080958
:206D000034FF8F4100F0281916F089F92908C2102CF389FF2B08681068B07615683268536A
:206D200068D268F3DAC6D9CF4410A08289FF0800FC2ED9CF4C2091000028D922AC24A0848A
:206D4000442F64FFFC4ED9CF7020DA00D9C27C00C5041C0044214BF130F0FC4D74FF59C06F
:206D600038800090856210880B451088404F026AD42C820239CF822049CD206A5E1D39CF18
:206D800080209602E9CF8020DA06E9CF8220DA02E9CFA0103C078224826502266D0045003B
:206DA0008212F62889C8A86889C9AA68F4DF89CAAC68009061FF6AE839FF82205E1B39FF55
:206DC0008020B70F81F1E9FF80206D000B00820200908234826582066D00270082120090EA
:206DE00061FF54E839FF802096109602E9FF802009504308DF100580AE33DA093C02DA085D
:206E0000E9FF8220DA02E9FFA010095FC40889FFA86889F4A469095FC408F9FFB210DA0056
:206E2000F9FFAC1000900B4510683B50014082051DFF26E0404D61FF35E8538421F010CF00
:206E40008BF51F8009FF1015EE1A19C0901074F014DF08A0160137F001F02CFA14D03700F6
:206E6000E100370F81F02CFA14D037006101370F01F12CFA537820F06CF10090483FEE201C
:206E80006DFF31F419CF3E80C2F2068FFE2919CF90106CF3537820F06CF414DF08A0160177
:206EA00037F081F12CFA14D03700E100370F01F22CFA14D037006101370F81F22CFA0090CC
:206EC000202861FFE3E7F80339FF8020AE24820802803C047B10008082105380229001F933
:206EE000002689A2940939FF8820EE4BD9FC8410402F488F74CF820A488B487F1B0BE00F5E
:206F00005F0F310009FF64086E07481F5F0F2B00482F5F0F2800D8038B8000C0D9FD3C80A4
:206F2000C28B40D402B482256D004504F62754DFEE054CD1EE0374CB3C11821AF62B14D05F
:206F4000DA9C3E03DAA37E06D803DA02E9FF81203C057624D805488F74CF7FBC0480DF0ABF
:206F6000E17FD80319FF8410C28F59FF9010BBF0FFFF7807F9FFAE10DA01E9FF88203C0854
:206F8000DF1F3781BBF0FFFF7807F9FFAE1061FF7DE7F801D9F23C8001F900F6DA0089A224
:206FA000880982397804F806D801856C1088D9FD9010D9FE8820D9FFAE103C11D4C2192FF3
:206FC00090103E8BC28F592F9010B92FAE106E07C2FFF92FAE103C03E929882054D46DFF80
:206FE00025F9762614EF1E3409FFC008EEE8D80139FF8820DF3FF500B9FFAE10DF0FF100BB
:2070000019F49010822509A488096D00D40339FF81205E2DDF120800D80214F0DAA33E079D
:20702000DA9C3E05D801DA00E9FF8120DF12C600D80285811A8054FF14F05F1FA380DA0058
:207040007804087F8F8F20A0086FA6FA085FB70A91C78F8F20B0084FD801A6FB8F3C00D05E
:2070600019FE9010D80609FF6408EE040BDE80D03C1189AE200909A42009C28489A42009BD
:207080006DFFD4F8BA02063FA2FDDF0DF6FF09AD20097FD89380DF0A91007B2000007F0D4D
:2070A0008D8002D409A4880982256D008403DF02608085621088D42FD9FF3C80087F8F8F98
:2070C0002000086FA6F0082F8F8F2010081FA6F15F1B09805F0A078014F0DAA37E03DA0071
:2070E0003C02DA01EE4514AFB71F85F034AFD42C59CD9010D9CF3C80082F49CD086A8F8F4C
:2071000020A0081FA6FA02A46DFF7BF3087F14A02E748F1040F13C03B70001F034AF580792
:207120003E2740A40B2C10486DFF86FE3C050BAC10486D008A0009CFCE68EE1A19CF8410AE
:20714000B70F09F07FFD10803FFE0E80C21C89CC8C6874DD89CA8E6809CF5068960289CF58
:2071600010683C067FFE0580580789CF8E68D80159FD9010B9FFAE10C2FFF9FFAE103C1F8F
:20718000DA9C7E045804C21F3C19DAA3FE0661FF7DE639FF039039F002908F8F20F0A60FB8
:2071A000B70F91F7C2FF370F700039FF81205E2558043AF0E9FF8120DA00780461FF66E69D
:2071C00019FF90103E8BC28F59FF9010B9FFAE106E07C2FFF9FFAE103C03E9F98820D801E1
:2071E00039FF88205E15B9FFAE10DF0FDFFED80339FF88205E34DA00F9FFAE1039FF812045
:20720000DE1939FF8820DE36D9F28410542F8B8F00F0742F8FFF1FF1EE0589FF8E6861FF85
:2072200055E6D8055420488F7F0F05801B0F20F06CF800904C46FF3F0480904F68344C4649
:20724000C21F6C46009061FF3DE609F2D4088201D924BA10538221F00940C008102F49FFE9
:20726000101A3C06C2113701701049FF180A7F01068009FFC8085F4FF7FF5F0113804202F4
:20728000DA0D7FF20C00192F901074FFA844537520F06CF161FFE6E53C04DAFFE92F9320FF
:2072A000B44000906100890009FF690809F8680809290409EE0309290809486F7FF905804F
:2072C000529068603C0402F9DA006CF661006800007061006100DA0089FF2A08007054FF3B
:2072E000B70F030016078B8F0011600209224009007061006600260F007061004900821788
:207300000070856F148849F20C0A542F007089FF2F0861005D00856F148849F2100A542F44
:2073200000706100450009FF6B0800706100340009FF6F08007061002B0082270070914052
:2073400080FF09FF04197B800000260F007009FFEC088B0F24F389FF2E080070856214888B
:207360008200D422092F6F08007074FF8B8000F060F4007054C040C48F3040410070B70FB6
:2073800081F089FF2B08DA3E74CF00706100250082660070856F1488D4FF0070858032808E
:2073A000600C54CF40C48F3F4041007089FF280889FF2F08007085621488D42F00709140CD
:2073C000802F092F04197B8000000070DA3E914080FF6CFE00703BC0054082050070856FD1
:2073E0001488D4F2092F6F0882005E1D89202F08DA03892F2808092F6B08B70F81F0892F40
:207400002B083C0C1E351E443B9000107E19020F892F2F08DA03892F280882103C05BA2F49
:20742000861F892F2F08760E49F2100A542F6E0AD4FFDA0689FF2A08D42F2D0F000061FFD8
:207440004AFF0090856F14887B00F00A404D8F2500A02008D4FC0B040080820909CF6F080C
:20746000EE4B827089C02F0885803280600E54EF40E48F3F40416D00020A0000000000000D
:20748000B70803008F7800F18B8F0011600F09F2400989A240090D00800410AF8B8000F095
:2074A00060F23C14F61A40AF0920480189A040090D0080043B80001014D014FFC2FA3E03F7
:2074C000820A8219C2F1B01DB01FDF0AEDFFDA0089CF2F0861FF35FF6E0754E040E48F30D8
:2074E00040416D00CC096E0961FF77FF3B20026082476DFFCCDC8219029200900B4510883B
:2075000082146D00A405DF0221807B2000007F080580B70814F66E0382253C099AF9A280BB
:207520007F0F0580B70914F66E06823582146D0064053C0B820061FFFBFE6E0682148265C4
:207540006D005B0582107603DA013C02DA00EE4E858F3A8060FC54CF16016E08856F1488BA
:20756000DA01C87FBCF32D0F0000EE3A820A61FF13FF7B00F0FA42F86828B70914F68F4907
:207580001F00CAF0C21089F0AC0861FFE2FE9140802F4C246F0F2B8089FA31086D006C0520
:2075A0006D004109858F3E804B2F1102684048246D00590554CF16066E09821A61FF0DFF18
:2075C0000BAA10686DFF63DC3C1209FF72081E28DA0261FFA8FE960489FF2B083C0861FFE2
:2075E000FCFE821602676DFF52DC821A02A2009061FFD2FE09F26A080090404F7CF3821564
:207600003C06D4F2092F6F086E05826582041D00F404A56F14886D008A056D002D059140A2
:20762000802F09202C19858F1E8026F0488F0FF0A040DA006C2C092F3439B70F02F0892F28
:207640003439858F2A8060F46D0019099140802F092F0819B70F1E40858F2E80A6F4858FAF
:20766000328060F46D000B099140802F092F0C19B70F024F858F368060F46D000009DA021F
:207680009140802F892F3039DA009130804F2C442C45D4F4894F2808894F2F08894F2A0815
:2076A000494F0C0A09406B08B700820089402B0864FF64FF64FF856F148809FF6808894F22
:2076C00029084C2D16016E06C87FDA01BCF32D0F00006E0861FF81FE02563B9003701DFF61
:2076E000D6DBDA01A56F00B0009082646D00AF04DF02168061FF1CFE6E12914080FF48D0CB
:2077000048418F1000016F010400DF0014001E1A1E271E3A1E4B3B9000003E0A00901D00DB
:20772000DB021D00C8031D0068031D007C021D00250282641D0067040248404C0259820AF2
:2077400082746D008404DF0233807B2000003F08048082253C097CC382453C067694A280E4
:207760007F900780823582746D0047043C2061FFF7FD6E06827482656D003F048210DF00EC
:2077800017809140802F092010096F00118061FF03FEDA0289FF28087B00F0FAE88C6869F1
:2077A00042F874F8DA0389FF2F083C02821A02A20090856F14880249404D02582008D4FCBF
:2077C000820A09CF6F08EE4ADA0589CF2F08858F328060FE54EF40E48F3F40416D004F088A
:2077E0000000000000007B00F0FA42F9B70903008F7900F18B8F0011600F062809F2400921
:2078000089A240090D00800410AF8B8000F060F23C0FF61A40AF0920480189A040090D001C
:2078200080043B800010C2F804FFC2F124DFDF08F2FF61FF86FD6E0754E040E48F304041BE
:207840006D001D08820589C52F086E093BC005403B10026082376DFF1ADB821A02A200903C
:2078600002483B9000406D00F203F62B61FF60FD6E063B90004082651D00BF0389F829087C
:207880000090820502561D00D600858606901D00D2000248404C0259820A02AB82246D0079
:2078A000D603DF021A807B2000007F0805808F7800F16E04822402453C0D9AF9A2807F0FEA
:2078C00005808F7900F16E0382353C037CC6824582246D009203821BDF0B5C8061FF40FD12
:2078E0006E06822482656D0088038210DF00528061FF63FDDA0089FF3008858F3A8060FDC7
:2079000054DF16016E0709229C09DA01BC232D020000EE399140802F4C246F0F3B807B0024
:20792000F0BA42B868186879E89C821885621488D42209201C09DA187F0F05804C21161FB6
:207940006E0282086D0098036D006D0702B4858F0290028540F44B2F110268506D008503F3
:2079600054DF1606EE1009FF72081E1DDA0289FF2808DA0189FF2F0809FF6B08960289FF34
:207980002B083C0861FF29FD822602676DFF7FDA821A02A20090856F1488D4F2DF24078064
:2079A000092F6B08B70F01F13C07DF140880092F6B08B70F81F0892F2B08092F6F087E4468
:2079C000DA00892F2F08DA01892F2808DA3E9140802F6C2E49F2100A542F6E09D4FF89F44A
:2079E0002A08D42F2D0F000061FF75FC0090856F1488D4FC09CF6B08B70F01F189CF2B08C7
:207A0000DA0089CF2F08DA0189CF280849F2140A542F6E0AD4FFDA0289FF2A08D42F2D0F9E
:207A2000000061FF58FCDA0089CF310861FFD0FC0090202889A58C09024889A51009026964
:207A4000404CDA00780161FFA7FCF4AF858A069009F06F0889A01409858022807802600DB8
:207A600054DF78065FA90580405F14FB3C02820B85803280600F54FF40F48F3F40416D00E6
:207A8000FE0654DF9603B70F01F474DF000000006D00C9063B007DF04B2F11C26D008306E1
:207AA000022E6D008006022FA2EF3FCFFCFF7B00F0CA42C85FA9068058048FCF0000420807
:207AC000608E5805EE53D4A2DA08892F2F085FA905803B0000813C407B1000803C3D8209FF
:207AE00009E040090D00800409E248090F20A0F07808A63189A124090D00800461FF61FCCC
:207B00000F0F80A076A754FF40F48F3F40416D00B6065801AB1FA0FA780158088B0F2002B9
:207B200058098B0F0005F60358016E028219769EC21BBF3B0580DA0178023C0E8F2B00F02F
:207B400010C280EFA2CF892F3CF9DA0078011B08E08FD9EE00807683BF3BC3FFD803DA00F0
:207B600034FBD4AF89FF2F083C03DA017802580674DF09A208090090200861FF95FB6D007E
:207B80007E0600000000000061FFABFB89A240090D00800410A254FF429F61FFE8FB3C12DF
:207BA000F61A40A20940480189A040090D0080043B800010142FC2F96E0382488209C2F1FC
:207BC000B012DF09EFFF61FF96FB6E0561FFD4FB6D0055066E0B61FFDBFB3BE001706DFF0B
:207BE00056D93B9000401DFFD8FEDF480A80DA0489FF2808DA0061FF8CFB6E133C09486FD4
:207C0000EE10DA0061FFD4FB61FF7DFB6E0AD4FFDA0989FF2A08D42F2D0F000061FF5BFBA8
:207C20000090200861FF40FB6D00290600000000000061FF56FB89A240090D00800410A2ED
:207C400054FF429F61FF93FB3C16F61A40A20940480189A040090D0080043B800010C88511
:207C6000142FC2F914503E0382488209C2F1B015E885B012DF09EBFF61FF3DFB6E0561FF28
:207C80007BFB6D00FC056E0961FF82FB82476DFFFED882441DFF81FEDF480C80824089F052
:207CA000280861FF36FB6E16D4FF89F02A083C0D486FEE10DA0061FF7BFB61FF24FB6E0A5C
:207CC000D4FFDA0489FF2A08D42F2D0F000061FF02FB009061FF71FB09FF6E089140804F23
:207CE0008FCF00804C4D16016E0709229C09DA01BC232D0200006E0961FF01FB6DFFC7D8EA
:207D000082246DFF4AFE3C189140802F092F74086F4F150009FF7108EE05DA0189FF31089E
:207D20003C0D826482756D00680161FFE8FA6DFFAED86DFF5EFEDA013C02DA00EE12482FE1
:207D40001284682409FFEC0809F06E08A20F89FFAC0861FFFEFA09FFEC086E041D00300096
:207D6000009009FF7108DF1F2100DA3E9140802F6C2E8562148849240C0A544F6E0ED42286
:207D8000DA02892F2A08D4422D02000085621488D422DA00892F2A08DA0061FFC4FAB70FDD
:207DA00001F189FF2B080090826482756D00250161FFA5FA6DFF6BD81DFF1BFE024861FF89
:207DC000EBFA09FF6B08960489FF2B086D00540102846D0048019140802F4C2D1606EE04E9
:207DE00009FF72085E2861FF8AFA6DFF50D882241DFFD3FD0090200861FFDFFA09FF690807
:207E000009280409EE0309280809486F7FF80580528068603C0402F8DA006CF661FFC0FA14
:207E20006D002D0500000000000061FF5AFA89A240090D00800410A254FF428F61FF97FA23
:207E40003C13F61A40A20940480189A040090D0080043B800010C885042FC2F8345FC2F101
:207E6000C885B015E885DF08EEFF61FF44FA6E0561FF82FA6D0003056E0961FF89FA82373A
:207E80006DFF05D882341DFF88FD486FEE12DA0089FF2F0889FF280861FF35FA6E0AD4FF60
:207EA000DA0389FF2A08D42F2D0F000061FF13FA0090820861FF81FA85803A80600C54CF3C
:207EC00016016E0709229C09DA01BC232D0200006E0761FF32FA6DFFDAD782183C1B856267
:207EE0001488DA188210D42209211C097F1F05804C21161F6E028200DA08AB0FA200481FC1
:207F0000420F6CF1487FA20F6CF7C89201200026E892DF08448054CF2E34DA0189FF3008F2
:207F2000487FEE38858F268060FC09FF7008EE0E61FFF9F961FF25FA61FFE5F96E06D4FF6C
:207F4000DA0189FF2A083C20009082643B8000506D00530061FFF1F96DFF99D7821089F0BE
:207F60002808820189F12F0809FF6B0861FF09FA89F13008856F148849F2180A542F6E0926
:207F8000D4FF89F02A08D42F2D0F000061FFA3F900907B00F04A1D00050082141DFFFDFC16
:207FA000856F1488D4FC09CF6B08960289CF2B088218D4FF487F3B8001007FF00580481FA8
:207FC000161F6E0282086D0057007B00F04A40C402856D004A00914080FF48DF1606EE0432
:207FE00009CF72085E1861FFA8F96DFF50D782141DFFD3FC00900B45106861FFEEF91DFFE9
:208000003FD761FFC9F909FF6F0882085E296D00CA03483FA2F2484F0B2F50F1EA1809FF27
:208020006F085E196D00BF03483FA2F2485F0B2F50F1EA18768A82643B9000506DFFDDFF9B
:2080400009F46F081DFFA9FC00908202856F14806E04856F00B01E1582556DFFCEFF821262
:2080600000901D0011000256094504090944A4091D006500DAFA9100F0FA59FF54550D00B6
:2080800080040090856F1488DA009110F02AD4FF89FF320809FF6E085924909A0D0080045C
:2080A0009110F02A592F989A0D008004858F0A9060F2DA80742F0D008004DA50742F0D0052
:2080C000800482003C02C2109140802F092F5808AE1CDA197FF00A80858F3A8060F2142F59
:2080E000AE14142F6F2FF17FDA193FF00680DA0289FF32080090858F3A8060F2142F6F1FA6
:208100001580142F6F2F12806D008D03DA644B2F11826D004803022F6D004503A2F23F821C
:20812000FDFF6D00400368320090DAF09100F0FA59FF54550D0080040090B7041030856F13
:2081400014888200DA5DD4FC1B435515404F601289C03208742F0D00800482019140802F77
:2081600085823A8060243C02C211092F5208AE49DA197FF10780144FAE1414426F22F67FB5
:20818000144FAE13144F2E228210DA197FF16780DF006880BA168240EA1080FF16036E1AB9
:2081A00014FF37F80880081F37F80884082F37F80888083F37F8088C084F37F90890085F8D
:2081C00037F90894086F37F90898087F37F9089C3C0309F840091B035FF560F289284009EA
:2081E0000D008004C2F049FF080ADF00D8FFBB00A5FA423F60FF74F50D008004BB80A5FA1E
:20820000423F60FFDA0074FF0D008004BB80AAFA42F3603FDAA074FF0D008004DF160880F2
:20822000603FDAA674FF0D0080043C06603FDAAA74FF0D008004914080FF3C02C21009FF4A
:208240005808AE09DA197FF00780144FAE14144F6F2FF67FDA193FF00680DA0189CF32086E
:208260000090144F6F1F1680144F6F2F13806D00DA02DA644B2F11826D009502022F6D001D
:208280009202A2F23F82FDFF6D008D0289C20C090090DA00BC43DA113C098200256022C01B
:2082A0006D00B7008210256031406E0882050B5F10683B4003401DFFE3D50090DA00256FA3
:2082C00031400090821805603144DA00F603DA203C13BF440480DA103C0FBC435440F603C5
:2082E000DA113C0AC58F201001F400F614F0F6046D00200002286E093B40034082053B90A2
:20830000046002F76DFFBCD5028200908207056F3144EE043B0002703C03AB07A1747678EA
:208320003B40034082053B0004601DFFA9D500900248910000F8D9FFA23401F802F620108D
:20834000F802D44D0829910000F6D9FF487101F900F6F80380FAD8028B0902C037CB08B06A
:20836000081E14FD536E20F0910000F8D9FF903410FF3C2302AF40FE60FC082FB06F3C166F
:20838000370B68007F0F078010D410C2144034203C0A3B40034082053B100F603B000170CF
:2083A0006DFF75D5C21F370F68F009E043087FF0E9FFC21E370E68E03FDEDEFFC58F0E90A4
:2083C00001F902F63BF00F00082F820A3E023E8A6D0744BEC56F23C001F900F634F86D0789
:2083E00041BED80214FFDE32D80337C1081080F089A040096D0732BEC24940A43709684079
:208400006D00F52A022A6D072DBE02A200903B00024091000046024591200058DA01D94475
:208420004871D9557F31256F23C01D00D0476100090074F0007061000500820074F0007000
:2084400060FF54FF74FF0070858F22A061FFFAFFDA5A74FF858F26A061FFEFFF858F2AA0AB
:2084600061FFE7FF858F2EA061FFE3FF858F32A061FFDFFF858F36A061FFDBFF858F3AA05C
:2084800061FFD7FF858F3EA061FFD3FF858F02B061FFD8FFDA1874FF858F06B061FFD2FF25
:2084A000DA1A74FF858F0AB061FFC3FF858F0EB061FFBFFF858F12B061FFBBFF858F16B0AB
:2084C00061FFB7FF858F1AB061FFB3FF858F1EB061FFAFFF858F22B061FFABFF858F26B0CC
:2084E00061FFA7FF858F2AB061FFA3FF858F2EB061FF9FFF858F32B061FF9BFF858F36B0AC
:2085000061FF97FF858F3AB061FF93FF858F3EB061FF8FFF858F02C061FF8BFF858F06C0EB
:2085200061FF87FF858F0AC061FF83FF858F0EC061FF7FFF858F12C061FF7BFF858F16C02B
:2085400061FF77FF858F1AC061FF73FF858F1EC061FF6FFF858F22C061FF6BFF858F26C00B
:2085600061FF67FF858F2AC061FF63FF858F2EC061FF5FFF858F32C061FF5BFF858F36C0EB
:2085800061FF57FF858F3AC061FF53FF858F3EC061FF4FFF858F02D061FF4BFF858F06D02B
:2085A00061FF47FF858F0AD061FF43FF858F0ED061FF3FFF858F12D061FF3BFF858F16D06B
:2085C00061FF37FF858F1AD061FF33FF858F1ED061FF2FFF858F22D061FF2BFF858F26D04B
:2085E00061FF27FF858F2AD061FF23FF858F2ED061FF1FFF858F32D061FF1BFF858F36D02B
:2086000061FF17FF858F3AD061FF13FF858F3ED061FF0FFF858F02E061FF0BFF858F06E06A
:2086200061FF07FF858F0AE061FF03FF858F0EE061FFFFFE858F12E061FFFBFE858F16E0AC
:2086400061FFF7FE858F1AE061FFF3FE858F1EE061FFEFFE858F22E061FFEBFE858F26E08E
:2086600061FFE7FE858F2AE061FFE3FE858F2EE061FFDFFE0090858F129061FFDEFE858F61
:20868000169061FFD6FE858F1A9061FFD2FE858F1E9061FFCEFE858F229061FFCAFE858F22
:2086A000269061FFC6FE858F2A9061FFC2FE858F2E9061FFBEFE858F329061FFBAFE858F02
:2086C000369061FFB6FE858F3A9061FFBBFE3B5080F074FF858F3E9061FFB4FE3B4080F07C
:2086E00074FF858F02A061FFADFEDA1B74FF858F06A061FFA7FEDA1474FF858F0AA061FFA0
:2087000098FE858F0EA061FF94FE858F12A061FF90FE858F16A061FF8CFE858F1AA061FF79
:2087200088FE858F1EA061FF84FE0090C5641C803B0071420070858036E0600F54F0370047
:20874000E78454F0C2180070C58F736001F400F6007060FF54FF06EFB70F12F78FFF8321F6
:208760008F2200F0766485803EE03C037BC0FF0FA60F0070FF2005808BFF00F03C02DA6414
:208780004B0F61F14B0861014B0F41F00070858F32E060FF54FF54F08FFF00A18F401EF055
:2087A000007085F21001009082096D0757BC61FFF0FF8F3F00C161FFC0FF9130002F192FEA
:2087C0001C06370063BC1607921D192F1006C21B54F08F0F1FF0161F8F201EE06D0742BCD5
:2087E000DF0A1C004B0A6121DF1C1080C2FE370E680061FFC1FF4B0B61014B0D61114B10A8
:2088000041004B0F51F03C037B802CF44B2F51F07BA047044BF051904B097121A562188060
:2088200000908562188000904DC0E12F00908F451E008202FF241380B705041EC58F06F098
:2088400001F402F654FF3F1F0A8061FF7FFFDA0D14F37E058FC30120A61200903A302A5200
:2088600000903BD008501D005C010D008004DA0057F0212F4942400800902008404F024825
:2088800080F94DC0E1AF6D07E9BB820434A40B44106802A56D00AA01BBF0FF0F7F9004807A
:2088A00074F83C553B0003015F903E00BB0010F8BE97BB4010F8BE9BBB0004F95F9F3B00EA
:2088C000BBC020F95F9F3E00BB00E2FFBE9EBB40E2FF5F9F2200BB80E2FFBE903C380D00E9
:2088E0008004CD0810080D00C0043C310D008004CD4810080D00C0043C2A0D008004CD88EE
:20890000E20F0D00C0043C230D008004CD08E20F0D00C0043C1C0D008004CD48E20F0D0012
:20892000C0043C150D008004CD0803010D00C0043C0E0D008004CD0804090D00C0043C0716
:208940000D008004CDC820090D00C004DA0134AF820702260B7A10486D0048011D0782BB94
:20896000404F024F6D077ABB3B007142C56420803BA007506D00D5008204024502466D00C1
:208980009501820474FF024582166D008F010D008004DA00C56F208057F0212F49F2400813
:2089A0001D0760BB404F02486D0758BB61FFC0FE3BF007506D00B5008204024502466D00D4
:2089C000890180FFBBF0FF0F7FF0048074F83C34BB0040093E0FBB00440EBE0ABB80440E53
:2089E000BE0EBB00450E5F0F2200BB40E10F3E093C230D008004CD0840090D00C0043C1CA4
:208A00000D008004CD48E10F0D00C0043C150D008004CD08440E0D00C0043C0E0D0080043A
:208A2000CD88440E0D00C0043C070D008004CD08450E0D00C0048204024582166D004A01D4
:208A40000D008004DA00C56F1C8057F0212F49F240081D0707BB025F404F0FF480806D0774
:208A6000FDBA61FF65FE3BF008506D005A008204024502466D002E0180F0BBF0FF1F7F01C8
:208A80000C805EF374F83C3C82F154F0C61F26F0A68074F03C3580FFBB0040093E0FBB00DD
:208AA000440EBE0ABB80440EBE0EBB00450E5F0F2200BB40E10F3E093C230D008004CD08AE
:208AC00040090D00C0043C1C0D008004CD48E10F0D00C0043C150D008004CD08440E0D00A7
:208AE000C0043C0E0D008004CD88440E0D00C0043C070D008004CD08450E0D00C00482040C
:208B0000024582166D00E6000D008004DA00C56F1C8057F0212F49F240081D07A3BA856F59
:208B20001880200889A40409404CEE41DA0074AF6D0794BA61FF2DFE8F3F00B161FFFDFD5D
:208B40009130002F3700639C192F1C06160719201006921C8F001FF054F0C219161F8F20CA
:208B60001ED06D077FBAF6A5DA00A56F18803C1C4B0A6121DF1B1080C2FD370D680061FFB5
:208B8000FBFD4B0961014B0C61114B1041004B0F51F03C037B802CF44B2F51F07BA04704AC
:208BA0004BF051F074AF54AF4B0F71F16E1D09A00409C5FF10014BF0112254FF3B803E0087
:208BC00002F1E22082043C0254FF521354C27F030480DF02FBFF8212024349C2C0087624E7
:208BE00052123F02F4FF009053C520009130003F82022008600F09A8480830F3D93F0C961C
:208C000054F549F2080A8FE51F00B70012078FF08391542002916F7014008F1900A08FF9FE
:208C20001F008F591F10C6108F491F10C6108F391FF0C6F08F1000F1A6FAB70A1217542F21
:208C40002E89542F82F08F0F1FF0C60FB70F10F83C038F051FF054203700700876894206CC
:208C6000BBC0FF0FA206BBF0FF0F0B069001020502938F0F01F00621A61F8F1F40018F05CE
:208C800001F076740624A64F3C040629A69F768396033C039602025274F054F074A074FF3A
:208CA00054FF74AF54AF0090858F02F0200861FF52FD765A74FF062454FF74AF858F3EE0B9
:208CC000A6F474F43C0274FF54FF74AF54AF0090858F3AE0200861FF3EFD765A74FF06247A
:208CE00054FF74AF858F3EE0A6F474F43C0274FF54FF74AF54AF00906100C8007FBA058029
:208D0000484CC21A3C03C2FA485C6100C40037A40340858F461060F4007060F46100DD0041
:208D20006100B400C88F00706100DC006100AE007FA90580486FC2193C03C2F9487F6100AA
:208D4000AA0037940344858046106004007053C822F061009B007FAB0580C21B482C3C03C0
:208D6000C2FB483C6100A60002B03704034085807E0060040070913000FF39FF2806AE054B
:208D800053A020F006CF3C038FF01FF092FA39FF2D063B803EB08F7F009100708209610093
:208DA0009500B70F02F2964037F0080CB70081473BC05D000070534121F0534026008B4FD4
:208DC00001F08B4006004B0F110200704BF011028BF01FB061007300007061007E006100D8
:208DE0005500C88F54FF007014CF370FE10014EF370FE110007014CF370FE10214EF370FFB
:208E0000E11214EF370F612200706100660061003D00085F0070856F2488C83F00708F7FC2
:208E20000001913000FF39F119063701E7100070534921F08B4F01000070C2FF54F06E0519
:208E40003700680C6F70FBFF0070C2FF54D06E053700680C6F70FBFF0070746FD45FD4FFE9
:208E6000007085804210600F14FF370FE10200700228913000FF39FF2B06160700706100CF
:208E80000F004BF011020070856F2488D4FF10FF0070913000FF19F42C060070534F26F0EC
:208EA0008B4F06F00070856104B053C122F00070913000FF19F41C06007039FF2C063B80BE
:208EC0003EE08F7F00A10070913000FF19F03006370068FC0070856F04B053CF22F00070FF
:208EE000856004B053C022F000708208856F0CB0028020081E143BF000503C10858F421001
:208F000060FF14F1913000FF39FF2406370F61F16F210300EE073BE0005082346D00B8065F
:208F20008210DF00228061FF5AFF7B000003260F7B0000015F0FC48061FFC8FFB71F02F293
:208F4000964037F0080C3BC05DF0B700814785807600600F3C02C2FF14F03700E1036E03C0
:208F6000DF00FBFFEE0482181D00AA00858F32E060F46DFF19FD913000FF39FF1C06820825
:208F80008F7F009161FFAEFF61FF80FF081F370F63A23C3E61FFA6FF61FF78FF7FA90580D1
:208FA000C219482B3C03C2F9483B61FF83FF02903704034085807E0060046DFFF5FC3B80F5
:208FC0003EC08580421074AC600F14F03700E1023C0714FF370FE10254AFC2FF74AF54AF26
:208FE0006E03DF00F87F54AFEE0382183C116DFFDDFB022D6DFFD7FBE2CB022F4BDB11C247
:2090000076C76DFFD0FB0220A2F03FC0FCFF5F9A0400DF08C17FDF0853806DFF04FC0229B9
:2090200061FFF5FE370F63B1913000FF61FF47FF3C1461FF57FF61FF61FE6DFFB5FC6DFFCF
:20904000B2FBE2EC022F4B9C11C276C76DFFABFB0220A2F03FC0FCFF5FABEDFF61FFD7FE82
:20906000370FE3B2913000FF39FF2D063B803EE08F7F00A13C2261FF35FF61FF07FF7FBAD1
:209080000580486CC21A3C03C2FA487C61FF03FF37A40344858F461060F46DFF85FC6DFF61
:2090A00082FBE2EC022F4B9C11C276C76DFF7BFB0220A2F03FC0FCFF5FABDFFF02820090B1
:2090C0008228856F0CB01E1782443BF000506D00DF053C0F913000FF39F0140639FF2406BF
:2090E000370F61F16F2005006E0382083C028218028200902008404F8204A0027DF205808A
:209100003BA000503C06856F0CB05E163B1001506D00BE058214DF04CD82858F0EF0A56F04
:20912000248860FF54FF6E0454FFA56F08B0913000FF19F42416858F3AF0B714814060F41B
:209140006DFF10FC913000FF19FF2836856F2488B70F03F485806600600448446DFF24FC1D
:2091600085804A10600402F46DFF1EFC61FF55FE14FF16076F2F4200858F7610481460F4A3
:209180006DFF12FC915002FF19F008383B80FEFF26F061FF42FE484F16170FF0A040858F05
:2091A000622060F46DFF00FC915002FF19F03818858F662026F061FF30FE485F85816A20C1
:2091C000261F0FF0A040858F6E2060F46DFFECFB915002FF19F02818858F12F026F061FF6B
:2091E0001CFE486F858116F0261F0FF0A040858F1AF060F46DFFD8FB61FF0FFE14F08F704D
:2092000000F12E1E3700E1F1913000FF19F4186637F4814E858F1EF060F46DFFC5FB856F2D
:209220002488858F22F060F448546DFF9BFB856F2488858F26F060F448646DFF93FB856FB2
:209240002488858F2AF060F448746DFFADFB6DFFADFA74A2913000FF39F03006820854AF3B
:2092600037006402DF000F0291A001FF19F4C04F856F2488B70401408218C82F820009FF5D
:209280006C485E14370481413C03B714814185802EF060046DFF66FB91A001FF39F0C04F22
:2092A0006F10F181858F32F060F4858F36F0744F856F2488858F3EF049F5080AD45F60F27F
:2092C000D4FF481F742FD45FD4FF481F742F9100012FD45FD4FF482F592F08C0D45FD4FF0D
:2092E000483F592F0CC0D45FD4FF484F592F10C0D45FD4FF485F592F14C0D45FD4FF486FD8
:20930000592F18C0D45FD4FF487F592F1CC0D45FD4FF488F592F20C0D45FD4FF489F592F02
:2093200024C0D45FD4FF48AF592F28C0D45F858F420060F6D4FF48DF61FF91FD48DF61FF8E
:209340008EFD48EF592F30C0D45F858F460060F6D4FF48FF61FF83FD48FF61FF80FD09FFCA
:209360000019592F38C0D456858F4A0060FFD466096F041974FFD456D466096F041974FFBF
:20938000D45FD4FF09FF0819592F00D0D45FD4FF48BF592F04D0858F4E0060F6546F8F1FB4
:2093A0000001546FB70F01F0746F4C227801858F5200D45F60F7D4FF48CF747F546F370F92
:2093C00001F061FF4CFD54FF744F5801858F560060F4DA55744FD45F09F02449370068108C
:2093E0008F3100F15E25370064F4892F04498FE13FF016035E29D45F09FF2449402F370F09
:2094000064F689FF0C498FC13FF016035E29D45F09FF2449402F370F64F889FF144986A131
:20942000DF210B80D45F09FF2449402F8FCF1EF0161089FF1C49D45F8202A03209FF24490D
:2094400016FF744F8F120000547F32500F0F00F016036E28858F5A008F922000420F60F42D
:2094600049463C7A546FB70F01F0746F53C220F0D45FC81F10FF54F0760609413879A6108B
:2094800089403879D45FC81F10FF481089403079D45FC81F10FF482F894F3479546F9601E0
:2094A000746FC212FD20D07F8204A014D45202403250092FE8480F0F10F06F0F3C008FB4E2
:2094C0002000858F5E00BBF0FF1F420F60F68F140000370068F0D02F4822261289623C0987
:2094E0007BF0FF2FD452D02F48232623896338097B001030D45209653409D02F2635483F60
:20950000A6F5896534099A10D452D02F4820260159613C80D45FD0FF4820260259623880AC
:20952000D45F19603480D0FF2603483FA6F359633480C214FD40BC7F8202A032D454022154
:2095400032510940EA480F1010006F002300014203468FB22010858062004C4A42108B0075
:209560000400600FBBF0FF0F26F068707BF0FF0FD454014203464C4A26F068607B001000A5
:20958000D454483F0142034626F04C4BA6F06830C212FD20D57FD45F91A0012F82F209FF60
:2095A0000819592FC09FD45F09FF0C19592FC49FD45F09FF1019592FC89FD45F09FF14199D
:2095C000592FCC9FD45F09FF1819592FD09FD45F09FF1C19592FD49FD45F09FF2019592FCE
:2095E000D89FD45F09FF2419592FDC9FD45F09FF2819592FE09FD45F09FF2C19592FE49F6B
:20960000D45F09FF3019592FE08FD45F09FF3819592FE88FD45F09FF0029592FF08FD45FA6
:2096200009FF0829592FF88FDA00C50F1000D4548F2F201085806A009044421009411439E2
:209640006002C621542026107420D45454209044C21F09411029A6107420FDF0EA7FDA0035
:20966000A02F8F2F2010D45485806E0090444210094118496002C21F5420A6107420FCF2D2
:209680008208DF081380912000FF19F4000585807200B704014060046DFF64F9912000FFB4
:2096A00039FF00051602AA18F684DA01A56F0CB000900248856F0CB0820920281E143BF0B4
:2096C00000503C08856F2488488F3FF808803BB0005082246D00DC028219DF09D782370879
:2096E0006800A56004B085807600600FF80614F037006202DF00BB0085807A00600C14CF5A
:2097000061FF8FFB14C2370262F31E1A14CF370F62F3EE06C211C2104B0111023C0361FFAE
:209720004CFB39FF1C068BF01FA08F7F00B13C2A61FF0FFB6DFF38F93B803ED089AD0C090E
:2097400061FF91FB3C0714FF370FE1025803C2FF780358036E03DF00F87F5803EE038219FE
:209760003C116DFF23F8022F6DFF1DF8E2DC022E4BFC11C276C76DFF16F8022FA2EF3FCFD4
:20978000FCFF5FBA0400DF09D57FDF0970806DFF4AF861FF6FFB780539FF290614C0370F27
:2097A000E790370062F31E1A14C0370062F3EE0658058B190000C21F3C0661FF3BFB580503
:2097C00061FF6EFB61FF04FB3C1461FF6EFB61FF95FA6DFFE9F86DFFE6F7E2EC022F4B8CED
:2097E00011C276C76DFFDFF70220A2F03FC0FCFF5FABEDFF14CF370F62F31E1B14CF370F93
:2098000062F3EE075805C219C21F4BF911023C0661FF10FB580561FF34FB61FFAEFA3C129F
:2098200061FF84FA6DFFC0F86DFFBDF7E2BF022E4B8F11C276C76DFFB6F7022FA2EF3FCF62
:20984000FCFF5F9AEFFF61FFABFAD8063C02C2F014FF370FE1F37602EEFB6E0382193C0677
:20986000858F32E060F46DFF9FF8DF090F8261FFB6FA370F62FE74AF54AFDF0F4801858FCB
:2098800036E03B40E08F60FD858F4E1054D460FFF808268440D454FFB7040148B70F88F01F
:2098A000B70F01F86DFF80F885804E1002F4600489A49C096DFF78F83B803EA085804210AA
:2098C00089AA0809600C8581521014C0601E3700E10014E13701E1103C0661FF87FA58026B
:2098E000C2FF780258026E05DF00F97FDF01F77F14CF1602EA1914EF1602EA19DF094F80E0
:2099000061FFEBFA61FFC2FA54FB85845610370B62F040D437F4024F6DFF46F8858F5A10DC
:2099200060FF370B62F05E1554F4B70482423C09EE0554F4B73482423C0854F4B734824290
:20994000B7540548B7140141858F5A1060F46DFF2BF8370B62F06E223B0071F27803858FF0
:209960005E1060FF14FF8F1F0001858F5A1060F2142F370FE1103C0A14FF8F1F0001142FC3
:20998000370FE1105803C2FF780358036E05DF00F57FDF01F37F5803EA19DF09B88054D0E4
:2099A00061FF83FA61FF72FA09F1C00814FF3701E712370F63F13710870437F0030C081F2F
:2099C000B71001082608370FE1032E7A37080181858F621009F4C20860F46DFFE5F761FFAD
:2099E00069FA61FF7AFA61FF51FA09FFE80837F40340858F7E0060F46DFFD6F740D4028466
:209A00006DFFD2F7D80854F061FF45FA61FF65FA61FF3CFA086F40F2160137F00100092FD9
:209A20004404167F37F0870409FFC408370FE3F337F0030C09FFE808B7100108B7008880EA
:209A40008FCF1F0037040340068F37F40344858F461060F46DFFA8F709A49C0902846DFFF7
:209A6000A3F76DFFA0F6022F6DFFA0F6858066104B2011C276C76DFF96F60220A2F03FC076
:209A8000FCFF89AA0C0961FFB1F93C0661FFAEF95803C2FF780358036E05DF00F9FFDF0114
:209AA000F7FF14CF1602AA1914EF1602AA19DF091F8089AA100961FFA0F93C0661FF9DF910
:209AC0005804C2FF780458046E07DF00F97FDF01F77FDF02F57F14CF162014E0EA1914EF07
:209AE000370F61F26F500300EE028219F69F54D440D4B71401496DFF57F7D80809A49C09AE
:209B000054F4B71401496DFF4FF7DF09BF80912000FF19FF3C157801858F6A1060FC7B0018
:209B2000004B40C46DFF1EF7858F6E1060FF54F0B710810761FFD1F98562248840C4D4221A
:209B40001022092F6A0837F0040074F009A404096DFF08F7858F721061FFE1F848446DFFAE
:209B600023F7858F7A1061FFDAF848546DFF1CF73BC05D8085807E10028F600F61FF5FF9BD
:209B800085804220600C14CF2E7382193C0A54F4858F462026F4858F7E1060F46DFF04F754
:209BA00085804A20028F600D61FF51F9858F4E2060FE14EF2E7382193C0A54D4858F52207B
:209BC00026F4858F4A2060F46DFFEEF6028F61FF36F914CF2E7382193C08858F7E1061FFC4
:209BE0009EF848146DFFE0F6028F61FF30F914EF2E7382193C08858F4A2061FF90F84824C2
:209C00006DFFD2F6DF094280913000FF19F0300661FF63F961FF3AF949F2200AD42FB700F9
:209C20001CF08581562054F06014B700040ED806A60FB71F01FF3C02C2F814F03700E1039B
:209C400014413701E1137685DF00F8FFDF01F6FFF602761382193C0ED42F85805A20600491
:209C600048346DFFA1F6858032E0600402F46DFF9BF6F69B858F5E2060F461FF2EF961FF99
:209C800005F948946DFF90F6029200900B4510683B50064082051DFFF3C8858F62008FB424
:209CA0002000420F8B0F04F060FF6100AC00007061007D008F9120204220600F61008C00CD
:209CC000012102C6007085805E008FBF2010421060028F9820F01022DA010FAF00F0370F5D
:209CE00068008F7900F1861F0FF0000000708FB8201085805E008F9920F04210600282F0B7
:209D00001022DA030FBF00F0C60F0FBA00A0A6AF00700248026A8FD53F908F7500F18F1FE7
:209D200020B06100830001F803F601F902F6007061004A008619370968000F0F00F00070AB
:209D4000024F0B6510886100650090FF007061006600DA030F9F00F082F0C60F0F98008035
:209D6000A68F007061003F0001F802F600703BA0004040C400703BA0004040F40070024F9E
:209D800002688615370568906100440090FF00704C41370F6804370F6810007037006800DA
:209DA0000F0F00F0892F001900708FD53F108F7500F1861F85805E008FB4202042208B0034
:209DC0000300007061002B00DA010F8F00F0370F68F0007091000026D922C011012403263C
:209DE0000070024F0259026A8FD93F8061001E00D0FF00708FB02000420F8671421F60FF8F
:209E0000007091000026D922D011012402C60070910000F6D9FFD0110070858062008FBF7D
:209E200020F042F060020070910000F6D9FFC011007061FFA6FF6D00221961FF9EFF6DFF58
:209E400012F561FF86FF892F041940F46DFF0FF51D00171961FF76FF6D00111961FF8DFFF8
:209E60006DFF01F561FF66FF892F081940F46DFFFEF41D00061961FF84FF6D00001961FF4B
:209E80007CFF6DFFF0F461FF64FF892F101940F46DFFEDF41D00F51861FF54FF6D00EF1881
:209EA00061FF6BFF6DFFDFF461FF44FF892F141940F46DFFDCF41D00E41861FF43FF6D0079
:209EC000DE1861FF5AFF6DFFCEF461FF7DFF06198B09010061FF64FF40F46DFFC8F41D00D9
:209EE000D018024F025861FF95FF90FC6D00C71861FF3FFF6DFFB7F461FF91FF8F7820F047
:209F0000102FDA036CF8DA018B88000061FF48FF40C46DFFACF41D00B41886153705688074
:209F200061FFBDFE6D00AB1861FF23FF6DFF9BF4DA0140C40F8F00F06CF26CF5DA030F8FB2
:209F4000000082FFC60F6CF16CF46DFF90F41D009818026886153705689061FFA0FE6D008D
:209F60008E1861FF06FF6DFF7EF4DA0240C40F9F00F06CF2DA030F9F000082FFC60F6CF1DE
:209F800082100F800000370068000F90000068506CF46DFF6CF41D00741861FFFBFE858F68
:209FA000620061FF29FFDA036CF8DA006CF94C436CF64C446CF44C456CF54C466CF24C47E1
:209FC0006CF34C426CF14C48370F62F36CFB4C4816036CF90090025861FF61FE6D004F1812
:209FE00061FFC7FE6DFF3FF485837220DA00481048414862686306186CF16CF4DA020F8F7E
:20A0000000F06CF654FF960174FF000000000000DA0140C40F8F00F06CF6C6326862681088
:20A0200068416DFF24F41D002C1861FF74FE6D00261861FFA2FE6DFF16F461FF5AFE892F2F
:20A04000301940F46DFF13F41D001B1861FF8CFE6D00151861FF91FE6DFF05F461FF35FE55
:20A060008920341940F46DFF02F41D000A1861FF52FE6D00041861FF80FE6DFFF4F361FF4B
:20A0800038FE892F381940F46DFFF1F31D00F91761FF6AFE6D00F31761FF6FFE6DFFE3F382
:20A0A00061FF13FE89203C1940F46DFFE0F31D00E81761FF98FE01F802C66D00E01761FF27
:20A0C00058FE6DFFD0F38FBF201085805E008F9820F040C44210600F821010FF8F7900F184
:20A0E000061F0FA000008B0F01F00FF0000068C06DFFBDF31D00C5178FB4201085805E00EF
:20A1000002594210600C8F6920F010CF8FD93F80DA036CF761FF8AFE01F403F601F802D631
:20A120006D00AD173BA0004040D46DFF9CF38F9820F040D410CF8F7900F182108B8F00F005
:20A140000FF0000068C06DFF92F31D009A1761FFB1FD6D00941761FF0CFE6DFF84F3821014
:20A1600040C40FF0000089F0041989F00C1982300FF0000082FFC6F089F0001989F0081994
:20A180006DFF75F31D007D17026861FF93FD6D00761761FFEEFD6DFF66F3822040C40FF031
:20A1A000000089F0041982300FF0000082F1C61089F0001982110F810010370168100FF19A
:20A1C000001089F10C1989F008196DFF50F31D00581761FFDFFD8FB02000858F5E00866107
:20A1E000420F421F60FFDA036CF7DA006CF84C4274FF4C436CF54C446CF34C456CF44C466D
:20A200006CF14C476CF24C48370F62F36CFA4C4816036CF8009002588FD83FF085805E0067
:20A220008FB4201042108B0003008F9F20104210600F61FFD1FD902C6D00211761FF99FD27
:20A240006DFF11F309F00019DA00482209F1081989FF001989FF08198F7800F18583722041
:20A260008F1F00406823DA020F4F00F06CF254FF960174FF000000000000DA0140C40F4F43
:20A2800000F06CF2C632682289F0001989F108196DFFEDF21D00F516DA0086546100090030
:20A2A00001F400F600703B60014082050070910000F8D9FFF4D20070058F75643FF40480B5
:20A2C000DA013C0661FFEAFFC84F2D0F00006E0761FFEBFF824682171DFFD2C50090058FCE
:20A2E00075643FF405808218028F3C0861FFD6FFC82F02542D0F000002286E0861FFD5FFCC
:20A300003B90006082176DFFBBC502820090058F75643FF40580DA0102F83C0761FFBEFF1F
:20A32000C86F2D0F000002286E0761FFBEFF826682176DFFA5C502820090820ADAFF3E4799
:20A34000058F75643FF40480821B3C2002AB61FFB0FFDAFF5F4F2D8002B83C0F8219C85236
:20A360002D0200000F29109049FF200A37096800C21837086880A60A058F75643FF8F0FF78
:20A38000820502A46D003C00F623DA003C18822502A46D003500F623DA023C11823502A412
:20A3A0006D002E00F623DA033C0ADA013C08865401F400F6C85F2D0F0000022F76B761FFC1
:20A3C00074FF825682176DFF5BC502F20090058F75643FF405808218028F3C0861FF5EFF38
:20A3E000C83F02542D0F000002286E0761FF5DFF827682176DFF44C502820090DA010F5F06
:20A4000000F026F48B0400220090058F75643FF40580DA0102F83C0A61FF40FFD4FF0254E9
:20A42000026502762D0F000002286E0761FF3DFF822682176DFF24C5028200900248DA00F8
:20A4400061FF37FF3C0AC87202842D020000C21F49FF200A370F68F0058075643F0FF5FFA0
:20A460000090058F75643FF405808218028F3C0861FF14FFC81F02542D0F000002286E072D
:20A4800061FF13FF823682176DFFFAC4028200901DFFEBD137F00A087420542037F00A0071
:20A4A000742000701D00A5036D00A1016D00982F6D00902D6D0006006D0088011D00F702E7
:20A4C000858F762060FF54FFB71F02F074FF858F7A2060FF54FFB71F81F574FF54FFB71F9D
:20A4E00081F774FF54FFB71F81F974FF54FFB71F81FB74FF54FFB71F81FD74FF54FFB71F00
:20A5000081FF74FF858F7E2060F2DAC8542061FFC3FF858042306002542061FFBDFF85809E
:20A5200046306002542037F00A087420542037F00AF0742F54FF8F0F50F174FF54FFB71FFC
:20A5400001F874FF54FFB71F01FC74FF91A001FF858F4A3059FFE05FDA01256F3C40009025
:20A5600076496D00790176256D00C90282143C0500906D00030382041D001F2F91000046C0
:20A58000D944A8D10070910000F6D9FF84D109FFC2080070056F0054EE3561FFF6FF09F185
:20A5A000C00885601C1052114210A5601C108561201009F2C40852224221A561201085620B
:20A5C000241009F3C808A23F42F2056F0C4CA5622410C21F256F0C48DA6405630C4C3FF366
:20A5E00012804BF001424BF101024BF2016202056D006C01DA01256F00506D0049011D00F8
:20A600001700009082024B2401F0AE077B00F8234B2401F016066A4200903B0019203F24D5
:20A6200006803B0058F20BF49021009085660CA0910000C6D9CC84D109CFC208910000F6BE
:20A64000D9FFA85109C4C00802F56D00180174F202F509C4C408856610A06D00100168128E
:20A6600002F509C4C808856614A06D00080168226D003C0009CFC208858056304B0F61F125
:20A680004B0F41F06CF609CFC60885805A304B0F61F14B0F41F06CF70090858F523060FF79
:20A6A00054FFB71F01F574FF912000FF59FFC480820059F0C4A059FF048159F004A1009032
:20A6C000910000F6D9FFA8D109FFC008B44F09FFC208AC4109FFC408AC4209FFC608AC4389
:20A6E00009FFC808AC440090856A00A0856904A0856808A085640C106DFF86FF910000F6CF
:20A70000056F0154D9FFA85154F0481148236E10056F02546E0D6B0A31F06BF2610A6B0902
:20A7200031F16BF261196B0831F36BF26138DA01256F025049FF0C0A64F064F164F3A5636C
:20A7400008A0A56104A0A56000A000903B200F4082156DFFAAC4820461FF12FF6DFF33A61B
:20A76000DF02338005683D448B2860F2EA0853C820F0910000F6D9FF848110F46DFFA2FFC0
:20A780008F1880F1256F3D40856F081025683E40C21FA56F0810056F3F44C21F256F3F4081
:20A7A000056F3F44BF8F0780DA00256F3F406DFF76FF02846D0053006D0084003B200F401E
:20A7C00082051DFF72C40090820461FFD9FE6DFF83A682046DFF3CA36DFF61FF8564101018
:20A7E0006D007C0082041DFF07A361FFC9FE82043BC000506D00F7318204910000463B807F
:20A800000150D94484816D00EE318204910000463BC00050D94484D16D00E5318204910085
:20A8200000463B000250D944A8516D00DC31DA00A56F0CA0256F3D40A56F10A0256F3E4034
:20A84000A56F14A0256F3F40A56F08106D002E001D001E00056200540090910000F653C432
:20A8600020F091000026D92284811022D9FF84D1A024442F64FFFC4E0090A245A2654B0500
:20A8800041F185804E304B0F41200090DA00A56F00A0A56F04A0A56F08A0256F0250009040
:20A8A0006D0004001DFFF4FFDA00256F0050256F0C48A56F1C10A56F2010A56F2410009016
:20A8C0006DFFB6FE1D00A100A5640CA0A56510A0A56614A01DFFDCFF6DFFA1FEA562101043
:20A8E000820491F001FF827559F20CE86DFF75FB91F001FF19FF14E8A56F14100090DA0008
:20A9000091F001FF59FF182859FF184859FF186859FF18E8856F1810C21FA56F181000906D
:20A9200091000026D922A8510090856208100090910000F6D9FFACA10070910000F6D9FFD2
:20A9400090D1007091000046D944DCC00070764C858F5E304BF541F04B0F31F1B70F93F686
:20A960004B0F61413C0761FFE5FF08CF6E0754F4481561FFE9FF1D0007060090DA009100F6
:20A9800000F64BF401F039F02C01AE044B0471F13C02DA00AB108000E2F0B70093F64B0F19
:20A9A00061F1744F85805E304B0F51F0745F009061FFC0FF08CF6E1954F0482F6B0F21001E
:20A9C0007B0060144B1001F016066E046B0131003C064BF001F02E036B01210074F0858F6D
:20A9E0005E304BF051F06CF10090DF540800DF640600DF740400DF44048082020090821236
:20AA000000901D00FD03856F2810C21FA56F281061FF95FF14FF09F8020909F90609DF1F0E
:20AA20003500DF2F2E00DF3F2C00DF4F2100DF5F30806D001E0A6D00BA066D00CE2CDF1204
:20AA40000D806DFF09FF76296D0047017626056F0454EE036D00D20B6D00140A022F6D00D5
:20AA6000190A820502F4821602273C196D000F066D009D066D003C060B8910483CF5820739
:20AA800002760B8910483C0B6D0078003C0A6DFFE3FEF62782040246024502476D00B100FA
:20AAA0001DFF88FF05620454009061FF48FFDA0034FF89FF020989FF060961FF3BFF74FFB9
:20AAC0006CF16CF22CFCA56F30103B401F00910000F6D9FFDCC0A56F2C10256F0350A56F5F
:20AAE000341025600E4840F46D009C0340F46D0027096D0000061D00CF0961FF25FF6D00CD
:20AB0000A0036DFFFEFE6D007B031D006F0361FF11FF74F46815DA012CFC0090910000F641
:20AB200039FF90D16D00532ADF221D8002F46DFF5EFFDF02190091000046D94458516D0031
:20AB40008F2976286D001E00856F3010C21FA56F30106D007C297626856F3410C21FA56FD0
:20AB6000341000901D000C2A61FFE9FE34F489F5020989F60609009061FFE6FE1D006A03CA
:20AB800020088208910000F619F4585149A4040A40A56DFFF5FE056F035409A404096E187C
:20ABA000856F2C106B0F31847B0058F44BF801F02E267B0060F46B0F31883C0A7B0058FCD0
:20ABC0004BF801F02E057B0060F46B0F2188DA0154A5256F03507B0012F4910000F64BF816
:20ABE00051F059FFB4A1A5642C101DFF92FF056428C48565389085663C901DFFB7FF024F94
:20AC00000B561088027A6D00E82BDF122D806DFF23FEF6231DFFC0FC6D005F00DF02240052
:20AC20006DFF80FE402F910000C6D9CCDCC040C402F46D00C30440C402846D00C2040B9A93
:20AC400010486DFF86FE483448454856487740C46D00BA0454F4481548266D00C30440C4CC
:20AC60001D00440400904B6401F02E23026200904B4501F016062B45402F0090DA00256F80
:20AC80003240256F38406DFF0DFEA56F08007B001A04256F3340A56F0C00256F3940A56FC2
:20ACA0001400A56F1800A56F1C00A56F2000A56F2400A560280085806230A5602C00A56FAF
:20ACC00010006D000E078200256028C0A56F3890A56F3C900090056238440090856F000040
:20ACE000C21FA56F0000056F32446E0382483C03056833446D0043016D003001DF081C8045
:20AD0000056F04546E18056F0554DE156DFF0AFE820085613C104B1001F016066A104C27A4
:20AD20007B00F0136B0121004B0F01F016066E036DFF69FE056F3944BE8BDF582200DF6883
:20AD400005806D0078083C22DF7807806D0080006D00DB0A3C1BDF481E806D00EC046DFF21
:20AD600052FEDA00A56F2000A56F24003C16DF581280056F1B549E11056F1B541E2E6D00F4
:20AD80007000F62B056F1F545E188208256833403C04DA00256F084802846D008E008565D2
:20ADA00020000284256828C0856624006DFFDEFE02846D00AE06056F32446E03DA043C0302
:20ADC000056F3344256F39406E061E151E74056F1B545E26056F38446E111D0039006D00A9
:20ADE000FC2ADF1205806DFF5FFE76296D003000856F0400C21FA56F040000906DFF2CFD9C
:20AE0000762C056F3844EE096DFF79FE82146D00D42ADA01256F38400090B706810FDA0027
:20AE20004BF001F01603EE116B0431F54B0F01F02E246B00212400906B0531F44B0F01F07C
:20AE40002E246B0031240090025200906DFF96FE82046D00B22ADA00256F384000906DFFBB
:20AE600061FD820185603C107B00F8234B0101F016062A104C276B0221004B0F01F02E0518
:20AE800025610848DA013C0A0560084CDAC87FF00980C21025600848DA04256F1F503C04A0
:20AEA0006D007407F623820200906DFFACFD6D00530A82120090DF243000DF343F00DF44D2
:20AEC0000800DF5440806D00DD07022F3C3C856F2800B70F81FF8564180067FFBF8F0285DF
:20AEE00002F66DFFC2FE022985641C00028502F66DFFBBFE029585642000022885662C0079
:20AF00006DFF8DFF028585642400022F85662C006DFF85FF3C19910000F6D9FFDCC0856F29
:20AF2000140089FF284940F485640C006D00E406DA0009F22C493C08856F180085621C00E7
:20AF40003C03DA008202A56F2000A56F3890A5622400A5623C9000906D003F2A25623440E5
:20AF60006D00352A256235406D00342A25623640056F3844256F374000906D000C28A5620E
:20AF80000800910000F619FF6C51A56F0C006D00A203A56210000090858F6630894F0209E7
:20AFA000858F6A30894F0609DA04344F858F6E30894F0A097BD041F4894F0E090090404F70
:20AFC00049F4104A6DFFEAFF7B0019F46CF47B0014F46CF37B00F01349F2244A858F7230DE
:20AFE00089FF34394B1F41F08580763089F038394B0F41104B01711189F13C397B00F8133E
:20B000006B0031014B0F41F04B0F71F189FF0049DA00642F642F642F6CFB6CFC00904B0F2F
:20B0200061F14BBF41F04BAF41F04B9F51F06B08214F0070094034394BF041004B007101EB
:20B04000007009F41A4909F5124909F616490070B704812F00907B00E8F361FFEDFF894093
:20B06000044961FFE9FF89400849094034394BF041F04B0F71F1894F0C491D000200404F68
:20B0800009F03C3909F1044909FF00497F10058089F004493C057FF1048089FF044909F1CC
:20B0A00008497F10058089F008493C057FF1048089FF084909F10C497F10058089F00C4922
:20B0C0003C057FF1048089FF0C497B00F08309F934397B0000A409FF08497B0070B461FF8A
:20B0E000A0FF6D00712B022C09FF0C4961FF99FF6D006A2B022D09FF0449821E61FF91FF0F
:20B100006D00622B0BE210486D00E116822402C56D00DD16823402D51D00D9168214820509
:20B120006D00D516822482056D00D116823482051D00CD160568184C056F124C6E07056F6D
:20B14000124CC2FF256F12483C046D009F01F625DA00256F1A483C12AB188088056F1A4CB7
:20B160007F8F0780056F1A4CC21F256F1A48056F1A4C3F8F048082120090820200900560C0
:20B18000144C85613C10056F124CEE0B82024B1201F016062A214C434B1F01F016066E05A0
:20B1A000DA00256F16483C12AB108000056F164C7F0F0780056F164CC21F256F1648056F32
:20B1C000164C3F0F04808212009082020090DA00494F240AC502090064FFFC2F494F044A1F
:20B1E00064FF64FF64FF0090056F104C256F1248DA00256F1648256F1A480090DA00A56F98
:20B200000020256F0450A56F0420256F0550A56F0820256F1648256F1A48A56F0C20009011
:20B22000404F6DFFCEFE49F40C1A61FF0CFF6D00410549F4042A61FF06FF1D003B05404F0A
:20B240006D00460140F46DFFC4FF40F41DFF05FF404F6D003D0140F46DFFBBFF1DFF60FF74
:20B26000544F6C494C41094008096B0031FF85807A304B0F41F06C4A0090404F48B448D5CC
:20B2800049F43C0A49F50C1A6D00110548C448E549F4001A49F5042A1D00090509411C09AE
:20B2A00009423C094C484B124130094000196BF07133894304194B1041006BF261F0894F30
:20B2C00008190090094020090941280909421C094B0141F0094324096B2361FF6C4D4B2157
:20B2E00041F06B0371FF6C4E0090404F483F85807A3082094B0F41F009F038394B0F418095
:20B3000009FF081909F004194BFF41F06B00614F6D00942C4B8201F06F2F1400DA004BF2A4
:20B3200001F02E2F4B2851F009F004194BF0410089F0041909F008194BF041F089FF0819B4
:20B3400085847E3009FF041909F208194B4F410009F734397B00F03348366B023100820170
:20B360004B304150858042404B4741404B0F41F04B6451406B0231FF4B3F41004B1201F0A6
:20B38000370F61F1AA194B1501F0370F61F1861F42F94B1001F0370F61F1862F429F1E17DA
:20B3A0001E2B9E319E459E5B9E6F3C236755BF2F6700BF0F3C146700BF0F4B404160672214
:20B3C000BF0F3C0F4B4541604B4241003C146722BF0F4B4041606755BF0F3C034B4241608B
:20B3E0004B4041003C084B4041604B4541003C03021602606B0021264B7201406F240E0036
:20B400004B1201106F210A004B7641104B7041004B2151604B2051006B0631277B00E813FE
:20B420006B0031224B1241206B3661426B3061041E171E291E3B1E4D1E5F9E623C15024FED
:20B4400002213C16022F02013C09022F02413C10020F02413C07020F022102403C09024F9B
:20B46000020102203C054B1741F00BFF10084B0F71F189FF04494B0171F189FF08494B004E
:20B4800071F189FF0C490090856F3810B70F818FDA004BF801F01603EE18856410206DFF19
:20B4A000D9FD4B8201F0AE2F856414206DFFD2FD4B8201F0AE28856418206DFFCBFD4B820D
:20B4C00001F02E238212009082020090DA00494F281AC502040064FFFC2F494F202AC5023C
:20B4E000040064FFFC2F0090056F0654404F6E06DA00256F06506DFF83FE056F0454EE0FDF
:20B5000040F46DFF3EFE762382143C0640F46DFF13FE7628822440F46D003B0040F41DFFBD
:20B5200099FE858F464048B46DFF94FD4BF201006F00150048C46DFF8DFD4BF201F02E0EB3
:20B5400040F46DFFC5FFDA0049F23C0AC5040300642FFC4F40F41DFF80FD40F46DFF82FE95
:20B5600040F46D00460040F46DFFAEFE40F46DFF86FE40F46DFF94FE40F46DFFB8FE40F4B8
:20B580001DFF7FFD89441409894518090090DA01256F045025640550856F1020A56F0020B1
:20B5A000856F1420A56F0420856F1820A56F08204C43A56F0C20009089442C090090894405
:20B5C00030090090744489450409894608094C444BF701008F6000012B7F40F06C43009053
:20B5E000A5641020A5651420A5661820009009401409DA004BF001F016066E097B0060F433
:20B600004BF001F02E044B0071F13C084C4685805E304B0F41F04B0F31F1B70F93F69100CF
:20B6200000F8D9FFB23490F2062F542010FF8940200919FF00026C4700908560282082011B
:20B640004B1001F02E0302103C0B7B403BF485814E404BF001F016068B0F20F22A10858F54
:20B6600052404BF041F0858056404B0F51F07B0060044B0F41F04B0F71F13BF0FF010B0F2B
:20B6800090F1256F20481D009900056F0754EE031DFFD5FF056F1E4CEE04DA01256F1E4822
:20B6A000056F1C4CEE04DA01256F1C48056F224C05601E4CC21F256F2248056F224C3F0F29
:20B6C0000980DA00256F22486D0045001D0076000090056F204C4B0F61F17B403B044B0F54
:20B6E00041F07B0090034B0F41200090856224200090DA01256F0750256F0850256F1C485B
:20B70000256F1E483B00E2F4A56F2020820025600A50A56028207B00F8F3A5602C20A56060
:20B720003020A56F3C20858F4640A56F00301D000200DA00A56F1C208210256F2048A56F80
:20B740003420256F2248A56F3820256009501D003500056F0A54EE143BF0FFF10560204C3B
:20B760007FF00D800560204C05611C4C4210256020480560204C7F0F1180DA003C0C056F69
:20B78000204C6E07056F204C05601C4C7F0F07803BF0FFF1256F20480090056F204C05601A
:20B7A0001C4CA20F256F20480090DA01256F0950DA00A56F1C200090056F204C85804A40F3
:20B7C0004B0F61F14B0F41F0A56F24200090910000F6D9FFDD0100706DFFA4F8402F6D00B9
:20B7E0007801910000C6D9CCDD01DAA234CF056F01542CC1056F02542CC27B802CF4856009
:20B800000C104BF041406D00C92789C2030882440565244C6D00E101826454F502F66D001A
:20B82000D2013B800040481502F66D00CC013BA00040482502F66D00C6013BC0004048353F
:20B8400002F66D00C0013BE00040484502F66D00BA013B000140485502F66D00B401856F93
:20B860000CA03B2001404B0F41517B00F8F302F66D00A90102F6856010A03B4001404B008B
:20B8800041516D00A00102F6856014A03B6001404B0041516D0097017BA047F43B80014067
:20B8A000486502F66D008F013BA00140487502F66D0089016DFF3BF8370270503BC001404A
:20B8C0006D008B0105650C4C3BE001401D0085016DFF28F8402C6D00FC00910000D6D9DD30
:20B8E000DD01DAA034DF056F10542CD1056F04542CD2056F05542CD382440565244C6D0065
:20B900006C017B802CF48565200002F682646D005A0102F6856524003B8000406D0053012D
:20B92000910000F6D9FFDCC03BA0004048D502F66D0049013BC0004048E502F66D00430114
:20B940003BE0004009C50C0902F66D003C013B00014009C5100902F66D0035013B2001406D
:20B9600009C5140902F66D002E013B40014048357B0012646D0027010565204C3B600140D7
:20B980006D002B013B80014048657BA047646D001A01056F005489DF1A083BC00140056F15
:20B9A0000C4C89DF1B087B00F86385650C006D000A01056F344489DF1E08056F374489DF8F
:20B9C0001F0800906D00850061FF03FFDAA134FF056F10542CF1056F04542CF2056F055402
:20B9E0002CF382440565244C6D00F7007BA047F4910000F6D9FFDCC0826448F502F66D004B
:20BA0000E2003B80004009F5001902F66D00DB003BA0004009F5041902F66D00D4003BC088
:20BA2000004009F5081902F66D00CD0009F404496D004A003BE0004002256D00CE0009F4BA
:20BA400008496D0041003B00014002256D00C50009F40C496D0038003B20014002256D00EB
:20BA6000BC0009FF34394B0F71416D002D003B40014002256D00B1007B0012F43B60014091
:20BA8000484502F66D009F007B802C848565002002863B8001406D00960002868565042043
:20BAA0003BA001406D008F000286856508203BC001406D00880002F685650C203BE0014039
:20BAC0001D008100BBF0FFFF0BF490210090DA0061FF7FFEC5021F0024FFFC2F00908214CE
:20BAE0006DFFB5B38200A5600430DA01256F0C50256F0D50DAA0256F0E50A56008302560CD
:20BB00000F5025602448256010501DFFE2FF056F0B54EE07256F0F50DAA0256F0E5000903C
:20BB2000056F0F5425641050C21F256F0F50056F0F54BF5F0B80DA00256F0F50056F0C5450
:20BB40006E056DFFC7FE3C15009005600E54DAA07E056DFFBFFEDAA13C0ADAA17E056DFF48
:20BB600033FFDAA23C046DFF39FEDAA0256F0E50056F244CC21F256F24481D0036004B5411
:20BB80004100858F5A404BF001F016066E043BF0FF2700907B0070FC4BF001F016036E047D
:20BBA0003B00002800907B00F0134BF001F01606EE046B0131F03C036B5461F14B0F312151
:20BBC0000090024F025402656DFFDBFF3702705002F41D00020061FFFCFD01F400F634F506
:20BBE000868528150090200882146DFF30B361FFF0FDF4AFDA202CA4820440A46DFFBFAE63
:20BC000025620D50F627856F0430C21FA56F04300090856F0830C21FA56F083000906B05E9
:20BC20003104895010094C5709522009095128094B2F01F02E184C51095234094B2F41F09A
:20BC40006B0F611189512409895128096B012100545F4B0F410089502009095114094B1037
:20BC600001F01606EE07095118094B0101F016066A014B0101F089511C09AE13DA003C036D
:20BC80007B00F8F36C5B744100706C41DA006C42494F1C0A8580624089400C096C4C6C4472
:20BCA000C502040064FFFC2F007061FFBAFF0090858F5E406C4D4B6441F0744F4B5441F034
:20BCC00061FFE5FF858F66406C46858F6A406C450090858F46406C4D858F6230744F7BA0DE
:20BCE0002AF461FFD4FF7B2028FC6C467B2028F46C4500907B00F0FB894424494BF401F0BA
:20BD00006F2F13007B00F0F34BF401F02E0D094F28498200370FE8FBEE0789402449894041
:20BD20002039894024390944284909452449494F2C4A49453C2A40F41DFFB9FF404F49F435
:20BD40003C2A6DFFC8FFDA0089FF284989FF244989FF2C490090856F1830C21FA56F18307C
:20BD6000856F18300070910000F639FFBEE00070A56F1430256F1E50A56F18300070910093
:20BD800000F6F9F472510090DA00256F1F50056F1B541E14056F1B545E23DA033C196D0078
:20BDA0001C23DF120400DA023C136DFFBBF585603C1082014B0101F016062A104C277B00D3
:20BDC000F8136B0121004B0F01F02E06DA01256F1F508202009082120090056F1B545E1BDA
:20BDE00061FFBBFF3B8038017FF01B8082046D00AE023C13056F1B54DE2361FFAEFF3B000D
:20BE0000E2047FF00E8082146D00A102DA01256F2150DA00256F195082341D00030000907C
:20BE200025642050DA04256F1B50DA00256F195000906D0029028204256418A825641AA813
:20BE40006D008502DA00256F2648A56F1C30910000F6F9FF7251256F1B5061FF8BFF256FF3
:20BE60002050256F1950DA01256F21500090056F1B541E14056F1B545E231DFF08FC0090BC
:20BE8000056F1B545E1485621C300090820200901DFF2EFC8204A5641430DA0125641B508E
:20BEA000A564183025641E50A564283025641F50256420502564235025642848A5642C308E
:20BEC000256418A825641AA8256411502564125025641350256F1450256F1550A5640C30D7
:20BEE0002564215025642250256419506D002F02256F1A5000908560203082014B0101F03A
:20BF000016062A10856F1C306B0F31F0858062304B0F01F016038B0F20220090056F18AC51
:20BF2000BB405A0A7E0F82146D001102DA00256F2150056F1AAC256F26480564264C1D00EC
:20BF40002C0182046D000302DA00256F2150256F2648910000F6F9FF72510090056F1A5427
:20BF60006E13056F1154EE10056F1254EE0D6DFF20C0DF120A8061FFF8FE5E56DA00256F55
:20BF80001A506D0041016D005C006D003F006DFF26FF056F1B545E136D0089016D00C50005
:20BFA000056F1B545E386D006F01056F33445E5BDA013C07056F1B545E496D006501DA0032
:20BFC000256F3340DA00256F1B500090056F1854EE10056F0754256F1650056F0854256FE6
:20BFE0001750856F2820A56F1030DA01256F18506DFFA1FBDA00256F0750A56F2820DA016F
:20C00000256F08501DFF43FB056F23546E10056F1B541E1D056F1B541E2A856F2C303B405D
:20C020001F007F0F0680C21FA56F2C3000900564284C6DFFA6FEDA00256F23500090056F1A
:20C04000115420086E38822440A46D00240225621550DF02318014AFDE2F856F0C303B8057
:20C060003801C21FA56F0C30822425641450856F0C307FF045806D00ED01DA00256F115035
:20C08000821025601450A56F0C30256F18A8256F1AA81DFF45FF82002560115014AF256F0C
:20C0A0001450A5600C306E05256018A825601AA86DFF36FF056F12546E22822440A46D00DA
:20C0C000EA0125621550DF021B8014AFDF2F2400820005611954256F145025601250A560DF
:20C0E0000C30DF01140025601950EE0A056F1B54256021505E24DA03256F1B500090056FEF
:20C100001B545E2882441DFF8DFE14AFEE03256F21500090856F0C30C21FA56F0C30DA0237
:20C12000256F14500090056F22546E356DFFD5F576231DFF8DF661FF18FE5E65DA00256FD5
:20C1400022503C266DFF35BFDF12268061FF0DFEDF5F2280056F1254EE1E056F11546E0993
:20C1600082246D007701DA00256F1150A56F0C30256F2250821025601950822025601B50FD
:20C18000A56F1830256F20506D005C00F62482441DFF48FE009025642848910000F6F9F437
:20C1A0007251DA01256F2350DA00A56F2C300090856020308202856124304B0201F0B70117
:20C1C000811F16062A204B2101F08582464016038B0F20F22A21856F1C306B0F31F04B1F1A
:20C1E00001F0AE24A5601C300090856F1C306B0121FFA56F1C300090056F1B545E131DFF6F
:20C20000D9FF0090056F1154EE148224C56418A06D00BD0125621550F62DDA01256F11504A
:20C22000256F1350DA02256F1450DA00A56F0C300090DA01256F1350256F14501DFF70FE25
:20C24000056F1254EE1E056F1154EE1B8224C56418A06D00020225621550F62D82122562F4
:20C260001250DA02256F1350256F1450DA00A56F0C300090DA02256F1350DA01256F145031
:20C2800082020090056F18546E10056F1654256F0750056F1754256F0850856F1030A56F50
:20C2A0002820DA00256F18500090056F1B54DE16056F04546E0682046D00490082143C218A
:20C2C0006DFF1BFEF62CA56F14306DFF06F57626856F2830C21FA56F28300090A56F2830C7
:20C2E000856F1430C21FA56F1430056F1E543B401F00AB80ACFF856014307F0F0580822495
:20C300001DFF90FD00906DFFE8F476236DFFA0F56D001100DA01256F2250056F1B5482003E
:20C32000256020501E26DA02256F1B50A56018300090BB405AFA256F18A8056F264C256FEF
:20C340001AA8DA01256F2150009025641C5025641D50009082046DFFFAFFDA0061FF0AFD04
:20C36000A56F2830256F1F50A56F1C30256F2050256F19506DFF2CFEDA01256F1B500090ED
:20C38000082FAE7AC56238A07D2F060016408B0F00023C0202800070534F24006100330011
:20C3A00001F000F600708218056F3A54820900707E43404F3C03C56F38A000700560347C6F
:20C3C00005612FC400708219056F3A54820A0070B70491F782006E0705816E4C0B1F5011F6
:20C3E000AB108001007091000026D922B4D100708208056F3A540070910000F6D9FFB4D10A
:20C400000070910000F8D9FF241300703B400140820500705F04078061FFF0FF01F002F6CF
:20C420003C03C56F38A0081F00700560347C056F2FC40070B70891B7820076B605816E4C39
:20C440000B1B50F1EA10007061FFDDFF10FF007061FFABFFEE043B4001903C12B70491F7B7
:20C4600082006E0605816E4C0B1F50F1EA10F6043BA000903C056D00BE098B02008276982A
:20C4800061FFC6FF3B00016002976DFFF9B4028200908218056F3A548207EE043B40017012
:20C4A0003C29B7049107058F6E4C3FF005803BA000703C207C443BE000703C1CDF04110084
:20C4C000056F36741E525E6C056F2FC40561347C2E140B1430F13C070B4130F13C0461FFB5
:20C4E0009BFFBA2F6E03DA023C0361FF95FF8208344F767661FF8CFF82466DFFC1B4028228
:20C5000000906D00E408820025602FC061FF76FF2810058F6E4C90FFC2FF370F70F089F072
:20C520003CF4EEFB256038A025603AA0256039A01D00120761FF5EFFEE043B4001803C1D8E
:20C54000910000F6D9FF26A114FF16FE34FF05643A546D00B60625623A50056431C46D005F
:20C56000B006256231C0056432C46D00AA06256232C014FF6F0FED7F768861FF49FF3BE0DA
:20C58000006002871DFF7CB400900248404C61FF1CFFEE043B4001A03C5661FF4DFFF6043F
:20C5A0003BA000A03C50534B24F061FF4FFF910000D6D9DDB4D101DB022609F07D08142FAD
:20C5C0003F0F05803BC000A03C3E02907CC982005F8B078054FFEE03486F6E020290F604B2
:20C5E0003BD000A03C30768E056F36741E525E6A61FF1DFF2E140B0830F13C0C0B8030F1E4
:20C600003C095FB80480402F3C03C56F38A0081FBA2F6E043B5001A03C1602956D007508FF
:20C62000DF0212007CCF5FB8058001DB02F63C03C56F38A06D002305082F16FC2CF26D0098
:20C640002005820976A761FFE3FE826602A76DFF17B402920090404C61FFA7FEEE043B40E2
:20C6600001903C4F61FFB6FEF6043BA000903C4961FF94FE61FFB9FE902409F17D08144010
:20C680003F1005803BC000903C3C02807CC882007E4654F1F613486176120280F6043BD0B1
:20C6A00000903C2FDF04120005603674DF500400DF600C8061FF84FE6F1105000B043001D6
:20C6C0003C090B4030013C0661FF74FE08108B20000276043B5001903C1461FF6BFE61FFB1
:20C6E00051FE760F820540C46D000F08762A7CC86D00C504082F96032CF26D00C204820892
:20C70000769761FF85FE827602976DFFB9B30282009061001600610022000070910000466B
:20C72000D94428B000706100210009FF421800700564347C09C4880909F5F40800706100FE
:20C740001500D4F20070911000F8D9FFB23E0070910000C6D9CC24910070092F7F0809F5DF
:20C76000FC088FFF00410070910000F6D9FF24910070910000F8D9FFD4E290FFD4FF007009
:20C7800061FFDFFF0925F608C83549F4100A0564347C015500660070910000F6D9FF24A172
:20C7A000DA0234FF007061FFD0FF90FF007061FFD1FFD4CF00707623DA0134FF00709100E1
:20C7C00000F699FF249109FF7F088FFF0041007061FFCCFFDA0089FF0118007061FFF1FFE2
:20C7E0006DFFADEDDF22068061FFEBFF1DFF66ED009061FFDEFFC872BC2B856438787C48A8
:20C8000061FF8EFF2D020000DF0215803C1009FF3E09370F63F76E0B856638787C62D4F68F
:20C8200009C5880940C46D00DF033C04DA0089CFBE0809CFFE08EE07D4CFC882BC2461FF0E
:20C8400079FFDC02009061FFB4FFC87F61FF68FF2D0F0000BA0289CF041809CF4518C21F4F
:20C8600089CF0518009061FF56FF1D00E003856F3870EE0961FF7AFF49F4100AD4FFC8A5FB
:20C880001D00E3040090C56C347009C4420405652FC46D00C503F62761FF68FFC81209FFC4
:20C8A00040182C2114CF910000F6D9F224A15E541420DF400A000564347C61FF76FF0825AF
:20C8C00014266D001103A00FA56F3878009061FF2CFF16DF89FF0218DA0089FF001800906E
:20C8E000910000F6D9FF24A114FF6E03DA0134FF82141D003B03C56C367014CF1E63DF5F18
:20C900002C805E5505602FC46F4007805E676D005C06DF12048082653C09910000F639F045
:20C9200026A18F0001018B002052910000F6E9F5B5D161FF3AFF08246D00881A6D009F03D4
:20C94000056F2FC416F9256F2FC06D009A0382046DFF76ED3C036DFF98FFDA0834CF0090C8
:20C9600061FFF8FECCC1D4CD6D006F0209DF7F08370F62F22E0D09C043188FB03FF0160366
:20C980001E1786D08F3000F15E1389CF001809DF700849CE001A370F61416D00DA04762819
:20C9A00014E0082FF60396803C02167F2CF214E46D00DC0214EF6E0909CF4218961089CF5F
:20C9C00002182E63DA0834EF00906DFFCBFF910000F6DA04E9FF24A10090856F3870EE09AC
:20C9E00061FFA3FE2E66C81F09FF4204960334FF82141D00BB0261FFADFECCC16D00250205
:20CA0000D4C249CD001A092F7F08370F62F26F0F1A0009C043188FB03FF016038B0F2012E8
:20CA200086D08F3000F18B0F20F276146E0382103C02820034D0F6126E0382143C0482041E
:20CA40003C0214D46D00920214DFEE13856F3870EE04082F16FD2CF2D4C2092F7008370F39
:20CA600061416D0076047624082F96802CF2009009CF4218961089CF02180090056F2FC457
:20CA80008200C56F3470A002A562387840F2092142042E16825105806E4CC2F03C042E23A8
:20CAA000826182103421B4F000900560347CB70091F7534F2410910000F8D9FF241301F1C4
:20CAC00000567E0791000026D922B4D190223C03C56238A091000066D966249140648942FA
:20CAE0008405DA00896F0018F46549623C0A095FF208B42F095F7F08370F62F22E17D4444E
:20CB0000096FFC081440A60FB42FDA00896FBE084962080A61FF04FEF424095F3E09370FE9
:20CB200063F7EE08856438787C444C56EE03D454F424D42FEC63095F7F08370F62F22E0868
:20CB400082344964031ADA7F344F1D00FE0100906DFFADFF056F367461FF27FE081F256F57
:20CB600031C0DA23256F32C014FF61FF04FEDC0F6DFF8BFE056F347C05806E4CC21F256F14
:20CB80003478056F347C7F0F0B806DFF90FF61FFEDFDDA0089FF041889FF051800906DFF48
:20CBA00074FE056F347CC2FF256F34781DFF7FFF910000F639F026A1058F6E4C8FF00C01F3
:20CBC000E9F026A1910000F68228D9FFB4D190FFC2FFB0CF370F70F0281802863BC000509F
:20CBE00002F46D008101EEF56D00CC0082146DFF27EC1D00020061FFA8FD085F256F32C00E
:20CC0000084F61FFB8FDDC0F61FF9BFD092FF40889FFBE0809FF421816BF89FF02180090DA
:20CC200061FF93FD089F256F32C0088F61FFA3FDDC0F910000F6821439FF26A116EFE9FF4C
:20CC400026A11DFFFDEB61FFC5FDD4F2092FF40889FFBE081DFFCFFD61FF77FD081F256F28
:20CC600032C014FF61FF87FDDC0F61FF54FD1D00E501DA23256F32C0009082046DFFE0EB5C
:20CC80006DFFAEFDDA08256F3670DA23256F31C0256F32C06D00F301056F2FC416CF256F18
:20CCA0002FC01D00EE010564347C1D00CF18910000F6D9F434911D00E60291000046D9444A
:20CCC0002491094588091D00720161FF4FFDD4FC09CFF40889FFBE0809CFF6080564347CA3
:20CCE0006D00B702422FC834370F707009CF7F08820609F5FC088FFF00411D00A601056496
:20CD0000347C6D00A60261FF06FD02270926F408C5643CB01D00990161FF1CFDD4C409456C
:20CD20008409BC5A40C46D00420109CF4218964089CF02183C246D00DA03DF121E80D4C253
:20CD4000092F7008370F61436D000303056F36745E63DF021200D4CFC832BC2661FFEAFC2F
:20CD60002D0200003C04C82F2D0F000009CF4218964089CF0218DA0089CFBE081D008C00F6
:20CD800061FFDFFC092F7008370FE1406D00E1028B0220F2C81F867F2CF20090910000F631
:20CDA000DA03E9FF24A10090910000F6DA01E9FF24A10090910000F6DA00E9FF24A100901C
:20CDC000910000F6DA04E9FF24A1009061FFDAFC1D00250291000026D9222491D42F486F16
:20CDE000C8A66E0691000056D95528B03C02D4F509F5F6080564347C4924100A1D001A0288
:20CE000061FFC0FC1D00160261FFE4FC09FFFC088F1F80F189FFBC081D0017006D00150054
:20CE200061FFA4FC09FFFC08960189FFBC08DA0089FF0118009061FF6EFC8206C56430C08D
:20CE400082171D00020161FF91FC09FF40186E031E543C0582043C0482143C02822449FF20
:20CE6000031A40F46D00710014FF8F0F88F134FF0090856F3870EE0E61FF78FC09F28405A6
:20CE8000092F42049601342FD4FF09FF420416FD34FF0090910000F639FF26A19601E9FF1E
:20CEA00026A1009061FF62FC09FF41188214C83CC21F89FF01186D0059006D00E000056464
:20CEC000367405652FC46D00AB007625DA0289FF00183C07D4F261FF42FC40C46D00BC0048
:20CEE0001D00CF000249910000F8B7099107D9FF24130B5610A8534024F010FF5F902480A9
:20CF000009F07008370061436D00230209F0700802283700E1436D001C02DF2B1500DA0DAC
:20CF20007EA3DF021100DA0C7EA2768DC842BC250BAB10482D020000C85FBCF50B9A1048D8
:20CF400002B6DC0F0090144082318F0008F1BA0F861FC23F0FF100108FF18F1126100FF437
:20CF60001040A6403440009061FF23FCC8B5BD051D00F64549C4100A1D006701DA00056472
:20CF8000347C6D006601DF021100D4CF3BF00F00C8BF10FFC21F34F0370F68F00564347CEC
:20CFA0006D0057013F2FF3FF0090910000F699FF2491404C4056C862BC29856438787C465C
:20CFC00040642D020000F62E3C0A856538787C52D4F57D56050040C41D000600DA0089CFB2
:20CFE000BE080090058F704C0940FE08862F0BF080F1370F70F0A2F08940BE080940FE0805
:20D00000016000F60150002610FF10223C06C2FF09F07FF489203FF4EEFB00908202DF5486
:20D0200005808F0502F1AA12009061FFB7FB6DFF58E961FFC2FB009061FFB0FB6DFFC9E903
:20D0400061FFBBFB009061FFA9FB6DFFE0E961FFB4FB009061FFA2FB6DFF05EA61FFADFBF2
:20D060000090910000F699FF2891822628160564347C3BD000501DFF37FF1D07EF971D07CE
:20D08000F197404FC83209F556084054D42240F52D020000DA0089FF160800904045095443
:20D0A00088098202BC44CC53C81FDC0F00904042CC23C81F40544025DC0F4045095488092B
:20D0C000BC44CC53C82FDC0F0090404F406C6D006700DA0189FF1008E82C0090404F406C56
:20D0E0006D005E00DA0389FF1008E82C0090BC5909428809BC26CC43C82F40544025DC0F87
:20D100000090094F50081E151E261E331E443C05820200908212009082220090404F09FF61
:20D12000D2086E23C81509F0D4080B0F9041A24FACF901540026E8126DFFA5FF09FF50086C
:20D140006E1409F0D208DF0011805E3940F46DFFA7FF7623DA043C07DA053C0540F46DFFB3
:20D16000AEFFDA0289FF10080090405F025609F5C0086DFF56AEB4F20090144F1450820248
:20D180007E060C41095041083A0FAA120090145F344F0C512C41009082120090B70491F7D0
:20D1A000534F24F0910000F8D9FF241310F2910000F8D9FF1453EC43092F3E09370F63F709
:20D1C000FF4F0900910000F8D9FF304390FFD4FFEC43483F744F894584097C53A0023C033E
:20D1E000015500268942880909FF50086E027C5282058945920889469408DA01894F16088E
:20D200000090C8440586704C02F440C5028540D60070CC4209449009DC0F404F024F405CC8
:20D22000406D02586D00330061FFEDFF1DFF4FFF404F024F405C406D02586D00280061FF19
:20D24000E2FF1DFF4DFFCC4309449009DC0FB70491F7534F24F0910000F8D9FF241310FF05
:20D2600009FF3E09370F63F71E231E343C05822200908242009082020090CC41094490095C
:20D28000DC0FD44F09449009DC0F910000F6D9FF9C81EC44912000F8D9FF1C4DF44F912025
:20D2A00000F8D9FF024DEC41912000F8D9FF2E2DEC42912000F8D9FF2E3DEC430090538496
:20D2C00021F0910000F8D9FF285310FF40F46D0030007624084FB02F3C1849F4060A6D00A3
:20D2E0002800762508AF49FF080A3C0F49F40C0A6D001F00762609FF500849FF0E0A3C0593
:20D3000009FF540849FF120A40F46D00040002F20090404F14FF910000C8D9CCD4E290C274
:20D32000D4222D020000081F90CFD4FFDC0F404F14FF910000C8D9CC483390C2D4222D02F2
:20D3400000007625081F90CFD4FFDC0F00908B0420220090DA08256F3670910000F6DA0080
:20D36000E9FF26A1DA23256F31C0256F32C0DA01256F3A500090820261FFE3F9092F7F08EE
:20D38000370F62F20070910000F6D9F4349100706100050009FF70080070910000F699FF85
:20D3A0002491007061FFFBFF09FF7108370FE1401DFFCFFF910000C6D9CC2491D4CF82083E
:20D3C00009FF7008370FE1426DFFC3FF40CD09DF8405082F16C0BA0FDF0212006E10D4CFCE
:20D3E00009FF71088F1F00416DFFB3FF7627D4DF082F16038B3F00823C02821802820090C7
:20D4000091000026D9222491D42F8202C8B5BC554924100A1DFFFFFE0090820861FF91F9EC
:20D42000092F70088F1F00416DFF93FF7625C81F082F1601AA1802820090056F2FC416101C
:20D440008B0F20220090910000F6B9FF22A18B0F20220090910000F639FF28A18B0F0022AE
:20D460000090820261FF82F909FF4418EE0409FF4518EA120090910000F639FF27A186BFAA
:20D4800016038B0F2022009061FF89FFC87FA002012F10240090820861FF81FF481FEE0C77
:20D4A00040F46D002400762909FF7008370F61436DFF4FFF762282180282009061FF6FFFD0
:20D4C00009FF3E09370F63F78B0F2022009061FF5CFF6DFFD4FE8B120022009061FF55FFF5
:20D4E0006DFFCDFE8B02002200904C428202EE034C436E0282120090056F347C05806E4C2D
:20D500000B0F50210090056F347C8B0F00220090910000F639FF24A18B0F00220090056F3C
:20D5200031C48B3F222200903BF00F406DFF07E7DA00DF220400DF320380DA0102F20090B2
:20D54000056F2FC416068B0F2022009061FF0EF909F280118208092F7F0814F0160FDF2078
:20D560001A8002F46DFFEBE6DF22048082183C1202F46DFFCEE67626DF420700DF5207005F
:20D580003C07DA003C06DA033C04DA053C02DA0134FF02820090821261FFD3F80925A40936
:20D5A000BC5A0564347CC8240925F4082D0500008B020022009061FFE0FE2E0509FFFC0838
:20D5C0001601EA120090056F2FC416408B0F2022009061FFDAFEC5653CB01DFF1CFE61FF9B
:20D5E000CCFE2E0509FFFC081601AA12009061FFD1FE370F61426DFFACFE8B020022009052
:20D60000056F32C48B3F222200908202056F36745E55056F2FC41620AA12009061FFBAFEAC
:20D62000370F61416DFF95FE8B0220220090910000F639FF25A182100BF030210090910020
:20D640000026D922048100706DFF19FDC56C26B014CF910000D653CF20F0D9DD048140C470
:20D6600010DF088F34CF6D009200022FB01C40C402F46D00A50053CF20F010DF09FFC40824
:20D68000256F3478086F256F3670D4FFA56F38781DFFF7FC056F26B48BFF2F2200903BF00F
:20D6A0000F205F241000024061FFCBFF53C020F0102F087053C020F0102F09FFC4087E535B
:20D6C000020200905F40F4FF00908270910000F6D9FF048149F2141AA0649AF02C2853C060
:20D6E00020F0492234FA10F589503BF8C2F0FC46820089F01B18DA072CF8256027B0DAFF14
:20D70000256F26B00090024B025C404D82086FFB0500C56C38A03C07910000F6D9FFB4D1AE
:20D7200001FB02C66DFFABFCC56427B014400CC18BF00F928B2F00A2DF091880DF0A16807A
:20D740006D00250053C220F0910000F6D9FF048110FF0224C56426B0A82BF4FD286C6D0035
:20D760002F00DA022CC182186DFF8BFCF69DF6AC911000F8D9FFB23E01FC02F602B40825B6
:20D7800082266DFFB1FB02820090144261FF59FF53C220F0102F087F7E24DAFF344F00902E
:20D7A000344F087F53CF20F01024088F2C48088F53CF20F01022087F2C27009061FF41FFE9
:20D7C00053C420F01440102FDAFF7E05344428742884009053C020F0287010250C582CF86B
:20D7E0000C5853CF20F0102F28748954080834440090024820086FF80500C56C38A03C0799
:20D80000910000F6D9FFB4D101F802C682096DFF36FCC56D26B014D402856DFF42FFDAFF3D
:20D820005F2F230053C220F061FF0BFF102F821940A4086F911000F8D9FFB23E90FF082A51
:20D8400034A26DFFA4FF14DF14A07E2234D0B01D40D402246DFFB4FF826689C601080B8A9D
:20D8600010486DFF41FB6DFF0CFC029200906DFFEBB082146D07DA981D0708981D07069807
:20D880003B30034082050070536420F0911000F8D9FFB24E10FF00708207056F26C4EE0354
:20D8A00082473C09056F25C46E0382373C04DA01256F25C0767661FFE5FF02561DFFE0AA11
:20D8C0000090DA00256F26C000908208056F26C46E0D764382283C0E911000F839FF9C5EF9
:20D8E000C56F25C010FF14FFEE0382183C036D001F01768861FFC6FF3B900C6002871DFF97
:20D90000BFAA00908208056F26C46E15BF64048082283C17911000F8D9FF846E01F4012680
:20D920000924410861FFB2FF082FC56F25C010FF14FFEE0382183C05142F6E036D00BA0047
:20D94000768861FF9FFF3BA00C6002871DFF98AA00908207BC443BB000703C07DA00256F78
:20D9600025C0DA01256F26C0767661FF8BFF82161DFF86AA009061FF89FF085F344F8202CD
:20D9800000908208056F26C482196E18BF64048082283C1E911000F8D9FFB85E01F401F6D0
:20D9A0009110002814F4D9229C5E01240226142FC56225C01022142FEE0302983C09081F99
:20D9C000C58F144090FFD4FF2D0F00000229768861FF58FF3B800C6002876DFF51AA029276
:20D9E00000901DFF74FF1DFF8FFF1DFFCCFF911000F8D9FF964E01F402F6081F536F20F03C
:20DA0000610003000070911000F8D9FFB24E10FF082F610003000070C58F5B6010FF14FF76
:20DA2000C58F0C40D0FF007061FFE3FFD4FFDC0F61FFDFFFC81FDC0F911000F8D9FFB24E86
:20DA400010F2910000F80C24D9FF3844864F10FF0070911000F8D9FF964E00700248404DC7
:20DA6000821261FFF8FF01F802F6083F40FC09C041046E033E2C0090536020F061FFDEFFCE
:20DA8000C81F14242D0F0000820200906DFFCEFF14CF536F20F061FFD1FFC83F142440D4A6
:20DAA0002D0F0000022F02846DFFC4FF02F200902008024840A46DFF60FFDF02268014AF55
:20DAC00061FFC9FF90FF082F911000F8D9FF9C5E90FF0810DF002100536820F091100028B2
:20DAE000D922B24E10220C22C21F370F68F0DE14864091000028D9223844012000260922F2
:20DB000088090834DC023B30034082053B300D6082271DFFB5A90090821261FF9CFF01F416
:20DB200002F614FF5E231DFF9BFF0090911000F8D9FF9C5E01F402F68218404C08293C091F
:20DB4000029440C46DFFEAFF2628C21937096890082FC21F370F68F03FF9F4FF0282009080
:20DB6000DA1F7F9F0780610011008F3F10F13C07DA010F9F0000858F2A60260F0070610056
:20DB800005008F0F10F10070DA018B091E000F0F00F000708208911000C80289D9CC906E45
:20DBA000A564288840CD2010C50E280061FFDAFF6E23856228888F890000858F2E60420F08
:20DBC000D42260FF8F5800F0102249F4001A092414096DFFC7D609D0C008BB00F01F26109C
:20DBE000760A49F4041A856F2888D4FF10FF48646DFFB8D6C218C219B02DFDE0D97F856F63
:20DC0000288882080289C832C82D89A28C09C81FF80289AC8409C50F2800F4AF61FFA2FF4D
:20DC20006E77856F2888D4FF8F5800F010FC858F2E608F890000420F60FEDA1F3F9F0480E1
:20DC4000DA003C0361FF9DFFEE034CC474EF49E4101A09C41C096DFF85D644CF6CE4D801FF
:20DC600009F0C0088F000FF16E0354CF6CE53B00F0F0B04C260F6E0354CF6CE6BB0000FF83
:20DC8000B04C26F0760354CF6CE7DA1F7F9F0480DA003C07DA010F9F0000858F7A40260F3F
:20DCA0006E0E49EF202AA06C54D48F041FF0EE0440F46DFF57D6B04FB04DFCC7DA1F7F9FFB
:20DCC000078061FF63FF8F2F10F13C07DA010F9F00003B0080F0260F6E08D80349E4241AD4
:20DCE00044F4F8036DFF60D6DA1F7F9F058061FF48FF3C05DA010F9F00F016016E08D802EB
:20DD000049E4201A44F4F8026DFF2CD6C218D801B02FF801C219D4AFB0FFF4AFB01FFDF005
:20DD20007F7F00904B0861014B0F41F04B0F71F10BF590610070856F2C88534821F001F9AA
:20DD400002F6D4FFC81F10FFC84F54FF007082060BAB1048007009F0C20886D08F3000F159
:20DD6000007082160BA810480070C21849FF140A3708688049EE080A00704C215426370FD3
:20DD80006844370F68500070856F2C88534421F001F502F6D4FFC81F10FF0070856F2C884A
:20DDA00001F502F6D4FF534421F0C81F00704B0561F17B0080034B0F41F00070856F2C8860
:20DDC00001F002F6D4FFC81F007061FFDFFF081F00705344211061FFF3FF01F100F6C8424F
:20DDE00009200409370068A4370068B009F0C2088FE03F108F110011007061FFD1FF10FF7A
:20DE0000C84C09F9C2084CC1370F68A4370F6880007061FFBBFFC582204001250226D42220
:20DE2000012403260070404F6DFF00D5022940F402946D002502DF024980C5821840012958
:20DE400002268230D42CC58220400129022674C0A56F2C8801F902F68208D42ED4FDCCD107
:20DE60003C1D820074E009F1C20886D18F3100F13E085E3D3709685002846D0020023C0C71
:20DE80003709685002846D0014023C063709685002846D000E0261FF6AFF14DF3FF8E3FF6F
:20DEA000CCD182083C0D081FC842EE0561FF67FF6D006300C21849FF140A3708688014DFDE
:20DEC0003FF8F3FFDA0174CF0090024F200802586DFFACD4022982243709686002F56D006F
:20DEE0001602DF024980856F2C888207C82201F902F61022D4FF1424C5822040012902261D
:20DF0000534421F0C81FD42210FF0124032661FF24FF3E769E12DE3B092504093C02481549
:20DF2000F65302763C234B0561017B0080F34BF041F061FFF9FE3C1A4815F65302763C05A9
:20DF400061FF37FF61FFF0FE48373C104815F65382063C0561FF2DFF61FFE6FE858748601F
:20DF60007F5605800B65807006F7081FEE0434A91D00C7000090024F0258F6686DFF57E0D4
:20DF80000BF8104882061DFF74E082066DFF53DF0BF8104882061DFF70DF024F0258F668B1
:20DFA0006DFF56E00BF8104882061DFF73E082066DFF52DF0BF8104882061DFF6FDF0258A1
:20DFC00014A0026F027961FF06FF8FBA20308582620086B042328F7B20304232602F6F00C4
:20DFE00021806E0EF6156DFF4AF868483C2B6DFF46F861FFAEFE6DFF62DF68283C44F617B4
:20E000006DFF3DF8DA006CF568483C4F6DFF37F861FF9FFE6DFF53DFDA006CF368283C406E
:20E02000DF011B80EE086DFF2AF8858F48606CF4DA003C087E896DFF22F8DA006CF4858FCC
:20E0400048606CF53C326DFF1AF8684942F94B89110268513C2AEE0C6DFF11F861FF79FE93
:20E060006DFF2DDF858F48606CF2DA003C0C7E8D6DFF05F861FF6DFE6DFF21DFDA006CF209
:20E08000858F48606CF33C0C6DFFF9F761FF61FE6DFF15DF682942F94B89110268318216BE
:20E0A0000BAB10486DFF0BDF1DFFEBF761FFA7FE858F62008FBA2000420F8F782000420F51
:20E0C00060FF61FF50FE6DFF6AFFDA036CF8DA006CF940C46DFF63DF86E96F09060061FFDF
:20E0E00042FE6DFFECDE0BA810486DFF76DF61FF3AFE6DFFB1DE61FF36FE1DFFCFDE2008C6
:20E1000009A04808534421F061FF5AFE10FFC84F54FFEE0434A01D00120034A01DFF51FFF8
:20E120000B45108861FF09FEEE036D007F005E150B8910481DFFBCFF0090025814A0026F6E
:20E14000027961FF48FE8FBA203085825E0086B042328F6B20304232602F6F0021806E0E1D
:20E16000F6156DFF8CF768383C2B6DFF88F761FFF0FD6DFFA0DF68183C44F6176DFF7FF78C
:20E18000DA006CF468383C4F6DFF79F761FFE1FD6DFF91DFDA006CF268183C40DF011B8075
:20E1A000EE086DFF6CF7BBF0FFFF6CF3DA003C087E896DFF64F7DA006CF3BBF0FFFF6CF464
:20E1C0003C326DFF5CF7683942F94B89110268413C2AEE0C6DFF53F761FFBBFD6DFF6BDFC2
:20E1E000BBF0FFFF6CF1DA003C0C7E8D6DFF47F761FFAFFD6DFF5FDFDA006CF1BBF0FFFFAC
:20E200006CF23C0C6DFF3BF761FFA3FD6DFF53DF681942F94B891102682182160BAB10484A
:20E220006DFF49DF1DFF2DF761FFE9FD8FBA2000858F5E008206420F8F682000420F60FF49
:20E240000BA810486DFFABFEDA036CF7DA006CF840C46DFFC0DF86E96F09060061FF83FD44
:20E260006DFF29DF0BA810486DFFD7DF61FF7BFD6DFFEEDE61FF77FD1DFF0CDF024FA00F12
:20E2800082027D4F088002243B0001506D0020008212F62DC58F184090FFD4FF54FF5E17DA
:20E2A00082043B4001506D0013008212009061FF8EFDEE031DFF36FF009061FFACFD481F3B
:20E2C0006C21081FEE031DFF2DFF00900B4510683B90074082051DFFD3A58202BF450780BD
:20E2E0003B2001506DFFF4FF82120090C58F184001F502F68202D4FFBCF354FF1E163B107D
:20E3000001506DFFE5FF821200900B561088024F02956DFFEDFFF6260BF8104802961DFFD4
:20E32000DEFF009026202631BA008B0100F400700F2080400F31805000706D007C0D6DFF58
:20E34000B5E06DFF9DE41D07A1922008FBF000406D07F493821440A46D07A09509A0400981
:20E36000FBF0002061FFE6FF6D07FC9309A04009D22261FFD9FFEE036D003E0D09A0400991
:20E38000D21261FFD1FFEE036D00600D09A04009FB80002061FFC8FFEE036D00430D09A093
:20E3A0004009D24261FFC0FFEE036D00210D09A04009D22261FFB8FFEE036DFF91E409A0DD
:20E3C0004009D21261FFB0FFEEC26DFF6DE03CBF2008D2746D07B293822440A46D075E9585
:20E3E00009A04009D27261FFA5FF6D07BB9309A04009D21261FF98FFEE0F6DFF648F6DFF8C
:20E40000E0AA6DFF6D9D6DFF13966D001F0D6D001D0D6DFF5F9609A04009D22261FF84FF8D
:20E42000EE036DFFF5A009A04009D21261FF7CFFEE036DFF07A309A04009D24261FF74FF59
:20E44000EE036DFF02A309A04009D21261FF6CFFEEC16DFF71F06DFF8DB16DFF48C93CBA80
:20E460002008D2246D076A93826440A46D07169509A04009D22261FF5DFF6D07739309A05F
:20E480004009D22261FF50FFEEED256F25B0056429C46DFF67E06D0709923CE48204A56485
:20E4A0003090A5643490256427C0256428C0A5643890A5643C90DA01256F24B0256425B0A7
:20E4C0006D07849282146D07819282646D077E92823482153B4006606D0750948244821548
:20E4E0003BA000606D074A94825482153B0071626D074494826482153B409C606D073E948E
:20E500008202009082346D07819282446D077E9282546D077B9282646D0778928202009091
:20E520003B60082000908202009082046D076E9282146D076B9282241D07689282241D07E5
:20E540004592820482153B4006606D071794821402453B800C606D071194822482153B2012
:20E5600003601D070B94856F30886100AC0053C820F0C82F09C0580810F28FF00001C56FBB
:20E580003C706100A000C86F10FFD4FEC81D00707CE3821B402E8F8020F009FDC808C5FF3E
:20E5A000C00110FFBBF0FFFF09C0D4080070020F8FFF005109CF5708370068428B0F0062C9
:20E5C00000708F8420F0C5FFC00110FF00700248404C0259026A820B02BC0070D4CFC82FB2
:20E5E00001F900F60070910000C6D9CCBCA1A03D00706100680053382000488F570F62F012
:20E600000070D4CFD4FFC812D4FF0124022601F402F60070D4CFD4FFD4F2C81F012A022647
:20E6200001FB02F600706100490001F802C6D4CF00709210370070F0CCD250FF09F8C00809
:20E640000070C56F3C7090FFD4FF00706100360090FFD4FF007091000026D922BCA10070B0
:20E66000856F308861002F00C81F0070D4DFD4FFD4FF0070C83F01F800F6007002D440D4EE
:20E6800002A502B600703B0060F089FF141900706100140001F902D60070D4CF01FD00F6AD
:20E6A000C82F007061000A0001F902C60070D4CFC86F01FD00F60070910000F6D9FFBCA15C
:20E6C000007001F202F6D4FF0070856F308801F202F60070200802486DFFA8D0022A820091
:20E6E00034A0823440A4821602856D007E04022C14A8DF0C8280856F308853482190028449
:20E7000001FA02F6D4FCD4C2012900F6C822CCC10920C00853C021F010FF09FF58088FFFEF
:20E7200000B16D002B0B022CDF0C67806DFFA7F4D4CF02B501F900F609F4D0086D00DA0612
:20E74000022CDF0C5380C56F3C7001FA02D6D4DFC82F01F800F614FF5E13821C3C05028498
:20E760006D001404022CDF0C3B80D4DF8210DA00C82FBBF0FF1F01F800F634F0D4CF01F9B1
:20E7800000F6C8225024D4DFC21F0940C008370F70F0C83F01F000F6823034F0502F09F09E
:20E7A000C0085F10F1FF02846D00EB0561FF86FF01FB02F6D4FF49F2100A142FDE1BDA0236
:20E7C0002CF4342FD4FFDA00ACFAD4CF01F900F6C82F09F4C0086D0079023C0C82343BA053
:20E7E00002506D000D083C0682343BC004506D0007086DFF46F402C200900248200882098B
:20E800006DFF14D0022F3BC0004082156D008C03F62B820034A03BC0004040A482460285C4
:20E820006D00E30314A9DF025380C56F3C7090FC61FFD6FE14F0DF104B806DFF20F4856F42
:20E84000308890FF534921F0D4F2D42F10FFC82F09F0C008CC2153C021F010FF09FF5808AC
:20E860008FFF008102846D002D06DF022B8061FF25FF01F802D6D4DFD4FF09F4D00809FA24
:20E88000D2083C1DD4D2D42FD4FF01F402F609F0C204370068F07E9FB71081F7B4FFD42289
:20E8A000D4CFD422C83F01240226092FC00810FFDA0034FF02856D00520502245FA4E4FFF8
:20E8C00061FF8EFEDA0334FF1DFFDBF300900248200882296DFFAACF022F820034A03B807E
:20E8E000004040A4824602856D007F03F62761FFAAFEC82F14AF10FF14F902920090DA00BD
:20E90000826482156D001003F62682346D001D06BA02C21F02F20090404F6D00A103DF02F6
:20E9200050806DFF83CF022FA56F308890FF02F4D4FF6D00B8038208910000D6D9DDBCA1C8
:20E9400040DE49FC100AA03F02846D00AE05DF0224808F882000C5F2C00101200046D4C284
:20E96000092449086DFFFECF02846D00F80602846D00DF0602846D004E01D4E20284821007
:20E98000892010086D009E05F62702846D003F0702846D00A306C218B04EB04CFDF0D67F9E
:20E9A00061FF51FE82082848DA01A03C02846D008905F623D4DF2CF4C218B04DFCC800905F
:20E9C000FF441C8061FFFFFD09FFC0188FFF1FF1167F6E133BF0FFF089FF141909FF551824
:20E9E000961089FF151861FF69FE01F402F6D4FF084F5E231D0086030090FF44138061FFF1
:20EA0000E2FD09F041183B20025009FF5518961089FF151809FF550887F004621D00B8062B
:20EA200000900248025F6DFF01CF856F308861FF4AFE2E1E820449F2100AA034D42FBCF55C
:20EA4000086F7E831D00A105C214B042FC480090024F6DFFEBCE02283BD0004082156D00F0
:20EA60006302F62C82246D0070057629C56F3C7001F802F68202D4FF2CF4009082120090EC
:20EA800020080248404C405D02596DFFCFCE022A820634A6825440A402856D00050214A878
:20EAA000DF0216808562308853C820F0012A0226D42FC82F10FF09FFC4083F9F0380F697F7
:20EAC00082543BD000506D009B068212DF021480C56F3C7001FA022653C820F0D42FC86F86
:20EAE00010FFF4FCD42FC86F10FFE81DD42FC86F10FFA8490090200802486DFF97CE022F8B
:20EB0000820634A63BA0004040A402856D006D02022A14A9DF0A3F80856F30885349210037
:20EB200090FFD4FFD4FF01F000F609F852086DFFA6F261FF7AFD09F05004DF102380C5627D
:20EB40003C70902DD4D2542FEE1CDA010F8F00807428DA0234FF6DFF94F202946D00220856
:20EB6000022A6DFF8CF2D4DF82F1C61854F0DA01268074F0D4CF89FF10086DFF82F23C0AE9
:20EB80006DFF7FF2821A3BA000403BA003506D00370602A200900249856F3088025ADA00A8
:20EBA000026B6DFF43CE01F202F6D4FC61FF72FD534A21D0BBF0FFCF61FF71FD09F0C0084B
:20EBC0005FC0270061FF6BFD50FF09F8C0080BA810486D00220561FF4BFD01FB02F6B4F828
:20EBE00061FF46FD01FB02F68F822000A6A0A8100BB910486D00B303022BC21F370F70F05C
:20EC000061FF4DFD50FF09F0C0085FC0DDFF02B20090DF140700DF240E00DF344E000090FF
:20EC2000910000F691000026D922A091B5F280B1009091000026910000F6D922B491D9F4B7
:20EC400084B1910000F6F442D9FFB48191000056F42FD95580E1F4F591000066D42FD966FA
:20EC60008CE1910000C6E816D9CCA861D442910000D6D9DD8871D42F8200DAFFE82CD44270
:20EC8000D42FE83DC56F10B0D442EC23405FA022ACF189F08400FC2D3BC0004040646D00C3
:20ECA000FB013B00024040C46D00F6013B00024040D41D00F101910000F691000026D9229A
:20ECC00088A1B5F288B1009002486DFFAFCD53C821F061FFC7FC10FCC56F3C7061FFF3FCDF
:20ECE00061FFCAFC821434F440C46D00D302820502846D00AD0509CF58088FFF009161FF07
:20ED0000C9FCD4DF0284DA00D4FF821589FF16086D009E0509C0D408BBF0FFFF3E0B09CF8C
:20ED20005708370068428B0F00628FF000516D0082058F8920F0C5FFC00110F2D4DFC83F6A
:20ED400054FF892F20190090026A20080B4510886DFF6CCD022B856F3088028401FB02F66B
:20ED6000D4FC6D00C70161FF78FC012802D6BBF0FF1FD4D2D42FD4F209FCD00809FFD408C0
:20ED8000012C0226C21F092DC0080920C20809C28409370068E0ACFA53CD2100012000E687
:20EDA00009EFD4083E1ECCC1370F68428FFF005101F000F609FF57088B0F20626D003B05B0
:20EDC000C56F3C7001FB02F6F4AFD4FFC83F01FD00F634FACCE1BCF32D0F0000534E21A0C6
:20EDE000D4CF01FA00F609F0D008C2F0370070F06DFF45F1D4CF01FA00F6C82F50FF09FFE1
:20EE0000C0083ED5DF290400DF391380D4DFD4FFDA00ACFAD4AFD4FFC82F01FE00F634F9EB
:20EE2000D4CF01FA00F6C81FBCF32D0F000061FF1FFC01FC02F6DA00B4FF61FF19FC01FCFD
:20EE400002F6DAFFACF1D4DFD4FF09F4D00809F9D2083C0C02856D008202022461FF08FCC3
:20EE600001F402F609FFC2082EF35F94F5FFD4DFD4FFA884D4DFD4FF5F940A00D4FF01F4CE
:20EE800002F609F4C0086DFF21FF3C0BDA00ACF8D4DFD4FFACF9D4DFDA012CF489FF1008EB
:20EEA0001DFFEFF0404C02596DFFC0CC022F825482156D0039000228DF082380856F3088D4
:20EEC00009F058087F091780C84290FF01290026D4FF142009F168087F100D8053C020F021
:20EEE000C82F10FF086FEE06088F7E9434C082083C07821882543BA000506D008104028226
:20EF0000009082020B2210083F4505800B4650F1EA107F4505800B4650F1EA11F6027612AD
:20EF2000821200900B451088820A6DFF7FCCC56F3C7061FFC8FBF685BD0F2600821A3C2317
:20EF4000BD0F1A00820B61FF50FB02B46D00BA02F624D4CF084FEA1A02B46D00A602F625B6
:20EF6000D4CF09FF5008EA1AF6A7C21BB04CFDD0EE7F3C02821A76A776963BA00150028425
:20EF80006D003E0402A2009002488209029A6DFF4DCC8566308801620226D422534821F0C8
:20EFA000D422102FC837C5623C70012202261470DAFFBE08D42F09658809C824017A00F67D
:20EFC00014FF105F14FF104F14FF5E1382193C0AC21A370A68A0017A00F614F0DAFF5F0FF7
:20EFE000EBFF029200900249404C0B5610A86DFF1DCC0228820C821502946DFF95FF022FA8
:20F00000EE2C856F308809F054087F0A2180C82201F802F6012A0026D4FF1420DF4B090045
:20F02000534021F0D4F21022092F53087EB2821C09FF64087FF00C8076CA534021F0D4FFAD
:20F0400010FF14FF7EA434C0DA003C07DA013BC0005002946D00D40302F20090404FDA016D
:20F060007CF43B0001503C12820402456DFF5CFF022F6E043BA004503C0985623088BC2917
:20F080007DF208003B400650DA0182046D00B80302F20090DA0002F0C21F24403F4FFEFF7F
:20F0A0000090DF042680910000F6D9FFA871A56F3C78DA0074FF91000046D9446461E864A5
:20F0C0003B4002406DFFE8FF856F3C78A002C56400C0E842E8528234E824C56203C0E832C3
:20F0E0006DFFDAFF8234C56403C01DFFD5FF009061FF69FA485F3B00800E260F6CF5009050
:20F1000002486DFF93CB0229856F308801F902F6D4F261FF8AFAD4FF8F8820F009FAD00893
:20F1200009FBD208C5FFC00110FF09F06B28B700810389F02B2809F0E428B7000DF089FF89
:20F14000A428484FB71F02FF6CF4012802F6C84F08746DFFDFA0D4CFD4FFD4FF01FA02F63A
:20F1600009FFC208C56F3C7001F902D6370F68C03C1ED4C2D42FD4FF01FA02F609F0C20425
:20F18000370068F07ECFB7108107B4F0D422D4DFD422C83F012A0226092FC00810FFDA02BC
:20F1A00034FF0BA810486D00DA00022A5FBAE3FF8225025602841DFFC9FD0C478FFF070153
:20F1C000DA107F0F048082420090DA080B0F3021C21200900B54102100908208404F02896A
:20F1E0006DFF24CBC844DAFFC5623C70012202261440BE05014900F614F0D42F53C020F030
:20F20000C86F10FF9A1909F0C808370F70904208DAFF014900F614F05F0FEEFF0282009010
:20F22000024F404C02586DFF01CB8562308853CF20F001220226D42FC5F2C001C82F10FFC2
:20F2400009CF5808160F8F8F20F010223BF0FFF0892F141909CF590809C20C0937F2812906
:20F2600009CF580886CF37F2042E087F8F9F3F003702812A167FC2FF37F2852B37820120C5
:20F28000370268F8B70F01F3961037F208280090404C024909CA5A086DFFC8CA85623088E3
:20F2A00009C85808C5FFC001012202268FF80001D4228F8020F010FD012002F64CC23B0041
:20F2C0000034C84F8F0F1F104CD486C8263F85834650A6310FF1A0B008CF5E19B71B81F7E6
:20F2E00009F00E098F0001000F0FA0B07B0070C185804A50C56F3C702B0C50C961FFE3F949
:20F3000009FF4404EE03B70C09C0DF0A1880DF09160014FFB75C83CB5E13B71C01C640C41E
:20F320006DFF5DFF09DFE428372F0DF089DFA42809DF6B28968089DF2B284CC289DB1009A3
:20F34000B70F100889DC14098F7800F190DF3BF0FFF0688089DF141900900248856F3088C9
:20F36000025F6DFF63CA61FFAEF990FFC218C84F3708702009FFC4083AF2AA0200902008D9
:20F380000249856F30886DFF51CA61FF9CF9534921F074AF91000046D4F2D944BCA1820889
:20F3A0001022092C8809C81209CFC00853CF21F01022092F58088FFF00A1014A02D6D4D4E4
:20F3C000D4440940D008094BD20802BC5FB06200092F56086E5EC210370070D03C51D4D2B9
:20F3E0008206C2FCD422D422012D02260928C208092FC60837086840370F68506DFFECFE49
:20F400003B00300026088F883F50820809C0C008BBF0FF1F5F1037005FBD3500DF022C00C5
:20F420003B003010C812261F8F8F3F6053C021F01022092456086DFF66FDDF021D00C21DE8
:20F44000370D70F002A60BFB10486D00310182070BA9104802F66DFFA0FB0BFB10480B2A3C
:20F4600010686D000601D4FF54AF022B10FF09F8D0083C080BDA10486DFF71FF022DDF0C3E
:20F48000B0FF01C801F609F0C008BBF0FFFF3E0882070BA9104802B66DFF7FFB022BD4DF3A
:20F4A000D4FFA89B0090024882196D001700022F02846D0007007622EE02820902920090DB
:20F4C0000248856F308882196DFFB0C961FF93F8BA2FAB09A02F00900248856F308882193E
:20F4E0006DFFA4C961FF87F8BA1FAB09A02F0090820A856F30880B5410886DFF97C961FF0D
:20F50000E2F861FFAAF80128022601F802F6D422C84FD42209F1C408092FD0080920D208F1
:20F520003E0E7F0F09800B01800042F0C2F0370070103C05C2F0A20F370F70100B9150F1FA
:20F54000AB1A802F009002488219820A61FF4DF802A46DFFAAFFDF021280DF380780D4CF22
:20F5600009FF50085E2A3C0802A46DFFABFFF625D4CF084F5E2282097695C21AB04CFDD0D3
:20F58000E97F0292009002496DFF50C961FF9FF88F8920F0C5F2C001102CD4F561FF5DF8BE
:20F5A000012902D6D4DF084FDF2F2D80D4F2CC51D424092FD008092056049044C210094126
:20F5C000C0083700688053C121F010FFDAFF09F05A08C84F01F800F614F1BE153428015948
:20F5E00002F6C842092446086DFF2D9EC84F08746DFF299ED4DFC83F01F802F654FF89CF3B
:20F6000020190090DF1008803B100250820602941D00BE0000900248856F308882096DFF97
:20F6200005C901F202F6534821F0D4F2BBF0FF1F8200D42F10FFC82F09FFC008BE1701F0B5
:20F640000146C210094FC0080924840953CF21F0370070001044094F560801F001460BF997
:20F66000B091094FC0085F1FECFF029200900B5710880B6410A861FF17F83C1561FFCCF798
:20F6800009FFC008B42F61FFC7F709FFC208AC210BB910486DFF63FE022B0BA910486DFF6C
:20F6A0005EFE022A5F8BECFF02A200900B56108861FFFAF73C0F61FFA6F709FFC008B42F74
:20F6C00061FFA1F709FFC208AC2102956DFF47FE02245F84F2FF0090024F856F30886DFF58
:20F6E000A5C801F202F6D4F261FFB2F7D4FF8200C826C837902F8F8F20F049F2100AC5FF9B
:20F70000C00110F43C108F5020F04945241A106F80516831107F4945102A805FC2106CF2CE
:20F7200037006800D42F088F3FF0EFFF0090024F856F30886DFF7AC861FFC5F790FF8F8F6F
:20F7400020F0C5F2C0011022C8440C4A16076C21C84F54FF892F0819009061FF34F7DA00AB
:20F760006CF149F2200A858F42506CF47B5000F06CF53B0045F1A074642FFC4FDA0089FFE0
:20F780000819BBF0FFF989FF141900900B641088C5FFC0018F8920F010FC6DFF47C861FFC5
:20F7A0008DF701F902F6D4FFD4FFD4F209FFD00890220920C00853C021F061FF53F710FF07
:20F7C00009FF5A081E13DF081A000920C208C56F3C70370068F009C06B28B700810389C04B
:20F7E0002B2861FF70F7C82F8235029410FF820614FFBA3FEA051DFFA9FA00900B45106802
:20F800003B30054082051DFF3B9B61FF57F701F40226D42FD4FFBCFDDA00ACF8D42FD4FF11
:20F82000ACF9D42FD4FF89FF1608D42FD4FFACFA00908F842000858F2E600646420F60FFCA
:20F84000DA0142650F5F00F06CF1009020380B451088910000F8D9FF641440A2A08444F088
:20F860006420FC4E6DFFE2C7856F308861FF2BF7F80D53C821F0C81F10FFF80A09FF5808E6
:20F8800009F85A08160F61FF19F790FFF80CD4FFD4F2D80D90FFC8447696CC22F80B094A74
:20F8A00047083C05CC23F80B094A4608C56F3C7001F202C6D80ADAFF820BC84F14F05F0FB9
:20F8C0009500D80A8F5B20F0C84F01FB00F614FCD80D53CC20D0C82F01FD00D6D80B10FEEE
:20F8E00009E0D40861FFE5F609FFC80840D437F00EF0ACEA6DFF63FCC2F249EF160A14FF77
:20F90000372F830234F03700E3F25E35C2FF37F083F234FF8F5B00F0D80B10FF49FF200A6B
:20F9200080FF6CE649EF100AF809DF092F8076B609EF5E08960489EF1E08858F565074FF1D
:20F9400049E20C0A61FFB5F6C81F7CFAD80C54FFC26F742FD809858F5A5074FF3C0980FF1D
:20F96000742F09EF5208B70F81F289EF1208D4CF49E2130A1420084FEE04B70002F13C0376
:20F98000B72002F1342F3C2602C409A4A80902856DFF48FCD80C49E2080AD4FFC83F01FB86
:20F9A00002F674F2D809858F7E4074FF61FF81F6D4FF7CF880DF742F7BC003F0D80974FF21
:20F9C0003C0980FF742F09EF5208B70F01F289EF1208D80AC21B370B68B0C84FDAFF01FB1E
:20F9E00000F614F05F0F6FFF8F5B00F0D80B10FFDA0089FF38F909FF72F8B70F04F089FF1E
:20FA000032F8D80B482F74AF483F7801484F7802487F7803485F7804486F780509AF600875
:20FA2000960F963089AF2008DF1B0680B70F81F289AF200840A4A00502A46DFF999C02A46C
:20FA40001DFF019C856F3088820209F01A093C08094F0019167F6E0382123C0CC2F009410E
:20FA60000019858F4E5026F1858F52503E13DF00F1FF094F0019167FEE02F60282120090BC
:20FA800082092008029B0248821A6DFFCFC661FF1EF6D4FC53C821F009C28409102DC56203
:20FAA0003C70012202E609DC5A08D4EF61FFE4F5821034F0820440D46DFFECFBCCD409DF21
:20FAC0005808160F14FD8F8F20F0C5FFC00110FFF4AFCCD402D440D402C501F900F6081FC3
:20FAE0008BFF0FF2AA1B6DFF9DFBD4AF89F2201953CD20F0CCC210F46DFF61FBDF12078079
:20FB000061FFBEF56D0008013C0CDF22078061FFB7F56D009C003C0561FFB2F56D00CA00F8
:20FB2000022E820AF6B8DF0E1C003C0509FF0019167FEE07D4AF09FF4318370F64F2EEF7FF
:20FB400009DFD408BBF0FF0F3E0B370F68428FFF005109DF57088B0F20626DFF6CFEF6E9F8
:20FB6000C21937096890CCD401F900F614FD3C0DD4EF61FF81F5DA0234FF3BF00FD0D4AF53
:20FB8000484FB71F02FF6CF4DAFF5FDFA4FFD4EF61FF72F514FF5E13DA0034FF02E200904E
:20FBA00002496DFF43C661FF92F5D4F2C56F3C7001F202C661FF14F5821034F0534921F071
:20FBC000D42F822ABBF0FFBF10FDDA0009D288090928C00802846DFF55FFD4C409428C0903
:20FBE000012800261420DF201280094288090129002634203C08D4CFC83201280026342AE3
:20FC000061FF19F55FB8F9FF3C0361FF14F5CC4201F900F614F0DF30118082003C0CD4CFB0
:20FC200061FF2AF534F0C21F370F70F0CCD250FF09F8C0085FB8F5FF5FB8CEFF61FFD0F4D1
:20FC400014FF5E13DA0034FF0090200861FFC1F46DFFECC561FF89F47CD3821C40AD61FF12
:20FC600099F43E06769561FFA4F46DFFE4FDDF1D0A8076A8028440C482156DFFD3FA89F2EA
:20FC8000201961FF02F509EFC00889FF2419F6B2B02E40F46DFFD8FEF62B09FF1029B4DF5E
:20FCA000F6C2B02DC2FD370D70D0DF0DE2FF0090200861FF8EF46DFFB9C561FF56F47CD322
:20FCC000821C40AD61FF66F43E06769561FF71F46DFFB1FDDF1D0A8076A8028440C48215EC
:20FCE0006DFFA0FA89F2201961FFCFF454EF89FF2419F6B2B04E40F46DFFA6FEF62B09FF0C
:20FD0000102974DFF6C2B04DC2FD370D70D0DF0DE3FF0090200861FF5CF46DFF87C561FF11
:20FD200024F47CD3821C40AD61FF34F43E06769561FF3FF46DFF7FFDDF1D0A8076A8028455
:20FD400040C482156DFF6EFA89F2201961FF9DF414EF89FF2419F6B2B01E40F46DFF74FE3F
:20FD6000F62B09FF102934DFF6C2B01DC2FD370D70D0DF0DE3FF0090024882096DFF56C58C
:20FD800061FFA5F4D4FC534821F0D4C2102FDA00C8220920C00853C0210009C284090120B7
:20FDA00000466DFF1CFA3BE0FF017F20048082193C0C9210370070F0C82250220920C008D4
:20FDC000BBF0FF1F5F10E9FF769682343B8006506DFF16FD029200900D00000382241DFFBB
:20FDE000F1F50D00000382241DFF09F63B1021401DFFB698856F0010C21FA56F00106D00C0
:20FE0000E600DF12098085600010DA643FF004806D0004016DFF84D66D0024031DFFA0E034
:20FE20003B002140856F0410C21FA56F04101DFF979882046DFF039E820482156DFF939289
:20FE4000820482251DFF9D930090056F24541E2382120090858444601D00AC012008404F1A
:20FE6000DA0074AFBD0F12006D008701DF120E00DF32068040A46D00AB013C07DF22068055
:20FE800040A46D00A50176238202009009A4C00840F46D00040082120090910000F6BBF04E
:20FEA000FFFFD9FF684140F289248404BE49085F6F7F1C0037046F00056F27546E17056F52
:20FEC0002E4C5AF0B70F91173BF0FFF37F1F0580BB0000F852113B0080F07F1F0880094F71
:20FEE000E608C21F894FA6080090DA0125602E48256F27504B0061F16C4106E04B0061015F
:20FF00007440858F4A40094108094BF041F06C426B01310F858F70504BF001F02E26858F06
:20FF200056406B0F31003C0A858F74504BF001F02E05858F56406B0F21004C4882014B1F3D
:20FF400001106F211C004BF051F06C4385827C50094010094B2F41F0858178506B1061FF30
:20FF60006C4409406408760A858140604B0061014B1F41F04B0F51F06C45009020086D003D
:20FF8000FC00DF220400DF32058040A41D0020010090910000F6D9FF585109F06408482F34
:20FFA0004B0061014B0F4120858056403C036B0031224B0201F01606EEFB3C036B00212211
:20FFC0004BF201106F01FCFF0090056224540090DA00910000F6D9FF585174FF49F2040ACB
:20FFE000C5040400642FFC4F89FF1808ACFD6CF7858046406880824089F0240889FFA60892
:02000004800278
:20000000256F2550256F2650256F2A48256F2C48DA01256F245000906DFF73F4DF12040084
:20002000821200903B803E406D00A106A04F82046D00330725622A483B4006406D0097066F
:20004000FCF7A02F82246D0028073B4006406D008E06FCF982046D0021063B6009406D007A
:2000600086066D00A80682246D001707B70291F7910000F625622C4882024B0F61F159FF5D
:200080005C51DA01256F2550256F2650DA02256F2450009020080248404FBD0F3900056FD7
:2000A0002B545E1982146DFFAAF33B007D406D009D003C07056F2B546E0440A46D008A0026
:2000C00082146DFF06F4DF12098082146DFF97F33B007D406D008A0002846D002700762C73
:2000E00082146DFF8CF33B401F406D007F0002846D001C00F62C3B007D406D00770076290D
:20010000DA03256F2B50DA01256F285082120090856F20A074FF25622850856F20A0A56FFA
:20012000343025622B500090A5643030DA00A56F34308215256528502565295025652A506E
:20014000A5641CA0A56F20A00254C5641CA0C56520A06DFF97F425622950F62782146DFFCB
:20016000BBF225622A507624DA0382123C02DA01256F2B500090056F2B54DE1882146DFF23
:20018000A8F3056F2854F6288220856F20A0A56F3430DA003C07DF220400DF320680DA0154
:2001A000823025602B50256F285005622B5400900248056F2B54EE0682146DFF8AF3DF126A
:2001C00004808212009002841DFFB0FF1D000200056228547C4382120090856F3430744F26
:2001E000DA00256F2B500090024F820882146DFF70F3F6220090DF221200DF321000825494
:200200006D000F00C2583FF8F3FF82146DFF61F3DF12058082146DFFF2F282120090200821
:200220006DFF01C3F6236DFFC1C2F62CDA003B803E003C0354AFC21F74AF54AF3F0FFCFFFF
:2002400000903B8038F14B2F1182AB1880886DFFAAC2022F6DFFA7C2A2F23F82FDFF009093
:200260003B80024082151DFF20973BC0004082051DFF1B97822482051DFF17973B80024093
:2002800082051DFF12973BC0004082151DFF0D97822482151DFF09973B803EF0E2F41D00AB
:2002A000660582446DFFC1968B1200220090404FBD0F1A00858F4860B704080C59F004D0DE
:2002C00026F4A56424A0C56C28A0820474C4C56424A0821540C56DFFD5F3F62582046DFFB6
:2002E0000CF476238212009054CF40F4B70F08FC59FF00D06D00040082020090394F06D015
:20030000167F904F194F04D089FF2069194000D0370067F6904F74F0009014FFB70F03F0C0
:2003200034FF54F400706100120009FFD848370F680209FFD048370F68F216180070910098
:2003400000F6D9FFF021A0DC0070910000F6D9FF94F00070DA00256F3150856F3C30C21F4F
:20036000A56F3C30056F3054C21F256F3050009082026F7405003B90002000906F640500C1
:200380003B80002000906F540400827200906F440400826200906F340400825200906F24DE
:2003A0000400824200906F140400823200908F1400F1AA220090DF1406806DFF6BFF1DFFBF
:2003C00051FF6DFF5DFF1DFF57FF05622D54009005622E54009005622C540090056F2C5437
:2003E000DF1F3F00DA00256F2D506D001001DF120600DA01256F2D503C2C91200048D944F6
:200400007EC082246D008901DF02240091200048D94460A082346D008001DF021B00912095
:200420000048D9446A9082446D007701DF02120091200048D944425082546D006E017629C6
:2004400091200048D944785082646D006601F623DA023C046DFF14FFDA01256F2C500090D5
:20046000856F3830C21FA56F3830056F2C54DF1F2F00DF2F2D00056F30546E071E1A1E2D77
:200480009E309E439E563C1B6D00C10082153C146D00570182253C106D00040182353C0C24
:2004A0006D00E50082453C086D004D0082553C046D006400826502241D0032006DFFE0FE97
:2004C000DA01256F2C50DA06256F305000906DFFC9FE3BA000406D004A046DFFD1FE3BA08E
:2004E00000401D004404024F61FF31FF40F46DFFE0FE25623250A56F004019FF00D0A56F9F
:20050000044019FF00D0370F67F6256F3350B9FF00D0370F68F2256F34500090DF140480AE
:200520001DFF1AFF056F3154C21F256F3150056F3154BFAF078025652D50DA02256F2C50B6
:200540000090910000F6D9FFE831A04C61FFE7FE6D00BC0464F202246DFFC7FFFCC86D0056
:20056000E90061FFF4FE09FFCC2839F02D80370F68F20B0F002100908208910000F6D9FF1A
:20058000E01140FCC50D120014CFB70F03F034CF54C46D009B0464C2FCD83B30014040F4AD
:2005A0006D00C9048F8200F0B71F814B89F40C196D008C0489F20C19C50C130044F46DFF97
:2005C00094FFFCCD82146D00D2036D00B300910000F639FF96F06F5F18006DFF5BFE910046
:2005E00000F6D9FFFC31A02C61FF99FE6D006E0464F202246DFF79FFFCC86D00C200056F97
:200600002E541680AA1802820090DA009100004602F8D94494F002F43B8034506D00E30219
:20062000820025602E50821025602F506DFF1FFE82546DFF33FE6DFF1FFE6DFF21FE6DFF23
:2006400024FE82546DFF2AFE3C0A6DFF2CFE022F3BA000406D008B038BA80080EE053B000A
:20066000E2043F08F4FF02F20090820861FF69FE61FF55FE6D002A0464F202246DFF35FF1B
:20068000FCC86D007E0061FF50FEEE02760782546DFF04FE6DFFEBFD3C028218028200900C
:2006A000820861FF4EFE61FF3AFE6D000F0464F202246DFF1AFFFCC86D00630061FF35FEC4
:2006C000EE048F2008F16E0582546DFFE7FD3C036F2008006DFFFDFE3B401F406D00470319
:2006E0007B6004406D00F20302246DFFFEFE6D00210009FFD848370F68F2AE4382183C0AC4
:200700007B5006406D00E20302246DFFEEFE6D00110002820090404F024FA09C2D0F00000E
:20072000DF1203800090FCCB256F2D50820200907B2003406D00CA0302241DFFD6FE820811
:20074000A02FDA326DFFF6FFF62D056033543E08910000261920DC20370067067E0382185D
:200760003C0682146D000303FDF0EE7FF6873BA000406D00FC026DFFACFE02820090910016
:2007800000F6B9FFD430370F684225642E506DFFF1FD25622F500090B70408FC3704E80BD3
:2007A000B71F811BDA7F3FF00580DA967F0F0480820200908B6009F1325F0FF10010370166
:2007C00068200090B70408FC3704E80BB71F811BDA7F3FF00580DA967F0F048082020090FF
:2007E0008B6009F1325F0FF10010370170200090910000F7D9FF000480FFB70F03F060FF20
:2008000040FA1D00E90091000048D94478B41D0002008208404F8209820A820BC81CC82DC1
:20082000483C09FF1001DF1F238080CF160180D08F100001FE046E04C2FC04DF24CF76CFD7
:200840008F3C00018FEC1FF06E0902F140D2C2F16014442164C1FC4E90DD020CDF0CE07F06
:20086000C2FC60C204DF24CFFC2E3CD9DE2580CF2E03C2FC24C9DF0CD37F8F3C00F106EC6A
:2008800076C5C2FC60C264CAFC2F6EC9C2FF60F224CBFC2F3CC48F0F1F00DF002E008F3FE8
:2008A0000001DF102B8080CF8F3F00D180DF1603FEDB76DB02D440C440D56D006B0001CD78
:2008C00000C601DD00D6A2DC76CF8F3C00018FEC1FF06E0902F140D2C2F16014442164C158
:2008E000FC4E90DD020CDF0C9B7F02C440C440D56D0050003C9400901603DF2F91FF80CF2C
:2009000016036E0702F440C46D002D0010CCA2FCDF0C867F8F3C004106EC76C5C2FC60C232
:2009200064C8FC2FDF047C7F40C46D001C001DFF77FF910000F6DA1759FF98E13B0004409B
:200940006D0005007B00FC270090BA0492F200903704E82BB70489FB8BF20F228B0F00242C
:2009600000903BF00F00804F1603063F0FF0100082FFC6F0C2F4604F804FB70F02F060F2FC
:20098000B014542F260F742F77000004FCF60090804F16033BF00F008F3F00100F1010000C
:2009A00082F1C610C2F4604F8041B7010220095101008F3F0030B0140F3110106022C21F0E
:2009C000542216032602A612742277000004FDF0ED7F00900D0080043B0098F0CD4FE00F4F
:2009E0000D00C0044D00E0FFB70F14F0CD0FE00F0D00C00461FF257061FF03700D00C004FB
:200A000074FF54FF9130002F192F2CA69608592F2CA661FFFE6F0D00C00474FF54FF61FF4A
:200A2000F06F0D00C00474FF402454FFD9440C9661FFF76F0D00C004744F544F192F1096B2
:200A40009608592F109661FFF46F0D00C004744F544F61FFE66F0D00C004744F91F0002ADC
:200A6000D9220004544F802FCD4FE20F0D00C00491F0002AD9220000802FCD0FE20F0D0018
:200A8000C00491100027D922F029802FB70F03F0CD8FE20F0D00C00461FFCB6F0D00C004C5
:200AA000744F544F61FFB56F0D00C00474FF54FF910000F0D9FF000040F0910000F0D9FFD3
:200AC000000040F1910000F0D9FF000040F8910000F0D9FF000040F98200DA01910000FDD7
:200AE000D9FF00049100002DD922000501F22020802186A102023C1440F2802374208F43D2
:200B00001E0049FF001A370370338F000100A6306E06DA00CDC0E30F0D00C004C2123F124F
:200B2000ED7FCD80E30F0D00C0046DFF6EFE8204A0046DFFB67A02241DFF6C0E0D000002D0
:200B400000A08F0F45416DFF650E0D00400200800D00000200A08F0F44416DFF5B0E0D006F
:200B6000400200800D00000200A08F0F43416DFF510E0D00400200800D00000200A08F0FFB
:200B800042416DFF470E0D00400200800D00000200A002F46DFF3E0E0D00400200800D0009
:200BA000000200A08F0F47416DFF340E0D00400200800D00000200A08F0F41416DFF2A0E7D
:200BC0000D004002008000A08F0F46416DFF220E0080B704812F8F151EF08FFF01F0A6F231
:200BE0000090404FBF852380804F2E05C2F53444494F010A80FF2E1424F4C2E524F48F757F
:200C000000F106D5DF051200D200764A370468008F802010A6108F002110A6100201C2F5B8
:200C2000605289F04801FC2E02F57655C2F5605224F4FC2F4042009002483708E8FBEE0537
:200C4000820402851DFFC7FF6DFF84FEDF022480DA004BF801008F3000F16E056F001C0066
:200C60001DFF69FE4B0891F17B00F0037B0004144BF841206BF271214B2F41F04B0F41F052
:200C80004BF841206BF271114B1F41F04B0F41F04BF8418002820090024F910000F6D9FFE3
:200CA000684149FC120A3B8000406D00F6003BC0FF072602B4C214C03700E1116F30108001
:200CC0005E1E3B8000403B8080506D00F9003B6009406D004C003B9080503C10DF01130035
:200CE000EE113B8000403B0080506D00E9003B6009406D003C003B1080503B8000406D0089
:200D0000DF003B6009406D00320082046D00C500B4F23B8000406D00C000B4C285844460C8
:200D20006D00C20082246D00220014CF370FE12100908F4400F0C2B437047000766AFFD001
:200D400005803B000005A60F8F0F0120A6520090B71F8117FFD00580BB00001DA6F18F0111
:200D60000120BBF0FFFFA6F200902008024F6DFF5ABDF6236DFF1ABDF62D820074A0538F8E
:200D80002C003C0454AFC21F74AF54AF3F0FFCFF00903B803E00E20F4B2F1182AB18808842
:200DA0006DFF01BD022F6DFFFEBCA2F23F82FDFF0090910000F6D9FF684182046D006D0069
:200DC000B4F282146D006900A81282246D006500A82282346D006100A83282446D005D0017
:200DE000A84282546D005900A85282646D005500A86282746D005100A8723B8000406D008B
:200E00004C00A8923B9000406D004700A8A23BA000406D004200A8B23BB000406D003D004A
:200E2000A8C23BC000406D003800A8D23BD000406D003300A8E23BE000406D002E00A8F2E9
:200E40003BF000406D00290089F2A2083B0001406D00230089F2A4083B1001406D001D0023
:200E600089F2A6083B4001406D00170089F2A8083B5001406D00110089F2AA083B000240EA
:200E80006D000B0089F2AC083B0003406D00050089F2AE080090820502566DFF4CFF02243E
:200EA0001D0002002008DA0074AF40A46DFFF4F876238202009009A2C008009082166DFFFE
:200EC0003AFF02241DFFF0FF2008C58F447040A2A02404FF242FFC4E8200020202010203A4
:200EE0000205C50F17000F51C0608B7201F1325F0FF400F016010F5FC01002350263C21248
:200F0000FCF389A5020889A6010834A1020F49AF020AA02209F17FF0C610FF2F058086103E
:200F200037006800C21FFC279A4016070F4FA02000902008024BC58F2C1040A2A07504FF6A
:200F4000242FFC5E8209029A0294029E0298029C0295029F0B9910687FBA06805440370071
:200F600068143C0282018202A07F0F7FC0300F78C0D00F7EC0808B72000132500F0110F09F
:200F800016010F7FC00002670236025F02C502DC024E0204C212FDF0EA7FC21AB044370AB4
:200FA00068A07FABDBFF89A7070889A306082CA589A5040889AD030889A8020889AE0108E5
:200FC00034A0029F49AF070AA07209F07FF0C609FF7F0580861937096890C21FFC270292D8
:200FE0000090012802F6DA1064F264F164F3C24864F6C2478B041F400070015702F654F1F4
:20100000481F482648390070905490F2C21F54417421007016078B4F00F11603007010F2B6
:20102000C21F342006800070DA20404F7FF46D80DA1F3F4F6900DA013FF466005AF4910059
:201040000028D92244749022D422DC02095F5E0889FF1E08095F5D0889FF1D08095F5C086D
:2010600089FF1C08095F5B0889FF1B08095F5A0889FF1A08095F590889FF1908095F5808A0
:2010800089FF1808095F570889FF1708095F560889FF1608095F550889FF1508095F5408A0
:2010A00089FF1408095F530889FF1308095F520889FF1208095F510889FF1108095F5008A0
:2010C00089FF10080C5F2CFF0C5E2CFE0C5D2CFD0C5C2CFC0C5B2CFB0C5A2CFA0C592CF980
:2010E0000C582CF80C572CF70C562CF60C552CF50C542CF40C532CF30C522CF20C512CF1E8
:20110000145F34FF0090805F61FF86FF6E0F1E191E255E3909504208282009504108281082
:20112000145034F0105510FFA2F480FF16078B4F00F18F3F0051DF054080DA0002409052F5
:2011400090F45424092104090922080909230C0974444942040A8B001F0064213B00011013
:201160006422C24F64237F10ECFF3BF000103F012D0182113F102A010B10801091000028BD
:20118000D922409401210226D422DC0261FF3EFF61FF3CFF61FF3AFF90F2905F8F3000F170
:2011A000DF1F12011E25DF3F1181082F2C22081F2C211D000901DA0002F73B0002003F04B8
:2011C0009680C2C45450DF250700DF350780DA0134F0068061FF25FF61FF23FF10F2820812
:2011E0008217DF351D8061FF0AFF8F810020A6028F811E108F8F0000A6018F8F1E008F8610
:201200000030A6038F861E008F890060A6068F891E0061FFE8FE7FF4E8FF3C3FDF252680A3
:2012200061FFEDFE012802F68F010120A60264F28F011F108F0F0100A60164F18F0F1F007C
:201240008F060130A60364F38F061FF08F090100A60F64FFDA108F091F008B041F40C248DA
:20126000C2477FF4DFFF3C1961FFC9FE8F810120A60206818F8F0100A6018F8F1F008F8620
:201280000130A60306868F8901F0A6F68F891F0061FFA9FE7FF4EAFF8F3500F0161F8B0F26
:2012A0000211015702F6012802463C0D44F3C2180F130020A602644202F032500F030000EA
:2012C000C217C2C4FF44F4FF012802F6DA008B450011DF210700DF310780DA0134F006807A
:2012E00061FF9FFE10F2C21F34203704680010F2015702F6DA1F3F0F6900DA013FF06600A5
:201300005AF091000048D9447C949044D444DC0409FF5E08892F1E0809FF5D08892F1D081B
:2013200009FF5C08892F1C0809FF5B08892F1B0809FF5A08892F1A0809FF5908892F190899
:2013400009FF5808892F180809FF5708892F170809FF5608892F160809FF5508892F150899
:2013600009FF5408892F140809FF5308892F130809FF5208892F120809FF5108892F110899
:2013800009FF5008892F100808FF2C2F08EF2C2E08DF2C2D08CF2C2C08BF2C2B08AF2C2AD0
:2013A000089F2C29088F2C28087F2C27086F2C26085F2C25084F2C24083F2C23082F2C2229
:2013C000081F2C2114FF342F00903F54058002541DFF2CFE009000FF0102FFFFFFFF03FF4F
:2013E000FFFFFFFFFFFFFFFFFFFF0001020304050607080C101418203040000102030405EC
:20140000060708090909090A0A0A0A0B0B0B0B0C0C0C0C0D0D0D0D0D0D0D0D0E0E0E0E0E61
:201420000E0E0E0E0E0E0E0E0E0E0E0F0F0F0F0F0F0F0F0F0F0F0F0F0F0F0FFFFF01FF0222
:2014400003040000FFFF03030500FF0300FF03040002FF01FFFF0500FF05000203FF000463
:20146000FF010303FF05000304000105050505010205020201030305030505030405A00075
:20148000000000000000000000000000000000000000000000000000000000000000A100AB
:2014A000000000000000000000000000000000000000000000000000000000000000A2008A
:2014C00000000000000000000000000000000000000000000000000000000000000000000C
:2014E00000000000000000000000000000000000000000000000000000000000000000A04C
:1F15000000000000000000000000000000000000000000000000000000000000000000CC
:02000004801169
:0400000000003CFFC1
:040008001D00F818C7
:040010001D00F80BCC
:040018001D00FC1EAD
:040020001D00BC19EA
:040028001D0038007F
:040030001D00782017
:040038001DF8087F28
:040040001D00541734
:040048001D0064052E
:040050001D00FC048F
:040058001D00C006C1
:040060001D004C072C
:040068001D00E00196
:06007000808F1D006F0AE5
:06007800DA00744F009055
:200080006100EC00D4F5007032500F0100100070C21F370F70F00070CC4309F278080090B7
:2000A00009F06008DA140070B70F81F7A60F0070B70F81F7A61F0070B70F81F7A68F0070C8
:2000C000D44F82FF74FF0090EE0361006F010070370468401D007E02D44FDA0034FF009007
:1200E000CC41DA00B4FF0090486FB71F01FAA6F0007056
:0A00F80060FFC83F09FFD808007040
:0A0108006100200009FF5408007098
:0A011800404FC83209258C09007021
:0A012800D44FDA0034FF2CF10090F0
:0A0138006100300060F6482F0070EF
:0A014800C58F341090FFD4FF007043
:0A015800B7001000A60F74FF00703E
:0A016800C832092FD80816030070F2
:0A017800D44F858F764074FF00908D
:0C018800742F4832A62F6100090200709D
:0C019800B70310F8066FA6F19A41007042
:0C01A8006C54484F745F483F6C5100706D
:0C01B8001E143B0020107E12821000700C
:0C01C800742FB705890A61FF8DFF0070DD
:0C01D800C8D4C8C54C4160F44C54007001
:0C01E80060FD09D28C094924140A007043
:0C01F80060FC09C28C09092FD8080070B7
:0E02080054FF3B00C000260F3B00800000703A
:0E021800DA012CF868160254095484090070AB
:0E022800CCD5C86F09D2880989F294290070DC
:0E023800CCC5C86F09C2880989F294290070EC
:0E024800B70F10F88FC00000066FA6F0007010
:0E025800911001F8D9FF686401F402F60070FD
:0E0268000F00B00137006800865F42F00070A2
:0E02780061FFE8FFC240600F61FFC4FF00702D
:0E028800B703891A486FB71F01FAA6F100707C
:0E029800404F6D00E314610035031D00DF07C9
:0E02A800014002468FF401F15442325F0070B3
:0E02B800B70F10F8066FA6F16012542F0070F9
:0E02C800CC417B00001801F002F654F20070E9
:0E02D800744FDA006C417BF000004C53007054
:0E02E800C58C3410858976407BF000A0007034
:0E02F8008FB41F0061FFE6FF8FF401F100706C
:20030800CC4410FFD4F2482F5420C2107420007026F0B70F10F88FC00000066FA6F0007081
:200328001A210B1080107F210480A20FC2FF00700B5480207F540580544FC21F42F200902A
:20034800745FB703891A486FB71F01FAA6F10070744FB703891A486FB71F01FAA6F1007027
:20036800744FB702890A486FB71F01FAA6F000707440C8D4544060045440C8C44C42007072
:20038800DAFF344FDA002C41AC41A00FEC47009009200C09DA007F060380F662DA01007090
:2003A800C8DF485F60FF54FFB71F01FD74FF0070260F09400C096C435200C8C4544F00704B
:2003C800B70510F8066FA6F09A4060F2482F00707F080680A2800B0F30F13C02DA00007041
:2003E80009428C09092F7008C21F892F3008007090CFD4FFC86F09FF9429D4FF54FF007060
:20040800B70310F8066FA6F19A4160F5482F0070B70310F8066FA6F19A4160F4482F00700B
:200428004DC0E2FF0D0040036DF80C7D1DF81B15D422C814D4FFD4220942080954F1542093
:02044800007042
:12045000B70F10F88FC20020066FA6F26022542F0070D9
:12046800B70910088FCF00F00660A60F60FF54FF00701F
:12048000CCE5C86F09E2880989F29429CCE1482F00703A
:120498007BF000400F4380F08FCF001061FF7AFE00702F
:1204B00009CFF00882001E143B0020107E1282100070B9
:1204C800B7001000A60F74FF09C4840909D584090070FE
:1204E0007C443B7011203C036D0040023702682000902F
:1204F800C58F341090FFD4FFC86F09FF9429D4FF0070B9
:12051000D4FFC86F09FF9429D4FF858F764054F00070B9
:12052800C862092FC008EE03A0023C03D4D2D4220070B9
:12054000C58234109022D42FC86F09FF9429D4FF00702A
:1405580009FF500809F0D4081601A60F09F0D208A60F007096
:14057000092F50080920D4081601A60F0920D208A60F0070EE
:1405880053C020F0C8421022D4244C225441C211744100700D
:1405A000742F8B8000F060F254FF742F8BC000F060F2007064
:1405B800C8C440F28942040961FF0CFE122061FFD9FE007056
:1405D0004DC0E2FF0D004003808F4DC0E1FF82151D008C0994
:1405E80026F04C4389400C090BF08010C8C4544F421F0070F1
:14060000B70F10F8066FA6F0C240600F54FFB70F10F800700B
:14061800094F5008B70F01F0894F1008DA00AC49AC4A009022
:14063000B7001000A60F74FFD4DF09D5840909C684090070DD
:1406480082003C04CC426100B504094FCC083FF0FBFF0090CF
:1406600082003C04CC476100A904094FE0083FF0FBFF0090AA
:14067800404F6DFFD7FC09FF8C1902242D0F00001DFFD4FCA5
:16069000C86F09FF500809F0D4081601A60F09F0D208A60F007024
:1606A800808F60FF09F28C19C83F09F478082D0200001DFFBBFCA8
:1606C0004045D45F088F5E17DA002CF8095484091D00500B009070
:2006D8000F3280F08FCF0000B70210F8066FA6F09A4060F4482F0070325F0FF10030A63279
:2006F80074F2D44F54F261FFC5FCA61274F20070D4FFC21037007000481F421F60FF54FF9E
:20071800B70F01F574FF0070C5823410902FD4FFC86F09FF9429D4FF858F764054F00070B8
:20073800C8128FB01F108FF001F1012102267B0000285423325F0070B70F10F88FC0000066
:20075800066FA6F0C240600F54FFB70F10F80070745F4832A62F745F8B8100F060F554FFDB
:0A077800745F8BC100F060F50070A3
:1A078800742F4832A62F742F8B8100F060F254FF742F8BC100F060F2007080
:1A07A8005420C8C24C22260F09200C096C235200C8C2542F420F742F007006
:1A07C800744F4832A62F744F8B8100F060F454FF744F8BC100F060F40070DC
:1A07E800744F4831A61F744F8B8000F060F454FF744F8BC000F060F40070CF
:1A080800746F4832A62F746F8B8100F060F654FF746F8BC100F060F6007037
:1C0828007F010680A2100B0250013C087F100680A2010B1230013C028200007024
:1C0848007BF000F00FF580008FC00000B7051018610008010B0F00511D0034015B
:1C0868007FF00680A20F0BF150F13C087F0F0680A2F00B0130F13C02DA000070F2
:1C08880020186D003F18022F6E073BA00D4040A402F56DFFBBFB370F682000902F
:1C08A80020186D002F0E022F6E073BE00D4040A402F56DFFABFB370F68200090F9
:1C08C80061009C01C844104409458409D444544F9054D44489248409C83F007073
:1C08E800CCD5C86F09D2880989F29429CCD1482F7BF0000026F061FF29FF0070EB
:1E090800C83240F5092F7008C2FF892F3008DA01C832892F2C08C85209249C09007024
:1E092800482F7F010680A2100B0F50F13C087F100680A2010B1F30F13C02DA00007058
:1E094800CCC5C86F09C2880989F29429CCC1482F7BF000100F1F800061FFF8FE007042
:1E096800808F60FFC832092FD808AE2382220090C85F8202C86F09FF2419744F009072
:1E0988004DC0E1FF61FFDEFB40F46D00DB0109F4A8196DF8577AC874C8851D00B70657
:2009A80009C2B409CCCC542F60F2482F5420260F48306CF35200CCCC54FF420F74FF0070D2
:2009C800201802486D00260D022F6E0834A83B900D4040A402F56DFF19FB370F6820009099
:2009E800CC4C0940040954FF7E03DA003C02C21F74FFCC4C54F0481F7E031D002B13009012
:200A0800201802486D00DA05022F6E0834A83B700E4040A402F56DFFF9FA370F68200090EC
:200A2800201802486D002607022F6E0834A83BF00B4040A402F56DFFE9FA370F6820009011
:200A4800808F61FF57FB1627EE0482241DFF3EFBC83F09FF60186E0482051D004B07009024
:200A68000661A610600F54F0260FB70010088FCF00F00660A60FC24F60FF61FFC3FB007033
:200A8800404FDA003C0909F290199022D4246D00310E61FFFBFA09F0D4183F0FF6FF009099
:200AA800404F808FC83209FF421840F4892F30086D002C18C85209249C0940F51D00A2017E
:200AC8004DC0E1FF61FF3EFBC86FDA0189F404293BB00F4089FF08286D00A4001DFFA2FC0F
:200AE800D42F820040F23C0B0C2882016E025E128211761382103C05D422D422BD02F6FFCA
:020B080000707B
:200B10004DC0E1FFC58F341090FFD4F2D42F14FF5E13082F5E231DFF81FC092484191D002C
:020B3000151599
:200B380020180B4510886D00F50F022F6E0989A840093B200E4040A402F56DFF5FFA370F5B
:040B58006820009081
:200B600020180B4510886D008904022F6E0989A840093B000E4040A402F56DFF4BFA370FDE
:040B80006820009059
:200B8800744FC8C454404C227F200680A2020B2F50F13C087F020680A2200B0F30F13C0232
:040BA800DA000070FF
:200BB000404FC852024F0922A0097D2F0C006D00511009F0431826F0760561FF9FFE1D00D2
:040BD0004903009045
:200BD800F643820200908202858F04280220804154FF3FF10680481F0BF150F1EA10AB12A5
:040BF800A0200090A9
:200C0000D4F2542FC8120F0FB0F1370F68F09022542061FF2BFBC832B420C832092FC008E0
:060C200053CF20F000702C
:200C28000248808F60FFC85FC86289248029D4FF481FEE0502546DFFCDFF76231DFFF2FBF0
:060C480002841DFF43FAC7
:200C50004DC0E1FF61FF5AFA1E143B6001200090C86F09FF48281E143B701020009009FF11
:200C70000429744F820200904DC0E1FF61FF46FA1E143B6001200090C86F09FF4E281E146E
:200C90003B701020009009FF0A29744F820200902018404F7CF43B7011F03C046DFFD2FF67
:200CB000022F6E08F4AF3B800B4040A402F56DFFA9F9370F682000902018404F7CF43B70AB
:200CD00011F03C046DFFD2FF022F6E08F4AF3B900B4040A402F56DFF95F9370F68200090F3
:200CF000325F0FF100F082F3C63F26F274F2CC4101F002F654FFEE08D44F54FF61FFBEF99F
:200D1000C631261F74FF00704DC0E2FF0D0040034DC0E1FF61FF12FAC862C8AFDA01892FD9
:120D3000942989240A293B200140892F0E281DFF75FFFA
:200D4800404FC8624924102A6DFF94F9DA003C0909F288199022D4246D00CC0C61FF96F999
:0A0D680009F0CC183F0FF6FF0090D1
:200D780002482018025F02696D001007022A76AB34A8780289A910093B500E4040A402A537
:0A0D98006DFF3CF9370A6820009057
:200DA800C8C440F28948040961FF14FA428F744FC8D4544F60F45440C8C44C4261FF12FCDE
:0A0DC800744FC8C44C225440007060
:200DD800808F60FFC86F09FFD208EE0C4DC0E2FFBB000008260F0D00400374FF09FFD408ED
:0C0DF800ACFC09FFD208C21FACF900904F
:200E0800405C09C28C0909CFFC08404F0924EE08892FAE083E436D009D0240F402F440C516
:0C0E28006D00980261FF4EFDC8120090A2
:200E3800CC447D5F1480094FF0089E101E291E4A3B0002003E073B0080003E043C051DFF91
:0C0E580009F91DFF07F91DFFE5FA0090E5
:200E680020180248404F7CF43B7021F03C046D009D02022F6E0934A8F8023B00014040A403
:0C0E880002F56DFFC3F8370F68200090E2
:200E980020180248404F7CF43B7021F03C046D000502022F6E0934A8F8023B100E4040A44E
:0C0EB80002F56DFFABF8370F68200090CA
:200EC800CC4309FF6C085E343B701020009049FF1C0A09F048098950400909F248090B2031
:0C0EE80010F10B3180F2EEF68202009057
:200EF800808F60FFC86F09FFD2086E10C2FFACF9EE0D0D0040034DC0E2FFB70F81F754F0B4
:0C0F1800A60FCDCFE20F0D00C00400902A
:200F2800B70210F826218FC10000066FA6F09A4060F2482F9601742F4831A61F61FF2EFBA2
:0E0F4800485F742FB702890A61FFCCF8007071
:200F5800CCD509D288097BF00000C86F89F29429CCD1482F26F0B70F10F88FC00000066FD6
:0E0F7800A6F0C240600F54FFB70F10F80070D3
:200F8800CC4309429009E832CC43094FF008ACFC09428C09A00FEC2209428C09EC2509425C
:200FA8008C09F42F09428C09EC21094F7808007001F002F685817240D4FFC210370070004F
:200FC800D4FF481F54F2421F60F23B0070FC542126F1088F8FBF00F0A6F2A621742100706A
:200FE8004045CC5309FF7008EE038242009009FF7008C2FF89FF300809FF6C085E35CC5351
:12100800DA0189FF2C08CC55C8746D0027018202009039
:201020004DC0E20FBB0000F826F00D0040034D40E1FF9618CD4FE10F0D00C0040D00400351
:141040004DC0E2FFB70F81F7A60FCDCFE20F0D00C0040090CD
:201058004045095F540849520C0A264FD45F6E114C546CF1DA012CF8095F550854245E15AB
:14107800095484091D00DE05095484091D00B60B2CF80090FE
:201090004D00E0FF6C4280BF744FDA006C410D004003545F60FB4C5760F44C52CD0FE00F1F
:2010B0000D00C0044D40E0FFB70F81F3CD4FE00F0D00C0040080009020180248404F405C10
:2010D0007CF43B7021F03C087CC43B7031F03C046D004C04022F6E0B34A8F80289AC900939
:1210F0003B10014040A402F56DFF8CF7370F682000903A
:201108000F1080F08FCF0020B70010F8B700890A066FA6F29A4260F2482F742F4833A63FFC
:1C112800742F8B8200F060F254FF742F8BC200F060F2DA00742F61FFD5F700701B
:201148004D00E0FF6C4280BF61FFC4F861FFE2F8600F4C4274FF0D004003545F60FB4C57A7
:2011680060F44C52CD0FE00F0D00C0044D40E0FFB70F81F3CD4FE00F0D00C0040080009047
:2011880009406008DA14BE05DA27BE03DA43BE01DA4B3E031DFF46F9CC4CDA0074FFCC4C09
:2011A8006CF1CC4C6CF2CC4C6CF3CC4C6CF43C06CC4CDA0074FFCC4C6CF14944140A1DFF82
:0211C8008DF7A1
:2011D0004D00006C4D40007C4DC0E1EF8F7E00E191000048D9441420014E02F6D4FF54FCDE
:2011F000CD0C000C481CCD4C000C0D00C00460CA4D00E05F40B46D0015070D00400200809E
:0212100000904C
:20121800404CD4CF40C5201848147646095484096D00F4003C03DA002CF809C4A00909C467
:2012380064096DFF1BF7CCC809C0640909FF7E08762A3B400A4034AF022540A489A0480986
:061258001DFFDCF6009012
:201260000954FC08CC4453C420F010FFD4F6C8124C619022F425D4F2482F09200405C2106A
:2012800074203FF004808200742061FF37F861FF31FA09428C09092F8405C83F09FFEE0831
:0C12A0007FF40580F425CC43B4F40090EA
:2012B0004045BF7405803B3010200090910000F8D9FF982301F402F6D4F4808F60FFC8327D
:2012D000092FD808161FEE0382220090C86F61FF3DF96E043BC000200090094F4D181E14B3
:0C12F0003B1050200090808F1DFFE8FD97
:20130000808F60FF09FF841909F06008DA143E031DFF8CF840F46DFF69FBC8C248F048D2AA
:201320000921080961FF02F86C2209F28019092004096002742F09F2801948E15420600426
:16134000544061FF93FAEE074C2560FF54FFB71F01FD74FF009027
:2013580053C420F0CC4410FFD4F24C2154200201BE08C81201200266D4667D650A00012114
:201378000226F426C211482F0BF130F1EA01C210482FD4F20BF030F1EA004C215F0FEBFFE7
:1613980089210409D4FF54F0481F7E0561FFAAF761FFA4FC0090F6
:2013B0004045808F60FFC832092FD8081603EE038222009076443B301020009061FF62F93A
:2013D0006E043BC00020009085841C28808F4DC0E2FFBB000008260F0D0040036D0072056A
:1A13F0000D0040034DC0E20FB7008107A6F0CDC0E20F0D00C004820200905D
:20141000405CD4C2404F481F542049FD140A0B40008052007F4004805AF892F8742840D4D0
:201430006D00380161FF7AF87D2C138061FF32F6BE05DA27BE03DA43BE01DA4BFE0261FF7A
:20145000ADFC7F800780A2080B8F50F13C04009061FFBCF761FF32F60090C8CF6818009026
:041470001DFFDCF789
:20147800808F60FFC832092FD808AE0382220090C86261FF73F86E043BC00020009009FFD5
:201498004D181E143B1070200090C83F4DC0E2FFBB000008260F0D00400309F06409D2F2CB
:2014B800C642C6532620263189F064090D0040034DC0E20FB7008107A6F0CDC0E20F0D00C2
:0614D800C0048202009036
:2014E00061FF1CF60955FC080920C8087F50218061FF4CF83FF1048082017441D4225421B4
:201500004C21FE1661FF1AF90FF2000082F4C64026037423C81201210226542FEE09D4F236
:2015200032510F120020542FC642262F742FC8328925880809528C098925AE0861FFC6F9B9
:0A154000C832C81F01F21024009009
:2015500040454DC0E28FBB0000F826F80D004003CC5309FF6C085E343B7010203C1C09F0FE
:201570006409A640A65189F0640909F0640909F25C09CC532620263109FF6C045E2BBA00EE
:201590008B0100F4EE07DA0134FFCC55C8746DFF61FE82020D0040034DC0E2FFB70F81F790
:0C15B000A68FCDCFE20F0D00C00400900C
:2015C000808F60FFBF7405803B301020009061FFCDF5EE038222009061FF5CF86E043BC052
:2015E0000020009061FF4EF5808F4DC0E28FBB0000F826F80D004003D45F09FF48041E1431
:201600003B5020203C08DA0034FF095484096D00B10382020D0040034DC0E2FFB70F81F7A3
:0C162000A68FCDCFE20F0D00C00400909B
:2016300061FF74F50920C8087F40218061FFA6F73FF10480DA00744FD42254214C21FE163E
:2016500061FF74F80FF200F082F0C60F26F37423C81201210226542FEE09D4F232510F12BE
:201670000020542FC602262F742FC8328924880809528C098924AE0861FFBCFAC84F10FF31
:0E169000C814D4FF54FF904FD4FFEC210090FB
:2016A00009428409D44F092FC00890FFF4F5CC4109FFC008C21FB4FFCC4109FFC008C2FFA8
:2016C000370F70F06E2592F0D4423700F000902F01200226D4F5D426CC51D46748235471BF
:2016E000D45754727F120680A2210B1350113C087F210680A2120B2330113C0282017618C4
:20170000F425D44F90FF020FF4F6DF00DEFF00908204D44F024F3C06CC41921090FF370006
:2017200070F074F40940C8083F0FF8FF0940CA08C2F0370070F08FBF1F0061FFC7F5161F61
:2017400061FFD8F702403C0C53C020F0CC44C2103700700010FFD4F27424D4FF6814094F10
:20176000D4083FF0F3FFCC43E815CC43095FFC08B4FFCC43E835CC43095FFC084054ACF457
:041780001DFF8CF5C8
:20178800404C09CD8C093C35D4DF8200BCF7088F6E025E1282108B002002DF002A0009CF5A
:2017A800F008820040F261FF05F5DF001A00CCC309F4EE08D42F09FFC4087FF41280CCC533
:2017C800C874CC43C83F7DCF068002F46DFF2EFF3C0740C56DFFBEFDCCC389FFAE08D4DF5F
:1617E800D4F2D422F4D2D4FF82FF74FF3C02D4FD54DFEECB009017
:20180000808F60FC09C28C09092FD8081618EE3309CD940909D29809492F241A4DC0E28F73
:20182000BB0000F826F80D00400334F42815A81549FF040AA052444F64FFFC2E37056890C9
:2018400009D4BC0902946D00710FD4DF082F5E28CCC30294C83F09F48C196D00670F0D0035
:1618600040034DC0E2FFB70F81F7A68FCDCFE20F0D00C0040090E0
:20187800808F60FFDA00C854DF140300F642DA01EE043B80B0200090C83F09FFD808AE0336
:201898008222009082003C24094F902901F002F6D4FF09FF41186E19DF140D80C8F2858125
:2018B8007240D4224C21421F60F2542FB71F81FC742FC8FF85817240D4FF481F421F60FF56
:1A18D80054FFB71F01F574FFC21037007000094FD4283FF0DBFF820200907A
:2018F8000B4510888080600FC85C4DC0E20F0D00400309F0F008DA405F0F3200D4CF082F82
:20191800DF2F2180DA003C0909C29019902FD4F46D00440461FFB2F309C0D4183F0FF6FF34
:20193800DA003C0C09CF9019028490FFD4FF09F488196D00EF0E61FFA1F309C0D4183F0F05
:20195800F3FF09C4802976946DF874723C036DFFB9F309C4B80902846D00DC0E1DFF5AF585
:201978002008404C405D808F60FFC832092FD8081603EE03DA023C3576443B3010F03C3195
:2019980061FF7CF66E03DA0C3C2C858F1C2854CF54F07FF005803B8040F03C23808F4DC085
:2019B800E2FFBB000008260F0D004003820074A040A540F46D00820254A80D0040034DC0ED
:2019D800E20FB7008107A6F0CDC0E20F0D00C004DA0054C540F402846DFFA4F474D274C8A7
:0419F80002F2009067
:201A0000094F8019482F60F2483F542026F0484FA6F07420481F60F2489F742F486F60F2EE
:201A2000487F542026F0488FA6F07420485F60FF54FFB71F01F574FF094F801954FF60FF19
:201A400054FFCC4C6CF2CC4C09403C0909423409482161FF6BF46CF2094F80194810600F51
:201A600074FF094F80190941380954F06002542061FFFCF6EE07485F60FF54FFB71F01FDE9
:041A800074FF00905F
:201A8800404509528C09CC21C83209F4C0180920EE087F042F8053C420F0095290098FB45E
:201AA8001F00095484097B000018102261FFFAF30FF10030A6327442D454544261FFE2F253
:201AC800A6127442D42409200809544FEE0274405440C2F0744009248409D422542F904218
:201AE800F42FCC53B4F4CC53C81FC83F89F4AE08CC53C812E832CC5309FFC008ACF4CC53F3
:041B0800C83200904F
:201B100040450952840982038214092FC008C2FFB42F09548409D452094FC0089024D4448D
:201B3000F424095284090920C008BF202F80D4568F130000C22001640226370070F0D42F41
:201B5000906261FF73F461FF69F6016302462BF44040D44401640226D427D446CC71546007
:201B7000D476546161FFDAF66E10F424D452012302F60243F4F70614CC51C2143704704026
:0A1B900009FFC0083FF4D5FF0090E4
:201BA000808F60FFBF7405803B301020009061FFDDF2EE038222009061FF6CF56E043BC052
:201BC0000020009061FF5EF2808F4DC0E28FBB0000F826F80D004003D45F088F6E043B7010
:201BE00010203C1DF6543B8020203C1909528409542F7F5F05803B8040203C117F6F058019
:201C00003B8050203C0C61FFC9F3EE043B80A0203C0661FF03F36D00110082020D004003DE
:141C20004DC0E2FFB70F81F7A68FCDCFE20F0D00C004009061
:201C38002008404F405C024849FD140A61FF2EF23E0FDA273E0DDA433E0BDA4B3E046DFF39
:201C5800E9F33C0AC8D25420600261FFA3F5C8C2542F74AF54A0481F0B80001052007F806B
:201C78000680A2F18BF11F803C020218D4C240D440C574286DFF0AFD61FF4CF47D2C138026
:201C980061FF04F2BE05DA27BE03DA43BE01DA4BFE0261FF7FF87F800780A2080B8F50F16E
:201CB8003C04009061FF8EF361FF04F20090C8CF681800901DFFAEF30248404FDA003C0919
:201CD800C83202849022D4246DFF68F761FFD6F109F0D0083F0FF6FFDA003C08C8529022D2
:201CF800D4246D00870661FFC9F109F0D8083F0FF7FFDA003C08C8929022D4246DFF3AFAE1
:201D180061FFBCF109F0E8083F0FF7FFDA003C09C8B202849022D4246DFF94F961FFAEF1B0
:201D380009F0F0083F0FF6FFDA003C09C8D202849022D4246DFF8EF161FFA0F109F0F80899
:201D58003F0FF6FF40F46DF8757040F46DFF92F6D4FFDA0234FF0090404FC862405C49FD75
:201D7800140A092FC0082008EE03A00E3C03D4D2D42E40D46D003A047DCE0880C862092F8B
:201D9800C008EE04A0023C040090D4D2D422BD02218061FF7BF13E0FDA273E0DDA433E0B38
:201DB800DA4B3E046DFF36F33C0AC8D2542F60F261FFF0F4C8C2542F74AF54A0481F54F146
:201DD8000B10002052007F1007805AF292F23C03D422542261FF5AF1BE00DA273E0EDA43FA
:201DF8003E0CDA4B7E0D61FFDDF361FFF3F361FFC1F661FF5FF10090C8CF681200901DFF47
:021E180009F3CC
:201E200061FF14F29A4060F2542F89FF04298B8000F060F2542F6CFA8BC000F060F2542F92
:201E40006CFB8B0001F060F2542F89FF20198B4001F060F2542F89FF24198B8001F060F265
:201E6000542F89FF28198BC001F060F2542F89FF2C198B0002F060F2542F6CFC8B4002F0C1
:201E800060F2542F6CFD8B8002F060F2542F6CFE8BC002F060F2542F6CFF8B0003F060F27B
:201EA000542F89FF30198B4003F060F2542F89FF34198B8003F060F2542F89FF38198BC06F
:0C1EC00003F060F2542F89FF3C19007001
:201ED0002008404C405D4DC0E28FBB0000F826F80D00400309C06008DA143E0CDA273E0A50
:201EF000DA433E08DA4B3E046DFF98F23C0761FF55F5CCCC54FF74AF54AF09C060083B4068
:201F100001105F0120003B7002105F0113003B3004105F0109003BB004105F0111006DFF2C
:201F30007DF23C1854C07FF01380A20FC2FF3C0F54C07FF00D80A20FC2FF3C0954C0260FEB
:201F50003C0654C07FF00480A20FC2FF74AF54AF54AF74DF0D0040034DC0E2FFB70F81F7BE
:0E1F7000A68FCDCFE20F0D00C00482020090BC
:201F8000B70F10F8066FA6F09A4060F209FF0429742F8B8000F060F248AF742F8BC000F042
:201FA00060F248BF742F8B0001F060F209FF2019742F8B4001F060F209FF2419742F8B8072
:201FC00001F060F209FF2819742F8BC001F060F209FF2C19742F8B0002F060F248CF742FCB
:201FE0008B4002F060F248DF742F8B8002F060F248EF742F8BC002F060F248FF742F8B00DB
:2020000003F060F209FF3019742F8B4003F060F209FF3419742F8B8003F060F209FF3819D6
:20202000742F8BC003F060F209FF3C19742F00700B451088404C4DC0E1FFC58D0C2090DFAF
:2020400054FFEE031DFFF2F17BF000A00FA980F061FF0CF20FAF800061FF10F10B0F00B142
:202060004DC0E1FF90DFD4FF7CF46DFFDFF13C170FA98000610002010FAF800061FFD2FE28
:2020800089F80829800F74FF801F6CF1808F6CF8809F60026CF9542F89FF1C29028440C45D
:2020A00002B56DFF3BF60D0040034DC0E1FF90DFD4FF0FA980F06100450126FA8FCA000005
:2020C00061FF60FF4D40E0FF8F0F50F1CD4FE00F0D00C00454FF60F0481F60F1488F60F890
:0620E000489F60F900902A
:2020E800CC43C83209F5C80853C520F0CC230926FC0889F6AE0861FF05F13FF004808200F7
:202108007420D4FF54F0481FFE0A8FB51F0061FFD9F08FF501F1325F0FF1003082F4C6435B
:20212800263274F2CC4101F002F654FFEE08D44F54FF61FFA7EFC641261F74FF5F65160095
:2021480053C620F061FFDEF03FF00480DA00742FD4FF54F0481F7E098FB61F0061FFB2F085
:202168008FF601F161FFC2F5D44F54FFCC410F0FB0F1370F68F090FF54F061FF73F0CC4344
:20218800B4F009428C09CC44092FC00853CF20F010FFC815D4FF54FF905FD4FFEC21CC4381
:0421A800C8120090C9
:2021B000404C8200858172403C0909C2940901200226D42FC8FF61FFA1F209CFD8083FF0AF
:2021D000F6FF8200858172403C08CCC701F002F6D4FFD4FF61FF92F209CFE0083FF0F7FF91
:2021F000DA003C08CCCB90FFD4F46DFF63F261FF49EF09C0F0083F0FF7FFDA003C08CCCDAE
:2022100090FFD4F46DFF2AEF61FF3CEF09C0F8083F0FF7FFDA003C08CCC390FFD4F46DFFCA
:202230003DF461FF2FEF09C0D0083F0FF7FF09CD8409CCD688EF3C0DCCD688E03FF01400E8
:2022500090FF40C5C8746DFFF1F5C2FF370F50F0EEF4808F40C560F46DFFE8F5D4CFDA00F5
:2022700034FF00901DFFDAF0B70910188FC000000661A6108B8000F060F2542F6CF28BC0D8
:2022900000F060F2542F6CF38B0001F060F2542F89FF00198B4001F060F2542F89FF0419E2
:2022B0008B8001F060F2542F89FF08198BC001F060F2542F89FF0C198B0002F060F2542F84
:2022D0006CF48B4002F060F2542F6CF58B8002F060F2542F6CF68BC002F060F2542F6CF7F2
:2022F0008B0003F060F2542F89FF10198B4003F060F2542F89FF14198B8003F060F2542FAF
:2023100089FF18198BC003F060F2542F89FF1C199A4060F2542F600289FF0029542F370F99
:20233000E10A89F01029370F680B89F00C2900708FCF0000B70910F8066FA6F08B8000F0ED
:2023500060F2482F742F8BC000F060F2483F742F8B0001F060F209FF0019742F8B4001F0FC
:2023700060F209FF0419742F8B8001F060F209FF0819742F8BC001F060F209FF0C19742FBB
:202390008B0002F060F2484F742F8B4002F060F2485F742F8B8002F060F2486F742F8BC0D7
:2023B00002F060F2487F742F8B0003F060F209FF1019742F8B4003F060F209FF1419742FD3
:2023D0008B8003F060F209FF1819742F8BC003F060F209FF1C19742F9A4060F209FF0029F4
:2023F000742F600209F01029542F8F500100B70F89FAA60F09F00C298F600100A60F742FBF
:0224100000705A
:20241800808F61FFEFEE1603EE0382293C6DBF7405803B3010903C6809C2980961FF9EF039
:202438006E043BC000903C6091000028D9229823012402F6D4F4808FBB0000A84DC0E28FA7
:2024580026A80D0040036DFFC5F50229DF09438061FF24F0DF003F00CCC5C874CC43C832E2
:20247800C81F7DF238006DFF05FB402D4DC0E1FF61FF5CF08580764054FF3E0674F03BD083
:2024980000406DFF1BEE4DC0E2FF26FA0D0040034D40E0FF8F0F50F1CD4FE00F0D00C004EA
:2024B80080DF60F80D0040034DC0E2FFB70F81F7A6AFCDCFE20F0D00C004CCDDBCF32D0F8A
:2024D800000061FF07F24D40E00F61FFF3EF6DFFD5F50D0040034DC0E2FF61FFE3EDCDCF8D
:0A24F800E20F0D00C00402920090F4
:20250800808F61FF77EEAE038222009061FFEAF2760982620090088F5E2382103C05D4FF0D
:20252800D4FFBD0FFAFF76043B5001200090CCC661FF10F06E043BC00020009009CF4E18F8
:202548006E043B2010200090CCC5C87FBB0000884DC0E29F26890D00400340F46DFFBEF7E9
:20256800DF02390040F46DFF8DFA402D4DC0E1FF61FFE4EF858F764054F03E0674FF3BD0B5
:2025880000406DFFA3ED4DC0E2FF26F80D0040034D40E0FF8F0F50F1CD4FE00F0D00C00474
:2025A80080DF60F80D0040034DC0E2FF61FF82EDCDCFE20F0D00C004CCDDBCF32D0F00005D
:2025C80061FF90F14D40E00F61FF7CEF6DFF5EF53C0440F46DFF56FA0D0040034DC0E2FF9E
:1225E800B70F81F7A69FCDCFE20F0D00C00482020090EC
:202600004046096284098203092FC0083C0BD46401430246D4447D5408008B1300003700E6
:2026200070303FF3F6FF7E338212009092F0B42009628409092FC0087FF35C80D4628F138A
:202640000000C2100123024690220235D42F37007060F44F82043C2AD4658F150000C2205B
:20266000015602F6370070F0D4FF905261FFE6EE61FFDCF0015502462BF64060D444015691
:202680000226D427D445CC715450D475545161FF4DF16E11F4248214D462012502F60265A9
:2026A000F4F70616C21637067060CC6109FFC0083FF6D4FF024FEE1DDF031C009AF3D4620C
:2026C000370FF0F0012302F69022D4FFD424C815D447095208095470D4F7547161FFA6F08D
:1426E0007608F42FD46F01F302F602F3F4F4EEE78202009050
:2026F800BD047A004C4F3B0002005F0F750061FF41F46E71D44F094284094DC0E20FBB00A4
:2027180000F826F04D00E05F0D004003DA00CD0FE00F0D00C0040D0000020D0080044D0054
:20273800E03F61FFAFEE60F4482F61FF43F0DA00744F61FF9FEDCD01E00F0D00C0044D00A3
:20275800E0FF6C230D0040034DC0E2FF61FFA2ECCDCFE20F0D00C0040D0040030D0000020A
:202778000D0080044D00E03F26348FC4001061FF09ED60F4482F960161FF1CF0485F744FF9
:2027980061FF78EDCD01E00F0D00C0044D00E0FF6C224D00E0FF6C24484F742F483F6C210A
:2027B8000D0040034DC0E2FF61FF74ECCDCFE20F0D00C0040D004003CD05E00F0D00C004C3
:1627D8000D0040034DC0E2FF61FF64ECCDCFE20F0D00C00400900F
:2027F0002008404F405C024849FD140A61FF52ECBE0ADA27BE08DA43BE06DA4B3E046DFFE7
:202810000DEE3C15C8D2542060025420C8C24C2226F04C2389200C090BF08010C8C2542FA5
:20283000421F742FC8C2542F74AF54A261FF32EC5F0F2A00DA27BE01DA433E06DA4BBE063E
:202850006DFFECED3C2A54F09A1842F03F8204803F02228002803C1F54F09A1842F03F82A7
:2028700004803F02198002803C1682F154F0481FC601262142183F820480C210420826F811
:2028900074A83C0A54F09A1842F03F8204803F020380028074A054A8D4C240D440C57428B8
:2028B0006DFFF8F661FF3AEE7D2C138061FFF2EBBE05DA27BE03DA43BE01DA4BFE0261FFC7
:2028D0006DF27F800780A2080B8F50F13C04009061FF7CED61FFF2EB0090C8CF6818009071
:0428F0001DFF9CED3F
:2028F80009406008DA145F0F7E00DA273E07DA433E04DA4BBE0D3C780090CC4D54FF60F29E
:2029180009FFD808742F483F60F209FFD808742F484F60F2485F742F481F60F2482F742FAA
:2029380009FF1A0960FF54FFB71F01F53C59CC4D482F60F2483F542026F0484FA6F074208D
:20295800481F60F2489F742F486F60F2487F542026F0488FA6F07420485F60FF54FFB71F92
:2029780001F574FFCC4D54FF60FF54FFCC4C6CF4CC4C094004096820CC4C6CF3CC4C09F0C2
:20299800040574F0CC4D481FCC4C60F2484F420F742FCC4D54FF60FF54F1CC4C482F26F187
:2029B800483F68310BF18020CC4C54FF422F74FFCC4C4C4254F17F010680A2100B0F50F1F6
:2029D8003C087F100680A2010B1F30F13C02DA00EE08CC4D485F60FF54FFB71F01FD74FFD1
:0A29F80000901DFF03F81DFF15ED10
:202A0800CC4309429009E832CC43094FF008ACFC09428C09A00FEC2209428C09EC250942C1
:202A28008C09F42F09428C09EC21094F78086E71D44F094284094DC0E20FBB0000F826F070
:202A48004D00E05F0D004003DA00CD0FE00F0D00C0040D0000020D0080044D00E03F7BF0A5
:202A680000400F4380F08FCF001061FFCBEC61FF79EEDA0061FF66ECCD01E00F0D00C004E6
:202A88004D00E0FF6C230D0040034DC0E2FF61FF09EBCDCFE20F0D00C0040D0040030D0026
:202AA80000020D0080044D00E03F26348FC4001061FFA8EC960161FF55EE485F61FF42ECEF
:202AC800CD01E00F0D00C0044D00E0FF6C224D00E0FF6C24484F742F483F6C210D0040034C
:202AE8004DC0E2FF61FFDEEACDCFE20F0D00C0040D004003CD05E00F0D00C0040D00400328
:1A2B08004DC0E2FF61FFCEEACDCFE20F0D00C004CC43DA0089FF1C0800902A
:202B2800808F60FC09C28C09092FD808AE038222009009CF4D181E143B1070200090D42FE8
:202B4800820040F23C0B0C2882016E025E128211761382103C05D422D422BD02F6FF7609CD
:202B680082620090088F5E2382103C05D4FFD4FFBD0FFAFF76043B5001200090CCC661FFDB
:202B8800E9EC6E043BC0002000908210CCC3BB0000984DC0E28F26980D00400389F45C0959
:202BA80009F2640909F45C0926422653BA028B0300F4EA00DF004300CCC509C28C09DA024B
:202BC800C87F892F2C0840F46DFF8CFA40F46DFF59F7402D4DC0E1FF61FFB0EC858F764084
:202BE80054F03E0674FF3BD000406DFF6FEA4DC0E2FF26F90D0040034D40E0FF8F0F50F11A
:202C0800CD4FE00F0D00C00480DF60F80D0040034DC0E2FFB70F81F7A69FCDCFE20F0D00BE
:202C2800C004CCDDBCF32D0F000061FF93F14D40E00F61FF47EC6DFF29F20D0040034DC05D
:142C4800E2FFB70F81F7A68FCDCFE20F0D00C00482020090B2
:202C6000CC43094F421889FF3008CC43DA0389FF2C08CC43094FFC0889FFAE08CC43D200A1
:202C800089F0640989F05C09CC4309429009E832CC43094FF008ACFC09428C09A00FEC22BF
:202CA00009428C09EC2509428C09F42F09428C09EC21094F78086E71D44F094284094DC074
:202CC000E20FBB0000F826F04D00E05F0D004003DA00CD0FE00F0D00C0040D0000020D00CC
:202CE00080044D00E03F7BF000400F4380F08FCF001061FF93EB61FF69EDDA0061FF2EEB22
:202D0000CD01E00F0D00C0044D00E0FF6C230D0040034DC0E2FF61FFC9E9CDCFE20F0D0080
:202D2000C0040D0040030D0000020D0080044D00E03F26348FC4001061FF70EB960161FF04
:202D400045ED485F61FF0AEBCD01E00F0D00C0044D00E0FF6C224D00E0FF6C24484F742F07
:202D6000483F6C210D0040034DC0E2FF61FF9EE9CDCFE20F0D00C0040D004003CD05E00FAB
:1A2D80000D00C0040D0040034DC0E2FF61FF8EE9CDCFE20F0D00C004009065
:202DA00020084DC0E1FFC58F341090FFD4FCD4CF09FF4304A64F34FF09C480296DF8466864
:202DC000858F341809FF54085E18D4FF083FD4CF09F04304A6F034F0D4CF083F820092F113
:202DE00026F1F612AA10F6031DFF20EB082F1E1B808F40A460FFD4FF481F74AF54FF7801EF
:202E00006DFFC4ED808F60FFDA02C85CD4CF09C298092CF2DA00892F0F283C0909C2981970
:202E20009022D4246DFF4EE961FF34E909C0DC183F0FF6FF09C4A409DA003C0709C29019BD
:202E40009022D42461FF26E908346DFF43F709C0D4183F0FF5FF09C4B4196DF8F7676DF8BE
:202E6000F56709C480296DF8F16709C4B409DA003C0909CF901990FFD4FF09F4841961FF3D
:202E800009E96DF8525B09C0D4183F0FF4FFCCC9DA003C08C8929022D4246DFF2FFD61FF89
:202EA000F9E809F0E8083F0FF7FF82083C1609CF9019DA0001F802F6D4FF3C08C8929022B9
:202EC000D4246DFF1BFD61FFE5E809F0E8083F0FF7FFC2183708708009CFD4183FF8E9FF30
:202EE00009C480291DF8B26720084DC0E1FFC58F341090FFD4FC09CF57085E1B911001F8D8
:202F0000D9FF7074C8546DF8A16740F46DFFAAEB91100128D9227074DA003C0F09248C09A7
:202F200082F0904FA004D4FFD4FF74F0E81468300D00800461FFAEE80920D0083F0FF0FF39
:202F4000858D3418D4DFDA0034FF2CF109D05408DF101980D4DF2CF22CF309D480296DFF97
:202F6000E5E88200CCD9020F3C0709DF901990FFD4FF61FF8FE8D4FF34F009D1D4183F1F24
:202F8000F6FF40C46DFF62EB09C054080CCEDF105E80EE0809C480296DF85867D4CFDA01A5
:202FA00034FF09CD980909CEA81909C2A009F4A2D4CFDA006CF109C4A0196DFF33F0ACDE4C
:202FC00040E4D4A56DF8426740D46DFF27EB4DC0E2FFBB000008260F0D0040034D40E00F02
:202FE0008F005001CD40E00F0D00C004D4AF80F060080D0040034DC0E20FB7008107A6F0A6
:20300000CDC0E20F0D00C004C85FC862D4AFC82F892F9429D4AFC832C84FEC2349D4241A23
:203020006DFFB4E9DA0089DF082889DF0E283C0909CFAC1990FFD4F46DFFA0E861FF2AE8D8
:1430400009C0F0183F0FF6FF0090EE04D4CFDA0234FF0090A4
:203058002008404F49FC140A82093C3F61FF1EE83E0FDA273E0DDA433E0BDA4B3E046DFF00
:20307800D9E93C0AC8D2542F60F261FF93EBC8C2542F74AF54AAD4D25420482F7F0A068015
:20309800A2A00B0F50F13C097FA007800B0A80000B0F30F13C02DA00EE2940C46DFF2EF5FE
:2030B80009D2880940D42D020000C219BF49158082090D0040034DC0E2FFB70F81F7A68F95
:2030D800CDCFE20F0D00C0044DC0E28FBB0000F826F80D004003C862092FC008EE03A00D13
:2030F8003C03D4C2D42DBD0DB3FFBD0D3500D4D2542161FFCBE75F0F2A00DA275F0F27000C
:20311800DA435F0F2400DA4B5F0F2480C8C440F28941040961FF56E8121061FF23E961FF90
:2031380041E942F07440C8C454404C227F100680A2010B1F50F13C087F010680A2100B0FA0
:2031580030F13C02DA00EE3E3C35C8CF68113C3A6DFF60E961FF9AE73E0FDA273E0DDA43AF
:203178003E0BDA4B3E046DFF55E93C0AC8D2542F60F261FF0FEBC8C2542F74AF54A054F165
:20319800481F0B10002052007F1004805AF292F261FF7CE7BE02DA27BE00DA433E0EDA4B70
:2031B8007E0F61FFFFE961FFFDE8420F61FFE2ECEE0961FFEFE83C06C8CF68123C036DFF32
:1A31D80029E90D0040034DC0E2FFB70F81F7A68FCDCFE20F0D00C00400902C
:2031F800404C808FCCC5BB00009860FD4DC0E28F26980D004003C86F3B10010088EF3F0F07
:2032180005006DFF07E93C0790F2892DA00988EFC21FACFE4DC0E1FF61FF64E9858F7640AB
:2032380054F03E0674FF3BD000406DFF47E74DC0E2FF269F0D0040034D40E00F8F00500137
:20325800CD40E00F0D00C00480C060080D0040034DC0E20FB7008107A6F0CDC0E20F0D0033
:20327800C00461FFDFE7D4CF09C284094DC0E2FF26F94D00E04F0D004003DA00CD0FE00FD3
:203298000D00C0040D0000020D0080044D00E02F7BF0003061FF16EA61FF9CEADA0061FF2E
:2032B80059E8CD00E00F0D00C0044D00E0FF6C230D0040034DC0E2FFB70F81F7A69FCDCF10
:2032D800E20F0D00C0040D0040030D0000020D0080044D00E02F61FFF5E9960161FF7AEA2F
:2032F800485F61FF37E8CD00E00F0D00C0044D00E0FF6C224D00E0FF6C24484F742F483FCC
:203318006C210D0040034DC0E2FFB70F81F7A69FCDCFE20F0D00C0040D004003CD04E00FD9
:203338000D00C0040D0040034DC0E2FFB70F81F7A69FCDCFE20F0D00C004CCC180CF6CF746
:20335800CCC1482F26F38FC3000061FF4FE94D40E00F61FFF7E609D4840909C584096DFF64
:1A337800E9EE0D0040034DC0E2FFB70F81F7A68FCDCFE20F0D00C0040090C5
:203398003BA00D4020183BB0005040A46DFF36E6808FBB00008860F4CC45C87F4DC0E2FF22
:2033B8000D00400361FF16E86D00A80340F46DFF91F640F46DFF5EF3402C808F808F61FF2D
:2033D80009E76DF837654DC0E1FF61FF9FE93E0674FF3BD000406DFF71E64DC0E2FF268FA7
:2033F8000D0040034D40E00F8F005001CD40E00F0D00C00480C060080D0040034DC0E20F46
:20341800B7008107A6F0CDC0E20F0D00C004CCCDBCF32D0F000061FF8DEA4D40E00F61FF39
:20343800FDE84D00E00F4C54FE030D0040034D00E02F61FF6FEDCD00E00F0D00C0044D0070
:20345800E0FF6C524D00E0FF61FFA4E63C644DC0E2FF26F80D0040030D0000020D00800405
:203478004D00E00F4C530F1F802061FFE7E7CD0FE00F60224D80E3FF742FCD80E30F0D0072
:20349800C0040D0040034DC0E2FF61FF0BE6CDCFE20F0D00C0040D004003DA00CD0FE00F6E
:2034B8000D00C0040D0000020D0080044D00E00F61FF20EECD00E00F0D00C0044D00E0FF20
:2034D8006C530D0040034DC0E2FF61FFEBE5CDCFE20F0D00C0040D0040030D0000020D00DD
:2034F80080044D00E02F61FF15EDCD00E00F0D00C0044D00E0FF6C524D00E0FF61FF4AE63F
:203518000D0040034DC0E2FF61FFCCE5CDCFE20F0D00C0040D004003546F60FB4C6760F471
:203538004C62CD0FE00F0D00C0044D40E0FFB70F81F3CD4FE00F0D00C00400801DFF6AE7BA
:20355800BD04E30009458C0961FF14ED6E73D44F09428409BB0000084DC0E2FF26F04D007B
:20357800E06F0D004003DA00CD0FE00F0D00C0040D0000020D0080044D00E03F7BF0005057
:203598000F5380F08FCF001061FFCCE561FF32E9DA00746F61FF6EE6CD01E00F0D00C00448
:2035B8004D00E0FF6C230D0040034DC0E2FF61FF71E5CDCFE20F0D00C0040D0040030D0089
:2035D80000020D0080044D00E03F26358FC5001061FFA8E5960161FF0DE9485F746F61FF51
:2035F80049E6CD01E00F0D00C0044D00E0FF6C224D00E0FF6C24484F742F483F6C210D0025
:2036180040034DC0E2FF61FF45E5CDCFE20F0D00C0040D004003CD06E00F0D00C0040D0089
:2036380040034DC0E2FF61FF35E5CDCFE20F0D00C004BB0000887BF00000DA00895F3A09B6
:2036580089543808808F4DC0E2FF268F0D0040034D40E01F8F015011CD41E00F0D00C004E8
:20367800804160180D0040034DC0E21FB7018117A6F1CDC1E20F0D00C004CC45C86F0942D1
:20369800880989F29429CC41482F26F08FC0000061FFACE74D40E00F61FF54E5CC414DC03E
:2036B800E2FF26F84D00E00F3C180D004003B70001FACD0FE00F0D00C0040D0040020D0069
:2036D80040034DC0E2FFB70F81F7A68FCDCFE20F0D00C0044D00E00FB7000CFAEEE70D00F5
:2036F800400354FF60FB487F60F4482FCD0FE00F0D00C0044D40E0FFB70F81F3CD4FE00FE2
:0A3718000D00C00400801DFF85E6CF
:203728002020404DBD0DEA0009D28C0989243808808F82F109D0001960FCC610CCC5C86242
:20374800092F1025260F6E031DFF6CE609D48C09542FA065894F3A0940A44CDF5420A6F0B2
:20376800742009CE980940E2442F644FFC5E40E46DFF50E7C86F88EF3B1001003F0F05007F
:203788006DFF50E63C0790F2892CA00988EFC21FACFE4DC0E1FFC58F341090FF61FFB6E64A
:2037A8003E0674FF3BD000406DFF90E4BB0000084DC0E2FF260F0D0040034D40E01F8F01CD
:2037C8005011CD41E00F0D00C00480D160180D0040034DC0E21FB7018117A6F1CDC1E20F25
:2037E8000D00C00461FF1EE5D4DF09D484094DC0E2FF26F04D00E05F0D004003DA00CD0FDA
:20380800E00F0D00C0040D0000020D0080044D00E03F61FF3FE660F2482F61FFB3E7DA00B2
:20382800742F61FF2FE5CD01E00F0D00C0044D00E0FF6C430D0040034DC0E2FF61FF32E44C
:20384800CDCFE20F0D00C0040D0040030D0000020D0080044D00E03F0F4380F08FCF001076
:2038680061FF98E460F2482F960161FF8BE7485F742F61FF07E5CD01E00F0D00C0044D00C1
:20388800E0FF6C424D00E0FF6C44484F744F483F6C410D0040034DC0E2FF61FF03E4CDCF08
:2038A800E20F0D00C0040D004003CD05E00F0D00C0040D0040034DC0E2FF61FFF3E3CDCF4C
:2038C800E20F0D00C004CCD180DF6CF7CCD1482F26F48FC4000061FF91E64D40E00F61FF8B
:1A38E80039E409C4840909D584096DFF2BEC40AFA06244FF64EFFC2E009020
:20390800808F60F4CC4309FFD808AE0382220090D4F28200402F3C0B088F82016E025E1268
:203928008211761382103C05D4FFD4FFBD0FF6FF7609826200900C285E2382103C05D42FAB
:20394800D4F2BD02FAFF76043B5001200090CC4661FF00E66E043BC000200090CC45BB00EA
:203968000088C87F4DC0E2FF0D00400361FF3AE56D00CC0040F46DFFB5F340F46DFF82F020
:20398800402C808F808F61FF2DE46DF85B624DC0E1FF61FFC3E63E0674FF3BD000406DFF9E
:2039A80095E34DC0E2FF268F0D0040034D40E00F8F005001CD40E00F0D00C00480C06008C3
:2039C8000D0040034DC0E20FB7008107A6F0CDC0E20F0D00C004CCCDBCF32D0F000061FF89
:2039E800B1E74D40E00F61FF21E64D00E00F4C54FE030D0040034D00E02F61FF93EACD0011
:203A0800E00F0D00C0044D00E0FF6C524D00E0FF61FFC8E33C644DC0E2FF26F80D004003C1
:203A28000D0000020D0080044D00E00F4C530F1F802061FF0BE5CD0FE00F60224D80E3FFE9
:203A4800742FCD80E30F0D00C0040D0040034DC0E2FF61FF2FE3CDCFE20F0D00C0040D0090
:203A68004003DA00CD0FE00F0D00C0040D0000020D0080044D00E00F61FF44EBCD00E00F5E
:203A88000D00C0044D00E0FF6C530D0040034DC0E2FF61FF0FE3CDCFE20F0D00C0040D0067
:203AA80040030D0000020D0080044D00E02F61FF39EACD00E00F0D00C0044D00E0FF6C52C5
:203AC8004D00E0FF61FF6EE30D0040034DC0E2FF61FFF0E2CDCFE20F0D00C0040D004003E3
:203AE800546F60FB4C6760F44C62CD0FE00F0D00C0044D40E0FFB70F81F3CD4FE00F0D0091
:203B0800C00400801DFF8EE4404C09C28C0909C04218092F70083A0F861FC21F892F2C0851
:203B2800D20009C28C098920640989205C0909C28C09CCC4EC23CCC309CFF008ACFCCCC392
:203B480049F4140A6DF87E6109C498096DFF62E540C46DFF17EE40C46DF87461CCC3C82F64
:203B6800BCF8D4FFDA0389FF2808CCC3A002E822808F60FF7DFCA80061FF98E4BB000018A8
:203B8800D4CF7BF0003009C48409DF009E004DC0E2FF26F14D00E04F0D0040034C42CD0FCD
:203BA800E00F0D00C0040D0040034DC0E2FF61FF7DE2CDCFE20F0D00C0040D0040030D0085
:203BC80000020D0080044D00E00F4C430F3F802061FF3CE4CD0FE00F60224D80E3FF742F72
:203BE800CD80E30F0D00C0040D0040034DC0E2FF61FF5CE2CDCFE20F0D00C0040D00400323
:203C0800DA00CD0FE00F0D00C0040D0000020D0080044D00E05F0F3580F08FCF000061FF88
:203C2800D1E361FFAFE2DA0061FFCCE2CD00E00F0D00C0044D00E0FF6C430D0040034DC02A
:203C4800E2FF61FF33E2CDCFE20F0D00C0040D0040030D0000020D0080044D00E05F2653B3
:203C68008FC3000061FFAEE3960161FF8BE2485F61FFA8E2CD00E00F0D00C0044D00E0FF4B
:203C88006C424D00E0FF6C44484F744F483F6C410D0040034DC0E2FF61FF08E2CDCFE20FEF
:203CA8000D00C0040D004003CD04E00F0D00C0040D0040034DC0E2FF61FFF8E1CDCFE20F46
:203CC8000D00C00400904DC0E20F26104D00E04F0D0040034C42CD0FE00F0D00C0040D0044
:203CE80040034DC0E2FF61FFDDE1CDCFE20F0D00C0040D0040030D0000020D0080044D00D2
:203D0800E01F4C430F3F802061FFA0E3CD0FE00F60224D80E3FF742FCD81E30F0D00C0048C
:203D28000D0040034DC0E2FF61FFBCE1CDCFE20F0D00C0040D004003DA00CD0FE00F0D00E0
:203D4800C0040D0000020D0080044D00E05F26538FC30010B70510F8066FA6F19A4160F293
:203D6800482F742F4832A62F742F8B8100F060F254FF742F8BC100F060F2DA00742FB70524
:203D8800891A486FB71F01FAA6F1CD01E00F0D00C0044D00E0FF6C430D0040034DC0E2FFB2
:203DA80061FF80E1CDCFE20F0D00C0044D00E0FF6C42485F744F483F6C410D004003CD0443
:203DC800E00F0D00C0040D0040034DC0E2FF61FF69E1CDCFE20F0D00C0044DC0E20FCCC14A
:203DE800BBF00FF826F0482FBB000018B70F89FA6CF226010661A6F168218FF00FF18F6FD7
:203E080001F0A6F1682100902018808FBB00008860FFC85C4DC0E2FF0D004003C832092F7C
:203E28005C045E14DA00342F3C448200C8323C0A0C2882016E025E128211761382103C05A3
:203E4800D422D422BD02F6FF760A40F46DFF9AEC3B900A4040A482656DFFD8E08200C83294
:203E68003C060C285E2382103C05D422D422BD02FAFF760B40F46DF8E55F3B900A4040A475
:203E88003B5001506DFFC2E0C864094F50080940D4081601A60F0940D208A60F6E0A6DFFA7
:203EA800B9E33B900A4040A43BC000506DFFAEE0CCC688EFEE046DFFB5E23C06C2FFACFE75
:203EC80088EF90FFC88C09CFF00882001E143B0020107E12821085897640DF009900CCC5A2
:203EE800C8748080820ACC43C832C81F7DF207006DFFC8ED402D821A3C0240CD8080600EA9
:203F080009E28C094924140A6DF89C5F4DC0E1FF61FFF0E254FF3E9674F93BD000406DFFC4
:203F2800D5E04DC0E20F26800D0040034D40E0FF8F0F50F1CD4FE00F0D00C00480DF60F8F2
:203F48000D0040034DC0E2FF61FFACE0CDCFE20F0D00C00476A5CCDDBCF32D0F0000CCD581
:203F6800C86F09D2880989F29429CCD1482F7BF000100F1F80008FC0000061FF3FE34D40C3
:203F8800E00F61FFE7E009E28409CCD14DC0E2FF0F8F80000D0040030D0000020D008004F2
:203FA8004D00E02F4C2326F18FC10010B70F10F8066FA6F16012542FCD0FE00F60124D80DE
:203FC800E3FF742FCD82E30F0D00C0040D0040034DC0E2FF61FF66E0CDCFE20F0D00C00400
:203FE8000D00400354FF60FB487F60F4482FCD0FE00F0D00C0044D40E0FFB70F81F3CD4FCB
:20400800E00F0D00C00400806DFF0CE27BF000A0808F60FD09D28C094924140A6DF8125FB6
:204028004DC0E1FFC5823410902FD4FFC86F09FF9429D4FF54FF3E9674F93BD000406DFF54
:2040480045E04DC0E2FF268F0D0040034D40E00F8F005001CD40E00F0D00C00480C060086F
:204068000D0040034DC0E20FB7008107A6F0CDC0E20F0D00C00461FFDDE0CCC1482F0FAFE7
:2040880080008FC0000061FFB9E24D40E00F61FF61E009D28409CCC14DC0E2FF26F80D0023
:2040A80040030D0000020D0080044D00E01F4C2326FA8FCA0000B70F10F8066FA6F06002A6
:2040C800542FCD0FE00F60024D80E3FF742FCD81E30F0D00C0040D0040034DC0E2FFB70FC1
:2040E80081F7A68FCDCFE20F0D00C0040D00400354FF60FB487F60F4482FCD0FE00F0D0045
:20410800C0044D40E0FFB70F81F3CD4FE00F0D00C00400801DFF86E1BB00008820084DC0D6
:20412800E2FF0D004003808F60FFC852C83409229809094F3A09892F102909FF48185E188C
:20414800C85FD4FF48108B002002AB0FA0F06E07DF1F9500DF2FB5011D00FE01808F60FFB8
:20416800C85FC86F88EFEE046DFF5CE13C06C2FFACFE88EF90FFC88C808F60FD09D28C09E4
:204188004924140A6DF85E5E4DC0E1FFC5823410902F61FFBBE13E0674FF3BD000406DFFCA
:2041A80095DF4DC0E2FF268F0D0040034D40E00F8F005001CD40E00F0D00C00480C06008BF
:2041C8000D0040034DC0E20FB7008107A6F0CDC0E20F0D00C004CCC5C86F09C2880989F2C6
:2041E8009429CCC1482F7BF000100F1F80008FC0000061FF03E24D40E00F61FFABDF09D2F8
:204208008409CCC14DC0E20F26800D0040030D0000020D0080044D00E02F4C2326F18FC1B6
:20422800001061FF47E0CD0FE00F60124D80E3FF742FCD82E30F0D00C0040D0040034DC0E1
:20424800E2FF61FF2FDFCDCFE20F0D00C0040D00400354FF60FB487F60F4482FCD0FE00F4E
:204268000D00C0044D40E0FFB70F81F3CD4FE00F0D00C00400806DFFD5E061FF33E08080CF
:20428800600FC85FC86F88EFEE046DFFCBE03C06C2FFACFE88EF90FFC88D09DFF00882005F
:2042A8001E143B0020107E128210DF009200CCD5C874808F820BCC43C832C81F7DF20700E7
:2042C8006DFFE0EB402E821B3C0240DE8080600FF4AFC83F49F4140A6DF8B45D4DC0E1FF61
:2042E80061FF88E03E9674F93BD000406DFFEEDE4DC0E20F26800D0040034D40E0FF8F0F2C
:2043080050F1CD4FE00F0D00C00480EF60F80D0040034DC0E2FF61FFC5DECDCFE20F0D00D6
:20432800C00476B5CCEDBCF32D0F000061FFA6E00FAF80008FC0000061FF60E14D40E00F52
:2043480061FF08DFD4AFC81F09E284094DC0E2FF0F8F80000D0040030D0000020D00800430
:204368004D00E01F483F0FAF80208FC20020B70F10F8066FA6F2602F54FFCD0FE00F602F7C
:204388004D80E3FF74FFCD81E30F0D00C0040D0040034DC0E2FF61FF85DECDCFE20F0D0047
:2043A800C0040D004003542F60FB4C2760F44C22CD0FE00F0D00C0044D40E0FFB70F81F38C
:2043C800CD4FE00F0D00C00400806DFF2BE0808F60FE09E28C094924140A6DF8335D4DC088
:2043E800E1FF61FF07E03E9674F93BD000406DFF6DDE4DC0E2FF268F0D0040034D40E00FDC
:204408008F005001CD40E00F0D00C00480D060080D0040034DC0E20FB7008107A6F0CDC07F
:20442800E20F0D00C00461FFFDDECCD1482F0FAF80008FC0000061FFE1E04D40E00F61FFD9
:2044480089DE09E28409CCD14DC0E20F26800D0040030D0000020D0080044D00E02F4C2379
:2044680026FA8FCA001061FF25DFCD0FE00F60124D80E3FF742FCD82E30F0D00C0040D0099
:2044880040034DC0E2FF61FF0DDECDCFE20F0D00C0040D00400354FF60FB487F60F4482FAA
:2044A800CD0FE00F0D00C0044D40E0FFB70F81F3CD4FE00F0D00C00400806DFFB3DF61FFF8
:2044C80011DF808F60FDCCD5C88ECCE5C874CC43C832C81F7DF205006DFFD4EA402E4DC08B
:2044E800E1FF61FF87DF3E9674F93BD000406DFFEDDD4DC0E2FF26F80D0040034D40E0FF84
:204508008F0F50F1CD4FE00F0D00C00480EF60F80D0040034DC0E2FFB70F81F7A68FCDCFC4
:20452800E20F0D00C004CCEDBCF32D0F000061FFA5DF26FA8FCA000061FF60E04D40E00F94
:2045480061FF08DE09D4840909E584096DFF9EE56DFF68DF1DFF66DFDA0120082CA4856F5E
:20456800340025643A40C21FA56F340040A46DFFB5DFF62C14AF256F3B400CA1256F3A4040
:204588008CA1256F0A48A56F3000C56438006DFF85E3C5643C006DFF95E30CA4EEFF009011
:2045A8000839008060390080B8390080343900808C390080E4390080103A0080000000000F
:2045C80074350080803500808C35008098350080A4350080B0350080BC350080C83500803B
:2045E800D4350080000000001E000100024700000100000060000080000000006000008001
:1046080000000000C8451180090000006800008013
:206000000D00000282044D00E05F40B46DFF1ED40D0040020080000000000000000000003E
:206020000D00000282144D00E05F40B46DFF0ED40D0040020080000000000000000000001E
:206040000D00000282244D00E05F40B46DFFFED30D004002008000000000000000000000FF
:206060000D00000282344D00E05F40B46DFFEED30D004002008000000000000000000000DF
:206080000D00000282444D00E05F40B46DFFDED30D004002008000000000000000000000BF
:2060A0000D00000282544D00E05F40B46DFFCED30D0040020080000000000000000000009F
:2060C0000D00000282644D00E05F40B46DFFBED30D0040020080000000000000000000007F
:2060E0000D00000282744D00E05F40B46DFFAED30D0040020080000000000000000000005F
:206100000D0000023B8000404D00E05F40B46DFF9DD30D004002008000000000000000004A
:206120000D0000023B9000404D00E05F40B46DFF8DD30D004002008000000000000000002A
:206140000D0000023BA000404D00E05F40B46DFF7DD30D004002008000000000000000000A
:206160000D0000023BB000404D00E05F40B46DFF6DD30D00400200800000000000000000EA
:206180000D0000023BC000404D00E05F40B46DFF5DD30D00400200800000000000000000CA
:2061A0000D0000023BD000404D00E05F40B46DFF4DD30D00400200800000000000000000AA
:2061C0000D0000023BE000404D00E05F40B46DFF3DD30D004002008000000000000000008A
:2061E0000D0000023BF000404D00E05F40B46DFF2DD30D004002008000000000000000006A
:206200000D0000023B0001404D00E05F40B46DFF1DD30D0040020080000000000000000048
:206220000D0000023B1001404D00E05F40B46DFF0DD30D0040020080000000000000000028
:206240000D0000023B2001404D00E05F40B46DFFFDD20D0040020080000000000000000009
:206260000D0000023B3001404D00E05F40B46DFFEDD20D00400200800000000000000000E9
:206280000D00000291000048D944C4036DFFBECE0D0040020080000000000000000000006B
:2062A0000D0000023B5001404D00E05F40B46DFFCDD20D00400200800000000000000000A9
:2062C0000D0000023B6001404D00E05F40B46DFFBDD20D0040020080000000000000000089
:2062E0000D0000023B7001404D00E05F40B46DFFADD20D0040020080000000000000000069
:206300000D00000291000048D944B4B36DFF7ECE0D0040020080000000000000000000008A
:206320000D0000023B9001404D00E05F40B46DFF8DD20D0040020080000000000000000028
:206340000D00000291000048D944B8C36DFF5ECE0D00400200800000000000000000000056
:206360000D00000291000048D94480F36DFF4ECE0D0040020080000000000000000000004E
:206380000D0000023BC001404D00E05F40B46DFF5DD20D00400200800000000000000000C8
:2063A0000D0000023BD001404D00E05F40B46DFF4DD20D00400200800000000000000000A8
:2063C0000D0000023BE001404D00E05F40B46DFF3DD20D0040020080000000000000000088
:2063E0000D0000023BF001404D00E05F40B46DFF2DD20D0040020080000000000000000068
:206400000D0000023B0002404D00E05F40B46DFF1DD20D0040020080000000000000000046
:206420000D0000023B1002404D00E05F40B46DFF0DD20D0040020080000000000000000026
:206440000D0000023B2002404D00E05F40B46DFFFDD10D0040020080000000000000000007
:206460000D0000023B3002404D00E05F40B46DFFEDD10D00400200800000000000000000E7
:206480000D0000023B4002404D00E05F40B46DFFDDD10D00400200800000000000000000C7
:2064A0000D0000023B5002404D00E05F40B46DFFCDD10D00400200800000000000000000A7
:2064C0000D0000023B6002404D00E05F40B46DFFBDD10D0040020080000000000000000087
:2064E0000D0000023B7002404D00E05F40B46DFFADD10D0040020080000000000000000067
:206500000D0000023B8002404D00E05F40B46DFF9DD10D0040020080000000000000000046
:206520000D0000023B9002404D00E05F40B46DFF8DD10D0040020080000000000000000026
:206540000D0000023BA002404D00E05F40B46DFF7DD10D0040020080000000000000000006
:206560000D0000023BB002404D00E05F40B46DFF6DD10D00400200800000000000000000E6
:206580000D0000023BC002404D00E05F40B46DFF5DD10D00400200800000000000000000C6
:2065A0000D0000023BD002404D00E05F40B46DFF4DD10D00400200800000000000000000A6
:2065C0000D0000023BE002404D00E05F40B46DFF3DD10D0040020080000000000000000086
:2065E0000D0000023BF002404D00E05F40B46DFF2DD10D0040020080000000000000000066
:206600000D0000023B0003404D00E05F40B46DFF1DD10D0040020080000000000000000044
:206620000D0000023B1003404D00E05F40B46DFF0DD10D0040020080000000000000000024
:206640000D0000023B2003404D00E05F40B46DFFFDD00D0040020080000000000000000005
:206660000D0000023B3003404D00E05F40B46DFFEDD00D00400200800000000000000000E5
:206680000D0000023B4003404D00E05F40B46DFFDDD00D00400200800000000000000000C5
:2066A0000D0000023B5003404D00E05F40B46DFFCDD00D00400200800000000000000000A5
:2066C0000D0000023B6003404D00E05F40B46DFFBDD00D0040020080000000000000000085
:2066E0000D0000023B7003404D00E05F40B46DFFADD00D0040020080000000000000000065
:206700000D0000023B8003404D00E05F40B46DFF9DD00D0040020080000000000000000044
:206720000D0000023B9003404D00E05F40B46DFF8DD00D0040020080000000000000000024
:206740000D0000023BA003404D00E05F40B46DFF7DD00D0040020080000000000000000004
:206760000D0000023BB003404D00E05F40B46DFF6DD00D00400200800000000000000000E4
:206780000D00000291000048D944B0A36DFF3ECC0D0040020080000000000000000000005C
:2067A0000D0000023BD003404D00E05F40B46DFF4DD00D00400200800000000000000000A4
:2067C0000D0000023BE003404D00E05F40B46DFF3DD00D0040020080000000000000000084
:2067E0000D0000023BF003404D00E05F40B46DFF2DD00D0040020080000000000000000064
:206800000D0000023B0004404D00E05F40B46DFF1DD00D0040020080000000000000000042
:206820000D0000023B1004404D00E05F40B46DFF0DD00D0040020080000000000000000022
:206840000D0000023B2004404D00E05F40B46DFFFDCF0D0040020080000000000000000003
:206860000D0000023B3004404D00E05F40B46DFFEDCF0D00400200800000000000000000E3
:206880000D0000023B4004404D00E05F40B46DFFDDCF0D00400200800000000000000000C3
:2068A0000D0000023B5004404D00E05F40B46DFFCDCF0D00400200800000000000000000A3
:2068C0000D0000023B6004404D00E05F40B46DFFBDCF0D0040020080000000000000000083
:2068E0000D0000023B7004404D00E05F40B46DFFADCF0D0040020080000000000000000063
:206900000D0000023B8004404D00E05F40B46DFF9DCF0D0040020080000000000000000042
:206920000D0000023B9004404D00E05F40B46DFF8DCF0D0040020080000000000000000022
:206940000D0000023BA004404D00E05F40B46DFF7DCF0D0040020080000000000000000002
:206960000D0000023BB004404D00E05F40B46DFF6DCF0D00400200800000000000000000E2
:206980000D0000023BC004404D00E05F40B46DFF5DCF0D00400200800000000000000000C2
:2069A0000D0000023BD004404D00E05F40B46DFF4DCF0D00400200800000000000000000A2
:2069C0000D00000291000048D944AC936DFF1ECB0D0040020080000000000000000000004F
:2069E0000D00000291000048D944C8136DFF0ECB0D004002008000000000000000000000A3
:206A00000D00000291000048D944D0336DFFFECA0D0040020080000000000000000000006B
:206A20000D0000023B1005404D00E05F40B46DFF0DCF0D0040020080000000000000000020
:206A40000D0000023B2005404D00E05F40B46DFFFDCE0D0040020080000000000000000001
:206A60000D0000023B3005404D00E05F40B46DFFEDCE0D00400200800000000000000000E1
:206A80000D0000023B4005404D00E05F40B46DFFDDCE0D00400200800000000000000000C1
:206AA0000D0000023B5005404D00E05F40B46DFFCDCE0D00400200800000000000000000A1
:206AC0000D0000023B6005404D00E05F40B46DFFBDCE0D0040020080000000000000000081
:206AE0000D0000023B7005404D00E05F40B46DFFADCE0D0040020080000000000000000061
:206B00000D0000023B8005404D00E05F40B46DFF9DCE0D0040020080000000000000000040
:206B20000D0000023B9005404D00E05F40B46DFF8DCE0D0040020080000000000000000020
:206B40000D00000291000048D944BCD36DFF5ECA0D0040020080000000000000000000003E
:206B60000D0000023BB005404D00E05F40B46DFF6DCE0D00400200800000000000000000E0
:206B80000D0000023BC005404D00E05F40B46DFF5DCE0D00400200800000000000000000C0
:206BA0000D0000023BD005404D00E05F40B46DFF4DCE0D00400200800000000000000000A0
:206BC0000D0000023BE005404D00E05F40B46DFF3DCE0D0040020080000000000000000080
:206BE0000D0000023BF005404D00E05F40B46DFF2DCE0D0040020080000000000000000060
:206C00000D0000023B0006404D00E05F40B46DFF1DCE0D004002008000000000000000003E
:206C20000D0000023B1006404D00E05F40B46DFF0DCE0D004002008000000000000000001E
:206C40000D0000023B2006404D00E05F40B46DFFFDCD0D00400200800000000000000000FF
:206C60000D0000023B3006404D00E05F40B46DFFEDCD0D00400200800000000000000000DF
:206C80000D0000023B4006404D00E05F40B46DFFDDCD0D00400200800000000000000000BF
:206CA0000D0000023B5006404D00E05F40B46DFFCDCD0D004002008000000000000000009F
:206CC0000D0000023B6006404D00E05F40B46DFFBDCD0D004002008000000000000000007F
:206CE0000D0000023B7006404D00E05F40B46DFFADCD0D004002008000000000000000005F
:206D00000D0000023B8006404D00E05F40B46DFF9DCD0D004002008000000000000000003E
:206D20000D0000023B9006404D00E05F40B46DFF8DCD0D004002008000000000000000001E
:206D40000D0000023BA006404D00E05F40B46DFF7DCD0D00400200800000000000000000FE
:206D60000D0000023BB006404D00E05F40B46DFF6DCD0D00400200800000000000000000DE
:206D80000D0000023BC006404D00E05F40B46DFF5DCD0D00400200800000000000000000BE
:206DA0000D0000023BD006404D00E05F40B46DFF4DCD0D004002008000000000000000009E
:206DC0000D0000023BE006404D00E05F40B46DFF3DCD0D004002008000000000000000007E
:206DE0000D0000023BF006404D00E05F40B46DFF2DCD0D004002008000000000000000005E
:206E00000D0000023B0007404D00E05F40B46DFF1DCD0D004002008000000000000000003C
:206E20000D0000023B1007404D00E05F40B46DFF0DCD0D004002008000000000000000001C
:206E40000D0000023B2007404D00E05F40B46DFFFDCC0D00400200800000000000000000FD
:206E60000D0000023B3007404D00E05F40B46DFFEDCC0D00400200800000000000000000DD
:206E80000D0000023B4007404D00E05F40B46DFFDDCC0D00400200800000000000000000BD
:206EA0000D0000023B5007404D00E05F40B46DFFCDCC0D004002008000000000000000009D
:206EC0000D0000023B6007404D00E05F40B46DFFBDCC0D004002008000000000000000007D
:206EE0000D0000023B7007404D00E05F40B46DFFADCC0D004002008000000000000000005D
:206F00000D0000023B8007404D00E05F40B46DFF9DCC0D004002008000000000000000003C
:206F20000D0000023B9007404D00E05F40B46DFF8DCC0D004002008000000000000000001C
:206F40000D0000023BA007404D00E05F40B46DFF7DCC0D00400200800000000000000000FC
:206F60000D0000023BB007404D00E05F40B46DFF6DCC0D00400200800000000000000000DC
:206F80000D0000023BC007404D00E05F40B46DFF5DCC0D00400200800000000000000000BC
:206FA0000D0000023BD007404D00E05F40B46DFF4DCC0D004002008000000000000000009C
:206FC0000D0000023BE007404D00E05F40B46DFF3DCC0D004002008000000000000000007C
:206FE0000D0000023BF007404D00E05F40B46DFF2DCC0D004002008000000000000000005C
:207000000D0000023B0008404D00E05F40B46DFF1DCC0D004002008000000000000000003A
:207020000D0000023B1008404D00E05F40B46DFF0DCC0D004002008000000000000000001A
:207040000D0000023B2008404D00E05F40B46DFFFDCB0D00400200800000000000000000FB
:207060000D0000023B3008404D00E05F40B46DFFEDCB0D00400200800000000000000000DB
:207080000D0000023B4008404D00E05F40B46DFFDDCB0D00400200800000000000000000BB
:2070A0000D0000023B5008404D00E05F40B46DFFCDCB0D004002008000000000000000009B
:2070C0000D0000023B6008404D00E05F40B46DFFBDCB0D004002008000000000000000007B
:2070E0000D0000023B7008404D00E05F40B46DFFADCB0D004002008000000000000000005B
:207100000D0000023B8008404D00E05F40B46DFF9DCB0D004002008000000000000000003A
:207120000D0000023B9008404D00E05F40B46DFF8DCB0D004002008000000000000000001A
:207140000D0000023BA008404D00E05F40B46DFF7DCB0D00400200800000000000000000FA
:207160000D0000023BB008404D00E05F40B46DFF6DCB0D00400200800000000000000000DA
:207180000D0000023BC008404D00E05F40B46DFF5DCB0D00400200800000000000000000BA
:2071A0000D0000023BD008404D00E05F40B46DFF4DCB0D004002008000000000000000009A
:2071C0000D0000023BE008404D00E05F40B46DFF3DCB0D004002008000000000000000007A
:2071E0000D0000023BF008404D00E05F40B46DFF2DCB0D004002008000000000000000005A
:207200000D0000023B0009404D00E05F40B46DFF1DCB0D0040020080000000000000000038
:207220000D0000023B1009404D00E05F40B46DFF0DCB0D0040020080000000000000000018
:207240000D0000023B2009404D00E05F40B46DFFFDCA0D00400200800000000000000000F9
:207260000D0000023B3009404D00E05F40B46DFFEDCA0D00400200800000000000000000D9
:207280000D0000023B4009404D00E05F40B46DFFDDCA0D00400200800000000000000000B9
:2072A0000D0000023B5009404D00E05F40B46DFFCDCA0D0040020080000000000000000099
:2072C0000D0000023B6009404D00E05F40B46DFFBDCA0D0040020080000000000000000079
:2072E0000D0000023B7009404D00E05F40B46DFFADCA0D0040020080000000000000000059
:207300000D0000023B8009404D00E05F40B46DFF9DCA0D0040020080000000000000000038
:207320000D0000023B9009404D00E05F40B46DFF8DCA0D0040020080000000000000000018
:207340000D0000023BA009404D00E05F40B46DFF7DCA0D00400200800000000000000000F8
:207360000D0000023BB009404D00E05F40B46DFF6DCA0D00400200800000000000000000D8
:207380000D0000023BC009404D00E05F40B46DFF5DCA0D00400200800000000000000000B8
:2073A0000D0000023BD009404D00E05F40B46DFF4DCA0D0040020080000000000000000098
:2073C0000D0000023BE009404D00E05F40B46DFF3DCA0D0040020080000000000000000078
:2073E0000D0000023BF009404D00E05F40B46DFF2DCA0D0040020080000000000000000058
:207400000D0000023B000A404D00E05F40B46DFF1DCA0D0040020080000000000000000036
:207420000D0000023B100A404D00E05F40B46DFF0DCA0D0040020080000000000000000016
:207440000D0000023B200A404D00E05F40B46DFFFDC90D00400200800000000000000000F7
:207460000D0000023B300A404D00E05F40B46DFFEDC90D00400200800000000000000000D7
:207480000D0000023B400A404D00E05F40B46DFFDDC90D00400200800000000000000000B7
:2074A0000D0000023B500A404D00E05F40B46DFFCDC90D0040020080000000000000000097
:2074C0000D0000023B600A404D00E05F40B46DFFBDC90D0040020080000000000000000077
:2074E0000D0000023B700A404D00E05F40B46DFFADC90D0040020080000000000000000057
:207500000D0000023B800A404D00E05F40B46DFF9DC90D0040020080000000000000000036
:207520000D0000023B900A404D00E05F40B46DFF8DC90D0040020080000000000000000016
:207540000D0000023BA00A404D00E05F40B46DFF7DC90D00400200800000000000000000F6
:207560000D0000023BB00A404D00E05F40B46DFF6DC90D00400200800000000000000000D6
:207580000D0000023BC00A404D00E05F40B46DFF5DC90D00400200800000000000000000B6
:2075A0000D0000023BD00A404D00E05F40B46DFF4DC90D0040020080000000000000000096
:2075C0000D0000023BE00A404D00E05F40B46DFF3DC90D0040020080000000000000000076
:2075E0000D0000023BF00A404D00E05F40B46DFF2DC90D0040020080000000000000000056
:207600000D0000023B000B404D00E05F40B46DFF1DC90D0040020080000000000000000034
:207620000D0000023B100B404D00E05F40B46DFF0DC90D0040020080000000000000000014
:207640000D0000023B200B404D00E05F40B46DFFFDC80D00400200800000000000000000F5
:207660000D0000023B300B404D00E05F40B46DFFEDC80D00400200800000000000000000D5
:207680000D0000023B400B404D00E05F40B46DFFDDC80D00400200800000000000000000B5
:2076A0000D0000023B500B404D00E05F40B46DFFCDC80D0040020080000000000000000095
:2076C0000D0000023B600B404D00E05F40B46DFFBDC80D0040020080000000000000000075
:2076E0000D0000023B700B404D00E05F40B46DFFADC80D0040020080000000000000000055
:207700000D0000023B800B404D00E05F40B46DFF9DC80D0040020080000000000000000034
:207720000D0000023B900B404D00E05F40B46DFF8DC80D0040020080000000000000000014
:207740000D0000023BA00B404D00E05F40B46DFF7DC80D00400200800000000000000000F4
:207760000D0000023BB00B404D00E05F40B46DFF6DC80D00400200800000000000000000D4
:207780000D0000023BC00B404D00E05F40B46DFF5DC80D00400200800000000000000000B4
:2077A0000D0000023BD00B404D00E05F40B46DFF4DC80D0040020080000000000000000094
:2077C0000D0000023BE00B404D00E05F40B46DFF3DC80D0040020080000000000000000074
:2077E0000D0000023BF00B404D00E05F40B46DFF2DC80D0040020080000000000000000054
:207800000D0000023B000C404D00E05F40B46DFF1DC80D0040020080000000000000000032
:207820000D0000023B100C404D00E05F40B46DFF0DC80D0040020080000000000000000012
:207840000D0000023B200C404D00E05F40B46DFFFDC70D00400200800000000000000000F3
:207860000D0000023B300C404D00E05F40B46DFFEDC70D00400200800000000000000000D3
:207880000D0000023B400C404D00E05F40B46DFFDDC70D00400200800000000000000000B3
:2078A0000D0000023B500C404D00E05F40B46DFFCDC70D0040020080000000000000000093
:2078C0000D0000023B600C404D00E05F40B46DFFBDC70D0040020080000000000000000073
:2078E0000D0000023B700C404D00E05F40B46DFFADC70D0040020080000000000000000053
:207900000D0000023B800C404D00E05F40B46DFF9DC70D0040020080000000000000000032
:207920000D0000023B900C404D00E05F40B46DFF8DC70D0040020080000000000000000012
:207940000D0000023BA00C404D00E05F40B46DFF7DC70D00400200800000000000000000F2
:207960000D0000023BB00C404D00E05F40B46DFF6DC70D00400200800000000000000000D2
:207980000D0000023BC00C404D00E05F40B46DFF5DC70D00400200800000000000000000B2
:2079A0000D0000023BD00C404D00E05F40B46DFF4DC70D0040020080000000000000000092
:2079C0000D0000023BE00C404D00E05F40B46DFF3DC70D0040020080000000000000000072
:2079E0000D0000023BF00C404D00E05F40B46DFF2DC70D0040020080000000000000000052
:207A00000D0000023B000D404D00E05F40B46DFF1DC70D0040020080000000000000000030
:207A20000D0000023B100D404D00E05F40B46DFF0DC70D0040020080000000000000000010
:207A40000D0000023B200D404D00E05F40B46DFFFDC60D00400200800000000000000000F1
:207A60000D0000023B300D404D00E05F40B46DFFEDC60D00400200800000000000000000D1
:207A80000D0000023B400D404D00E05F40B46DFFDDC60D00400200800000000000000000B1
:207AA0000D0000023B500D404D00E05F40B46DFFCDC60D0040020080000000000000000091
:207AC0000D0000023B600D404D00E05F40B46DFFBDC60D0040020080000000000000000071
:207AE0000D0000023B700D404D00E05F40B46DFFADC60D0040020080000000000000000051
:207B00000D0000023B800D404D00E05F40B46DFF9DC60D0040020080000000000000000030
:207B20000D0000023B900D404D00E05F40B46DFF8DC60D0040020080000000000000000010
:207B40000D0000023BA00D404D00E05F40B46DFF7DC60D00400200800000000000000000F0
:207B60000D0000023BB00D404D00E05F40B46DFF6DC60D00400200800000000000000000D0
:207B80000D0000023BC00D404D00E05F40B46DFF5DC60D00400200800000000000000000B0
:207BA0000D0000023BD00D404D00E05F40B46DFF4DC60D0040020080000000000000000090
:207BC0000D0000023BE00D404D00E05F40B46DFF3DC60D0040020080000000000000000070
:207BE0000D0000023BF00D404D00E05F40B46DFF2DC60D0040020080000000000000000050
:207C00000D0000023B000E404D00E05F40B46DFF1DC60D004002008000000000000000002E
:207C20000D0000023B100E404D00E05F40B46DFF0DC60D004002008000000000000000000E
:207C40000D0000023B200E404D00E05F40B46DFFFDC50D00400200800000000000000000EF
:207C60000D0000023B300E404D00E05F40B46DFFEDC50D00400200800000000000000000CF
:207C80000D0000023B400E404D00E05F40B46DFFDDC50D00400200800000000000000000AF
:207CA0000D0000023B500E404D00E05F40B46DFFCDC50D004002008000000000000000008F
:207CC0000D0000023B600E404D00E05F40B46DFFBDC50D004002008000000000000000006F
:207CE0000D0000023B700E404D00E05F40B46DFFADC50D004002008000000000000000004F
:207D00000D0000023B800E404D00E05F40B46DFF9DC50D004002008000000000000000002E
:207D20000D0000023B900E404D00E05F40B46DFF8DC50D004002008000000000000000000E
:207D40000D0000023BA00E404D00E05F40B46DFF7DC50D00400200800000000000000000EE
:207D60000D0000023BB00E404D00E05F40B46DFF6DC50D00400200800000000000000000CE
:207D80000D0000023BC00E404D00E05F40B46DFF5DC50D00400200800000000000000000AE
:207DA0000D0000023BD00E404D00E05F40B46DFF4DC50D004002008000000000000000008E
:207DC0000D0000023BE00E404D00E05F40B46DFF3DC50D004002008000000000000000006E
:207DE0000D0000023BF00E404D00E05F40B46DFF2DC50D004002008000000000000000004E
:207E00000D0000023B000F404D00E05F40B46DFF1DC50D004002008000000000000000002C
:207E20000D0000023B100F404D00E05F40B46DFF0DC50D004002008000000000000000000C
:207E40000D0000023B200F404D00E05F40B46DFFFDC40D00400200800000000000000000ED
:207E60000D0000023B300F404D00E05F40B46DFFEDC40D00400200800000000000000000CD
:207E80000D0000023B400F404D00E05F40B46DFFDDC40D00400200800000000000000000AD
:207EA0000D0000023B500F404D00E05F40B46DFFCDC40D004002008000000000000000008D
:207EC0000D0000023B600F404D00E05F40B46DFFBDC40D004002008000000000000000006D
:207EE0000D0000023B700F404D00E05F40B46DFFADC40D004002008000000000000000004D
:207F00000D0000023B800F404D00E05F40B46DFF9DC40D004002008000000000000000002C
:207F20000D0000023B900F404D00E05F40B46DFF8DC40D004002008000000000000000000C
:207F40000D0000023BA00F404D00E05F40B46DFF7DC40D00400200800000000000000000EC
:207F60000D0000023BB00F404D00E05F40B46DFF6DC40D00400200800000000000000000CC
:207F80000D0000023BC00F404D00E05F40B46DFF5DC40D00400200800000000000000000AC
:207FA0000D0000023BD00F404D00E05F40B46DFF4DC40D004002008000000000000000008C
:207FC0000D0000023BE00F404D00E05F40B46DFF3DC40D004002008000000000000000006C
:187FE0000D0000023BF00F404D00E05F40B46DFF2DC40D004002008054
:208000000D0000027B000040A6F4911001E8D9EE1071DC0E00000000000000000000000040
:208020000D0000027B100040A6F4911001E8D9EE1071DC0E00000000000000000000000010
:208040000D0000027B200040A6F4911001E8D9EE1071DC0E000000000000000000000000E0
:208060000D0000027B300040A6F4911001E8D9EE1071DC0E000000000000000000000000B0
:208080000D0000027B400040A6F4911001E8D9EE1071DC0E00000000000000000000000080
:2080A0000D0000027B500040A6F4911001E8D9EE1071DC0E00000000000000000000000050
:2080C0000D0000027B600040A6F4911001E8D9EE1071DC0E00000000000000000000000020
:1480E0000D0000027B700040A6F4911001E8D9EE1071DC0EFC
:02000004A0005A
:040020009D81F803C3
:02000004A00F4B
:0A400000912000E8D9EE8CE0DC0E00
:0A402000912000E8D9EEB2E0DC0EBA
:0A404000912000E8D9EEB8D0DC0EA4
:0A406000912000E8D9EEA4D0DC0E98
:0A408000912000E8D9EE90D0DC0E8C
:0A40A000912000E8D9EEBCC0DC0E50
:0A40C000912000E8D9EE86F0DC0E36
:0A40E000912000E8D9EE9EE0DC0E0E
:0A410000912000E8D9EE8CE0DC0EFF
:0A412000912000E8D9EEB2E0DC0EB9
:0A414000912000E8D9EEB8D0DC0EA3
:0A416000912000E8D9EEA4D0DC0E97
:0A418000912000E8D9EE90D0DC0E8B
:0A41A000912000E8D9EEBCC0DC0E4F
:0A41C000912000E8D9EE86F0DC0E35
:0A41E000912000E8D9EE9EE0DC0E0D
:04000005A000002037
:00000001FF
